prompt_id,row_in_dataset,word_count,response_complexity,dataset_answers,question,response,retrieval_context,bert_score,bleu_score,short_answers_score
E12217,217,14,simple,"['Jean-Henri Dunant', 'Henry Dunant', 'Henri Dunant', 'Frédéric Passy']",Who won the first nobel prize for peace?,"
Henry Dunant and Frédéric Passy won the first Nobel Prize for Peace in 1901.","
Knowledge: He was the visionary, promoter and co-founder and father of the Red Cross. In 1901, he received the first Nobel Peace Prize together with Frédéric Passy, making Dunant the first Swiss Nobel laureate.
Knowledge: He was a joint winner of the Nobel Peace Prize in 1901 for his work in the European peace movement.
Long Answer: Henry Dunant won the first Nobel Peace Prize in 1901 for creating the Red Cross along with Frédéric Passy for his work in the European peace movement.
Context: In 1901 he received the first Nobel Peace Prize together with Frédéric Passy, making Dunant the first Swiss Nobel laureate.",0.4910864233970642,0.0427180251358197,0.5
E13217,217,56,complex,"['Jean-Henri Dunant', 'Henry Dunant', 'Henri Dunant', 'Frédéric Passy']",Who won the first nobel prize for peace?,"
The inaugural Nobel Prize in the category of peace was awarded in 1901 to two illustrious individuals who garnered international recognition for their meritorious efforts in promoting global harmony and resolving conflicts through humanitarian means. These two laureates were Henri Dunant, the visionary founder of the Red Cross, and Frédéric Passy, a French economist and philanthropist.","
Knowledge: He was the visionary, promoter and co-founder and father of the Red Cross. In 1901, he received the first Nobel Peace Prize together with Frédéric Passy, making Dunant the first Swiss Nobel laureate.
Knowledge: He was a joint winner of the Nobel Peace Prize in 1901 for his work in the European peace movement.
Long Answer: Henry Dunant won the first Nobel Peace Prize in 1901 for creating the Red Cross along with Frédéric Passy for his work in the European peace movement.
Context: In 1901 he received the first Nobel Peace Prize together with Frédéric Passy, making Dunant the first Swiss Nobel laureate.",0.2010044306516647,0.0038810783697032,0.5
E12218,218,11,simple,"['Elysian Park', 'Elysian Park neighborhood', '1000 Vin Scully Avenue', 'Vin Scully Avenue']",What part of los angeles is dodger stadium in?,"
Dodger Stadium is in the Elysian Park neighborhood of Los Angeles.","
Long Answer: Dodger Stadium is located at 1000 Vin Scully Avenue in the Elysian Park neighborhood of Los Angeles.
Context: Dodger Stadium is a baseball park in the Elysian Park neighborhood of Los Angeles, California. It is the home stadium of Major League Baseball's Los Angeles Dodgers. Opened on April 10, 1962, it was constructed in less than three years at a cost of US$23 million.",0.6201035976409912,0.0932946021899707,0.5
E13218,218,52,complex,"['Elysian Park', 'Elysian Park neighborhood', '1000 Vin Scully Avenue', 'Vin Scully Avenue']",What part of los angeles is dodger stadium in?,"
Dodger Stadium is situated within the Elysian Park neighborhood of Los Angeles, a geographic entity nestled within the city's sprawling metropolis. Specifically, it is located in the southeastern quadrant of the city, proximal to the San Fernando Valley and the Verdugo Mountains, thereby affording a picturesque backdrop to the stadium's scenic surroundings.","
Long Answer: Dodger Stadium is located at 1000 Vin Scully Avenue in the Elysian Park neighborhood of Los Angeles.
Context: Dodger Stadium is a baseball park in the Elysian Park neighborhood of Los Angeles, California. It is the home stadium of Major League Baseball's Los Angeles Dodgers. Opened on April 10, 1962, it was constructed in less than three years at a cost of US$23 million.",0.0925527662038803,0.0174322285644295,0.5
E12219,219,50,simple,"['July 4, 1776', 'September 3, 1783']",When did the us break away from england?,"
The United States broke away from England in 1783. The document called the Declaration of Independence was signed on July 4, 1776. This meant that the 13 colonies, which later became the United States, decided they wanted to be their own country and were no longer a part of England.","
Knowledge: The Treaty of Paris was signed on September 3, 1783, formally ending the conflict and confirming the new nation's complete separation from the British Empire. 
Knowledge: The Declaration explained why the Thirteen Colonies at war with the Kingdom of Great Britain regarded themselves as thirteen independent sovereign states, no longer under British rule. With the Declaration, these new states took a collective first step toward forming the United States of America.
Long Answer: The United States took the first step towards gaining independence from Great Britain when the Declaration of Independence was signed on July 4, 1776. The Treaty of Paris was later signed on September 3, 1783, formally separating the United States from the British Empire.
Context: The Continental Army forced the British military out of Boston in March 1776, but the British captured New York City and its strategic harbor that summer, which they held for the duration of the war. The Royal Navy blockaded ports and captured other cities for brief periods, but they failed to destroy Washington's forces. The Patriots attempted to invade Canada during the winter of 1775–76 without success, but they captured a British army at the Battle of Saratoga in October 1777. France then entered the war as an ally of the United States with a large army and navy, and Britain refocused its war to make France the main enemy. Britain also attempted to hold the Southern states with the anticipated aid of Loyalists, and the war moved south. Charles Cornwallis captured an army at Charleston, South Carolina in early 1780, but he failed to enlist enough volunteers from Loyalist civilians to take effective control of the territory. Finally, a combined American and French force captured a second British army at Yorktown in the fall of 1781, effectively ending the war. The Treaty of Paris was signed September 3, 1783, formally ending the conflict and confirming the new nation's complete separation from the British Empire. The United States took possession of nearly all the territory east of the Mississippi River and south of the Great Lakes, with the British retaining control of Canada and Spain taking Florida.",0.418499231338501,0.0077558821966046,0.5
E13219,219,62,complex,"['July 4, 1776', 'September 3, 1783']",When did the us break away from england?,"
The severance of the United States from the British Empire was a pivotal event in American history, precipitating the transition from a subjugated territory to a sovereign nation. This formalized separation occurred on September 3, 1783, when the Treaty of Paris was signed, thereby formally ending the American Revolutionary War and validating the Continental Congress's declaration of independence on July 4, 1776.","
Knowledge: The Treaty of Paris was signed on September 3, 1783, formally ending the conflict and confirming the new nation's complete separation from the British Empire. 
Knowledge: The Declaration explained why the Thirteen Colonies at war with the Kingdom of Great Britain regarded themselves as thirteen independent sovereign states, no longer under British rule. With the Declaration, these new states took a collective first step toward forming the United States of America.
Long Answer: The United States took the first step towards gaining independence from Great Britain when the Declaration of Independence was signed on July 4, 1776. The Treaty of Paris was later signed on September 3, 1783, formally separating the United States from the British Empire.
Context: The Continental Army forced the British military out of Boston in March 1776, but the British captured New York City and its strategic harbor that summer, which they held for the duration of the war. The Royal Navy blockaded ports and captured other cities for brief periods, but they failed to destroy Washington's forces. The Patriots attempted to invade Canada during the winter of 1775–76 without success, but they captured a British army at the Battle of Saratoga in October 1777. France then entered the war as an ally of the United States with a large army and navy, and Britain refocused its war to make France the main enemy. Britain also attempted to hold the Southern states with the anticipated aid of Loyalists, and the war moved south. Charles Cornwallis captured an army at Charleston, South Carolina in early 1780, but he failed to enlist enough volunteers from Loyalist civilians to take effective control of the territory. Finally, a combined American and French force captured a second British army at Yorktown in the fall of 1781, effectively ending the war. The Treaty of Paris was signed September 3, 1783, formally ending the conflict and confirming the new nation's complete separation from the British Empire. The United States took possession of nearly all the territory east of the Mississippi River and south of the Great Lakes, with the British retaining control of Canada and Spain taking Florida.",0.3005041182041168,0.0087920732989211,1.0
E12220,220,8,simple,"['Henri', 'Jean', 'Charlotte']",Who is the head of state in luxembourg?,"
The head of state of Luxembourg is Henri.","
Long Answer: Henri has been Head of State of Luxembourg since October 7, 2000. Prior to Henri, Jean served as Head of State of Luxembourg from November 12, 1963 to October 7, 2000 and from Charlotte served as head of state in Luxembourg from January 14, 1919 to November 12, 1964. 
Context: In 1905, Grand Duke Adolphe's younger half-brother, Prince Nikolaus Wilhelm of Nassau, died, having left a son Georg Nikolaus, Count von Merenberg who was, however, the product of a morganatic marriage, and therefore not legally a member of the House of Nassau. In 1907, Adolphe's only son, William IV, Grand Duke of Luxembourg, obtained passage of a law confirming the right of his eldest daughter, Marie-Adélaïde, to succeed to the throne in virtue of the absence of any remaining dynastic males of the House of Nassau, as originally stipulated in the Nassau Family Pact. She became the grand duchy's first reigning female monarch upon her father's death in 1912, and upon her own abdication in 1919, was succeeded by her younger sister Charlotte, who married Felix of Bourbon-Parma, a prince of the former Duchy of Parma. Charlotte's descendants have since reigned as the continued dynasty of ""Nassau"", and also constitute a cadet branch of the House of Bourbon-Parma.",0.4385419487953186,0.0,0.3333333333333333
E13220,220,90,complex,"['Henri', 'Jean', 'Charlotte']",Who is the head of state in luxembourg?,"
As of my current knowledge cutoff, the head of state of Luxembourg is currently Henri, who has been reigning in an exemplary capacity since October 7, 2000. Prior to his ascension to the throne, his predecessor, Jean, held the position from November 12, 1963 to October 7, 2000. Furthermore, it is worth noting that the throne has also been occupied by a succession of illustrious monarchs, including Charlotte, who ruled from January 14, 1919 to November 12, 1964, thereby establishing a rich and storied lineage of the House of Nassau.","
Long Answer: Henri has been Head of State of Luxembourg since October 7, 2000. Prior to Henri, Jean served as Head of State of Luxembourg from November 12, 1963 to October 7, 2000 and from Charlotte served as head of state in Luxembourg from January 14, 1919 to November 12, 1964. 
Context: In 1905, Grand Duke Adolphe's younger half-brother, Prince Nikolaus Wilhelm of Nassau, died, having left a son Georg Nikolaus, Count von Merenberg who was, however, the product of a morganatic marriage, and therefore not legally a member of the House of Nassau. In 1907, Adolphe's only son, William IV, Grand Duke of Luxembourg, obtained passage of a law confirming the right of his eldest daughter, Marie-Adélaïde, to succeed to the throne in virtue of the absence of any remaining dynastic males of the House of Nassau, as originally stipulated in the Nassau Family Pact. She became the grand duchy's first reigning female monarch upon her father's death in 1912, and upon her own abdication in 1919, was succeeded by her younger sister Charlotte, who married Felix of Bourbon-Parma, a prince of the former Duchy of Parma. Charlotte's descendants have since reigned as the continued dynasty of ""Nassau"", and also constitute a cadet branch of the House of Bourbon-Parma.",0.2893026769161224,0.0,1.0
E12221,221,48,simple,"['Shelley Berman', 'Jack Grinnage', 'Chet Stratton', 'Robert McCord', 'Jeane Wood']",Twilight zone the mind and the matter cast?,"
Here is the answer:

In the TV show ""The Twilight Zone"", the cast of ""The Mind and the Matter"" includes:

1. Shelley Berman as Archibald Beechcroft
2. Jack Grinnage as Henry
3. Chet Stratton as Mr. Rogers
4. Robert McCord as Elevator Operator
5. Jeane Wood as Landlady","
Knowledge: Shelley Berman as Archibald Beechcroft
Jack Grinnage as Henry
Chet Stratton as Mr. Rogers
Robert McCord as Elevator Operator
Jeane Wood as Landlady
Knowledge: ""The Mind and the Matter"" is episode 63 of the American television anthology series The Twilight Zone. It originally aired on May 12, 1961 on CBS.
Long Answer: ""The Mind and the Matter"" is episode 63 of the American television series The Twilight Zone. Cast members include Shelley Berman as Archibald Beechcroft, Jack Grinnage as Henry, Chet Stratton as Mr. Rogers, Robert McCord as Elevator Operator and Jeane Wood as Landlady.",0.4269492328166961,0.0180890242465717,1.0
E13221,221,226,complex,"['Shelley Berman', 'Jack Grinnage', 'Chet Stratton', 'Robert McCord', 'Jeane Wood']",Twilight zone the mind and the matter cast?,"
In the paradigmatic exemplar of The Twilight Zone, the cast of the episode ""The Mind and the Matter"" is comprised of a distinguished array of individuals, each imbuing the narrative with distinctive personas and performances.

The teleplay was enacted by Shelley Berman as Archibald Beechcroft, an inimitable and perspicacious figure whose comportment and demeanor belie a complex inner life. His portrayal of the hapless Archibald is replete with wry humor, irony, and a nuanced understanding of the intricacies of human psychology.

Co-starring alongside Berman is Jack Grinnage, who assumed the role of Henry, a consummate and urbane individual whose measured and deliberate approach to life serves as a foil to Archibald's frenetic energy.

Mr. Rogers, portrayed by Chet Stratton, assumes the role of Mr. Rogers, a seemingly benign and affable individual whose seemingly tranquil facade conceals a multitude of psychological complexities.

Additionally, the role of Elevator Operator is performed by Robert McCord, whose understated yet discerning presence adds a layer of realism to the narrative.

Lastly, Jeane Wood assumes the role of the Landlady, a mysterious and enigmatic figure whose motivations and intentions remain opaque throughout the episode, much like the labyrinthine machinations of the mind.

Together, these actors collectively contribute to the rich tapestry of ""The Mind and the Matter"", weaving a complex narrative that probes the intricate and often paradoxical nature of human consciousness.","
Knowledge: Shelley Berman as Archibald Beechcroft
Jack Grinnage as Henry
Chet Stratton as Mr. Rogers
Robert McCord as Elevator Operator
Jeane Wood as Landlady
Knowledge: ""The Mind and the Matter"" is episode 63 of the American television anthology series The Twilight Zone. It originally aired on May 12, 1961 on CBS.
Long Answer: ""The Mind and the Matter"" is episode 63 of the American television series The Twilight Zone. Cast members include Shelley Berman as Archibald Beechcroft, Jack Grinnage as Henry, Chet Stratton as Mr. Rogers, Robert McCord as Elevator Operator and Jeane Wood as Landlady.",-0.1122569441795349,0.0027247147907455,1.0
E12222,222,28,simple,"['Nondisjunction', 'Meiosis II-nondisjunction']",Failure of chromosome separation during meiosis is called?,"
During meiosis, it's called ""nondisjunction"". This happens when the correct separation of chromosomes doesn't occur, and there's a mistake in the number of chromosomes in the new cells.","
Long Answer: Nondisjunction is the general term for failure of homologous chromosome separation. There are three forms of nondisjunction, including meiosis II nondisjunction.
Context: Nondisjunction is the failure of homologous chromosomes or sister chromatids to separate properly during cell division. There are three forms of nondisjunction: failure of a pair of homologous chromosomes to separate in meiosis I, failure of sister chromatids to separate during meiosis II, and failure of sister chromatids to separate during mitosis. Nondisjunction results in daughter cells with abnormal chromosome numbers (aneuploidy).
Context: Ovulated eggs become arrested in metaphase II until fertilization triggers the second meiotic division. Similar to the segregation events of mitosis, the pairs of sister chromatids resulting from the separation of bivalents in meiosis I are further separated in anaphase of meiosis II. In oocytes, one sister chromatid is segregated into the second polar body, while the other stays inside the egg. During spermatogenesis, each meiotic division is symmetric such that each primary spermatocyte gives rise to 2 secondary spermatocytes after meiosis I, and eventually 4 spermatids after meiosis II. Meiosis II-nondisjunction may also result in aneuploidy syndromes, but only to a much smaller extent than do segregation failures in meiosis I.",0.2656619846820831,0.0,0.5
E13222,222,73,complex,"['Nondisjunction', 'Meiosis II-nondisjunction']",Failure of chromosome separation during meiosis is called?,"
The phenomenon of chromosomal missegregation during meiosis is commonly referred to as nondisjunction, a type of asexually inherited condition that results in the failure of homologous chromosomes or sister chromatids to separate properly during the two stages of meiosis. This aberration can manifest in various forms, including meiosis I nondisjunction and meiosis II nondisjunction, with the latter being a critical aspect of the chromosomal missegregation process that occurs during the second meiotic division.","
Long Answer: Nondisjunction is the general term for failure of homologous chromosome separation. There are three forms of nondisjunction, including meiosis II nondisjunction.
Context: Nondisjunction is the failure of homologous chromosomes or sister chromatids to separate properly during cell division. There are three forms of nondisjunction: failure of a pair of homologous chromosomes to separate in meiosis I, failure of sister chromatids to separate during meiosis II, and failure of sister chromatids to separate during mitosis. Nondisjunction results in daughter cells with abnormal chromosome numbers (aneuploidy).
Context: Ovulated eggs become arrested in metaphase II until fertilization triggers the second meiotic division. Similar to the segregation events of mitosis, the pairs of sister chromatids resulting from the separation of bivalents in meiosis I are further separated in anaphase of meiosis II. In oocytes, one sister chromatid is segregated into the second polar body, while the other stays inside the egg. During spermatogenesis, each meiotic division is symmetric such that each primary spermatocyte gives rise to 2 secondary spermatocytes after meiosis I, and eventually 4 spermatids after meiosis II. Meiosis II-nondisjunction may also result in aneuploidy syndromes, but only to a much smaller extent than do segregation failures in meiosis I.",0.3010443150997162,0.0,0.5
E12223,223,8,simple,"['United Kingdom', 'John Harvey', 'John Vincent']",Who won the battle of stoney creek in the war of 1812?,"
The British won the Battle of Stoney Creek.","
Knowledge: The Battle of Stoney Creek was a British victory over an American force fought on 6 June 1813, during the War of 1812 near present-day Stoney Creek, Ontario. 
Long Answer: The Battle of Stoney Creek was a United Kingdom victory during The War of 1812 which was led by British commander, General John Vincent, on June 6, 1813.
Context: On 27 May, the Americans had won the Battle of Fort George, forcing the British defenders of Fort George into a hasty retreat, with heavy casualties. The British commander, Brigadier General John Vincent, gathered in all his outposts along the Niagara River, disbanded the militia contingents in his force and retreated to Burlington Heights (at the west end of Burlington Bay), with about 1,600 men in total. The Americans under the overall leadership of General Henry Dearborn, who was elderly and ill, were slow to pursue. A brigade under Brigadier General William H. Winder first followed up Vincent, but Winder decided that Vincent's forces were too strong to engage, and halted at the Forty Mile Creek. Another brigade joined him, commanded by Brigadier General John Chandler, who was the senior, and took overall command. Their combined force, numbering 3,400, advanced to Stoney Creek, where they encamped on 5 June. The two generals set up their headquarters at the Gage Farm.",0.4476898908615112,0.0,0.0
E13223,223,163,complex,"['United Kingdom', 'John Harvey', 'John Vincent']",Who won the battle of stoney creek in the war of 1812?,"
The Battle of Stoney Creek was a pivotal engagement fought on June 6, 1813, during the War of 1812 between the British forces under the command of General John Vincent and the American expeditionary force led by General Henry Dearborn. The outcome of this conflict was decidedly in favor of the British, as their strategic maneuvers and disciplined tactics proved efficacious in repelling the American incursion.

Despite being outnumbered, General Vincent's forces demonstrated notable tactical acumen, adopting a defensive posture at the Fort Erie escarpment and skillfully executing a series of maneuvers that thwarted the American advance. The American army, although initially buoyed by their earlier victories, succumbed to the superior organizational and logistical capabilities of the British forces, ultimately leading to a decisive British triumph.

The Americans' hesitation to press the attack and their failure to capitalize on their numerical superiority rendered them vulnerable to the well-coordinated British maneuvers, ultimately resulting in a decisive British victory at the Battle of Stoney Creek.","
Knowledge: The Battle of Stoney Creek was a British victory over an American force fought on 6 June 1813, during the War of 1812 near present-day Stoney Creek, Ontario. 
Long Answer: The Battle of Stoney Creek was a United Kingdom victory during The War of 1812 which was led by British commander, General John Vincent, on June 6, 1813.
Context: On 27 May, the Americans had won the Battle of Fort George, forcing the British defenders of Fort George into a hasty retreat, with heavy casualties. The British commander, Brigadier General John Vincent, gathered in all his outposts along the Niagara River, disbanded the militia contingents in his force and retreated to Burlington Heights (at the west end of Burlington Bay), with about 1,600 men in total. The Americans under the overall leadership of General Henry Dearborn, who was elderly and ill, were slow to pursue. A brigade under Brigadier General William H. Winder first followed up Vincent, but Winder decided that Vincent's forces were too strong to engage, and halted at the Forty Mile Creek. Another brigade joined him, commanded by Brigadier General John Chandler, who was the senior, and took overall command. Their combined force, numbering 3,400, advanced to Stoney Creek, where they encamped on 5 June. The two generals set up their headquarters at the Gage Farm.",0.1737611591815948,0.0023286026078936,0.3333333333333333
E12224,224,12,simple,"['Germany, Argentina', 'England, Canada', 'Germany, Nigeria', 'Japan, Spain']",Who was in the 2014 world cup final?,"
Germany played Argentina in the 2014 World Cup final. They won 1-0.","
Knowledge: Germany defeated Argentina 1–0 in extra time, with the only goal being scored by Mario Götze, who collected André Schürrle's cross from the left on his chest before volleying a high left-footed shot into the net
Knowledge: England won the final 21-9 against Canada on 17 August.[1][2]
Knowledge: Germany beat Nigeria 1–0 after extra time in the final. Germany won its third title while Nigeria lost their second final.
Knowledge: Japan beat Spain in the final 2–0, the same score the same match ended in the group stage. Japan emerged as the fourth different champion in four editions.
Long Answer: There are more than one 2014 World Cup Final Champions including Germany, who defeated Argentina in the 2014 FIFA world cup final. England who defeated Canada in the 2014 Women's rugby world cup final. Germany who defeated Nigeria in the 2014 FIFA U-20 Women's World Cup and  Japan who defeated Spain in the 2014 FIFA U-17 Women's World Cup.",0.4549562633037567,0.0170331860376392,0.0
E13224,224,68,complex,"['Germany, Argentina', 'England, Canada', 'Germany, Nigeria', 'Japan, Spain']",Who was in the 2014 world cup final?,"
The 2014 FIFA World Cup final was a pivotal event that witnessed an intriguing matchup between two prominent football nations, Germany and Argentina. Specifically, the decisive encounter took place on July 13, 2014, at the Maracanã Stadium in Rio de Janeiro, Brazil, with Germany emerging victorious, 1–0, in a thrilling extra-time encounter. The singular goal, courtesy of Mario Götze's incisive volley, marked the decisive moment in the contest.","
Knowledge: Germany defeated Argentina 1–0 in extra time, with the only goal being scored by Mario Götze, who collected André Schürrle's cross from the left on his chest before volleying a high left-footed shot into the net
Knowledge: England won the final 21-9 against Canada on 17 August.[1][2]
Knowledge: Germany beat Nigeria 1–0 after extra time in the final. Germany won its third title while Nigeria lost their second final.
Knowledge: Japan beat Spain in the final 2–0, the same score the same match ended in the group stage. Japan emerged as the fourth different champion in four editions.
Long Answer: There are more than one 2014 World Cup Final Champions including Germany, who defeated Argentina in the 2014 FIFA world cup final. England who defeated Canada in the 2014 Women's rugby world cup final. Germany who defeated Nigeria in the 2014 FIFA U-20 Women's World Cup and  Japan who defeated Spain in the 2014 FIFA U-17 Women's World Cup.",0.1300370693206787,0.0,0.0
E12225,225,9,simple,"['September 1958', 'the Lost Year']",When did little rock central high school close?,"
Little Rock Central High School closed in September 1958.","
Knowledge: This was during the period of heightened activism in the civil rights movement.[8]
Long Answer: Little Rock Central High School was forced to close in September 1958 due to heightened activism in the civil rights movement. This time was known as ""The Lost Year"".",0.5992313623428345,0.0239802967618271,0.5
E13225,225,36,complex,"['September 1958', 'the Lost Year']",When did little rock central high school close?,"
Little Rock Central High School was subject to a period of enforced closure in September 1958, precipitated by the escalation of the civil rights movement, thereby bringing about an interruption in the educational facility's operational schedule.","
Knowledge: This was during the period of heightened activism in the civil rights movement.[8]
Long Answer: Little Rock Central High School was forced to close in September 1958 due to heightened activism in the civil rights movement. This time was known as ""The Lost Year"".",0.3465113043785095,0.0061329108036808,0.5
E12226,226,12,simple,"['Qin Shi Huang', 'China', 'the Emperor']",Who ordered the terracotta army to be built?,"
The first Emperor of China ordered the Terracotta Army to be built.","
Long Answer: The first Emperor of China, Qin Shi Huang, ordered The Terracotta Army to be built. 
Context: The construction of the tomb was described by historian Sima Qian (14590 BCE) in ""Records of the Grand Historian"", the first of China's 24 dynastic histories, which was written a century after the mausoleum's completion. Work on the mausoleum began in 246 BCE soon after Emperor Qin (then aged 13) ascended the throne, and the project eventually involved 700,000 workers. Geographer Li Daoyuan, writing six centuries after the first emperor's death, recorded in ""Shui Jing Zhu"" that Mount Li was a favoured location due to its auspicious geology, ""famed for its jade mines, its northern side was rich in gold, and its southern side rich in beautiful jade; the first emperor, covetous of its fine reputation, therefore chose to be buried there"". Sima Qian wrote that the first emperor was buried with palaces, towers, officials, valuable artifacts and wondrous objects. According to this account, 100 flowing rivers were simulated using mercury, and above them the ceiling was decorated with heavenly bodies below which were the features of the land. Some translations of this passage refer to ""models"" or ""imitations""; however, those words were not used in the original text, which makes no mention of the terracotta army. High levels of mercury were found in the soil of the tomb mound, giving credence to Sima Qian's account. Later historical accounts suggested that the complex and tomb itself had been looted by Xiang Yu, a contender for the throne after the death of the first emperor. However, there are indications that the tomb itself may not have been plundered.",0.5424065589904785,0.0224169335019223,0.3333333333333333
E13226,226,108,complex,"['Qin Shi Huang', 'China', 'the Emperor']",Who ordered the terracotta army to be built?,"
The Terracotta Army, a monumental mausoleum complex situated in the Mausoleum of Qin Shi Huang, was commissioned by the inaugural Emperor of China, Qin Shi Huang, also known as the First Emperor of Qin, in 246 BCE. Under his visionary leadership, a massive undertaking was undertaken to construct an elaborate burial site, replete with various artificial features and accoutrements, which would serve as a testament to his omnipotence and legacy. The construction of the mausoleum, which would ultimately come to be renowned for its iconic Terracotta Army, was spearheaded by a workforce of approximately 700,000 laborers, whose toil and dedication would yield a masterpiece of ancient Chinese engineering.","
Long Answer: The first Emperor of China, Qin Shi Huang, ordered The Terracotta Army to be built. 
Context: The construction of the tomb was described by historian Sima Qian (14590 BCE) in ""Records of the Grand Historian"", the first of China's 24 dynastic histories, which was written a century after the mausoleum's completion. Work on the mausoleum began in 246 BCE soon after Emperor Qin (then aged 13) ascended the throne, and the project eventually involved 700,000 workers. Geographer Li Daoyuan, writing six centuries after the first emperor's death, recorded in ""Shui Jing Zhu"" that Mount Li was a favoured location due to its auspicious geology, ""famed for its jade mines, its northern side was rich in gold, and its southern side rich in beautiful jade; the first emperor, covetous of its fine reputation, therefore chose to be buried there"". Sima Qian wrote that the first emperor was buried with palaces, towers, officials, valuable artifacts and wondrous objects. According to this account, 100 flowing rivers were simulated using mercury, and above them the ceiling was decorated with heavenly bodies below which were the features of the land. Some translations of this passage refer to ""models"" or ""imitations""; however, those words were not used in the original text, which makes no mention of the terracotta army. High levels of mercury were found in the soil of the tomb mound, giving credence to Sima Qian's account. Later historical accounts suggested that the complex and tomb itself had been looted by Xiang Yu, a contender for the throne after the death of the first emperor. However, there are indications that the tomb itself may not have been plundered.",0.2312082350254058,0.004199420108286,0.6666666666666666
E12227,227,23,simple,"['Syracuse', 'Notre Dame', 'Ohio State']",Who did michigan state lose to in 2017?,"
Michigan State lost to Syracuse in the 2017 basketball tournament. 

They also lost to Notre Dame in football and Ohio State in football.","
Long Answer: Michigan State lost to Syracuse in the 2017 NCAA basketball tournament. Michigan also lost to Notre Dame in football on September 23, 2017 and to Ohio State in football on November 11, 2017. 
Context: With a win over Illinois on February 20, 2018, the Spartans secured a share of the Big Ten title, their first regular season title since 2012. On February 25, the Spartans defeated Wisconsin to win the Big Ten title outright, their first outright regular season title since 2009. It marked the Spartans eighth regular season title under Izzo. The Spartans finished the season 30–5, 16–2 in Big Ten play to win the regular season championship. As the No. 1 seed in the Big Ten Tournament, they beat Wisconsin in the quarterfinals before losing to Michigan in the semifinals. The Spartans received a bid to the NCAA Tournament, their 21st consecutive trip under Izzo, as the No. 3 seed in the Midwest region. They defeated No. 14 Bucknell in the First Round before losing to No. 11-seeded Syracuse in the Second Round. As a result, the Spartans failed to make the Sweet Sixteen for the third consecutive year, a first for the Spartans with Izzo as head coach. The 16 Big Ten wins for the Spartans marked a school record and the 30 overall wins was only the fourth time in school history that the Spartans had won at least 30 games (all under Izzo).
Context: The Spartans next welcomed rival Michigan to the Breslin Center on January 13. MSU played well in the first half, but Michigan kept the score close. In the second half, Michigan's defense continued to dominate MSU and Michigan answered every run by the Spartans. Though MSU shot a better percentage than the Wolverines, Michigan took 11 more shots, thanks in large part to MSU's 18 turnovers in the game. Nick Ward had a disappointing game, only scoring four points in 14 minutes while Cassius Winston only had two assists to go along with four turnovers. Michigan pulled away for the 82–72 win, marking MSU's second loss in the previous three games. Miles Bridges and Jaren Jackson Jr. each had 19 to lead the Spartans, but it was not enough as Michigan big man Moritz Wagner scored 27. The loss dropped MSU to 4–2 in conference and two games behind conference leaders, Purdue and Ohio State.",0.4999863803386688,0.026190877433984,1.0
E13227,227,77,complex,"['Syracuse', 'Notre Dame', 'Ohio State']",Who did michigan state lose to in 2017?,"
In the annals of 2017, Michigan State's basketball program suffered a pair of setbacks that would ultimately prove to be decisive in the NCAA Tournament. Specifically, the Spartans fell to the Syracuse Orange in the Second Round, with the 11th-seeded Orange emerging victorious by a margin of, ultimately, a trifecta of points.

Additionally, the Michigan State football team, under the guidance of head coach Mark Dantonio, was defeated by the Ohio State Buckeyes on November 11, 2017.","
Long Answer: Michigan State lost to Syracuse in the 2017 NCAA basketball tournament. Michigan also lost to Notre Dame in football on September 23, 2017 and to Ohio State in football on November 11, 2017. 
Context: With a win over Illinois on February 20, 2018, the Spartans secured a share of the Big Ten title, their first regular season title since 2012. On February 25, the Spartans defeated Wisconsin to win the Big Ten title outright, their first outright regular season title since 2009. It marked the Spartans eighth regular season title under Izzo. The Spartans finished the season 30–5, 16–2 in Big Ten play to win the regular season championship. As the No. 1 seed in the Big Ten Tournament, they beat Wisconsin in the quarterfinals before losing to Michigan in the semifinals. The Spartans received a bid to the NCAA Tournament, their 21st consecutive trip under Izzo, as the No. 3 seed in the Midwest region. They defeated No. 14 Bucknell in the First Round before losing to No. 11-seeded Syracuse in the Second Round. As a result, the Spartans failed to make the Sweet Sixteen for the third consecutive year, a first for the Spartans with Izzo as head coach. The 16 Big Ten wins for the Spartans marked a school record and the 30 overall wins was only the fourth time in school history that the Spartans had won at least 30 games (all under Izzo).
Context: The Spartans next welcomed rival Michigan to the Breslin Center on January 13. MSU played well in the first half, but Michigan kept the score close. In the second half, Michigan's defense continued to dominate MSU and Michigan answered every run by the Spartans. Though MSU shot a better percentage than the Wolverines, Michigan took 11 more shots, thanks in large part to MSU's 18 turnovers in the game. Nick Ward had a disappointing game, only scoring four points in 14 minutes while Cassius Winston only had two assists to go along with four turnovers. Michigan pulled away for the 82–72 win, marking MSU's second loss in the previous three games. Miles Bridges and Jaren Jackson Jr. each had 19 to lead the Spartans, but it was not enough as Michigan big man Moritz Wagner scored 27. The loss dropped MSU to 4–2 in conference and two games behind conference leaders, Purdue and Ohio State.",0.1123998612165451,0.0055129110915982,0.6666666666666666
E12228,228,12,simple,"['midnight', '1 July 1997']",When did great britain give back hong kong?,"
Great Britain gave Hong Kong back to China on July 1, 1997.","
Knowledge: The transfer of sovereignty over Hong Kong,[1][2][3] commonly known as the handover of Hong Kong (shortened to the Handover and the Return in mainland China), was the formal passing of responsibility for the territory of Hong Kong from the United Kingdom to the People's Republic of China at midnight on 1 July 1997.

Long Answer: The transfer of sovereignty over Hong Kong from the United Kingdom to the People's Republic of China happened at midnight on 1 July 1997.
Context: Consequently, because ceding Hong Kong came at the end of half a century of decolonisation, and because the handover meant that the United Kingdom became without significant overseas territories, dominions, or colonies for the first time in its history (Great Britain, having been bequeathed the incipient domains of its later empire by inheriting the colonial possessions of the Kingdom of England upon the passing of the Acts of Union 1707, always having been an imperial power, ab initio) the handover of Hong Kong to China is regarded by some as marking the conclusion of the British Empire, with 1 July 1997 being its end date and the handover ceremony being its last diplomatic act.",0.4421222507953644,0.0170331860376392,0.0
E13228,228,319,complex,"['midnight', '1 July 1997']",When did great britain give back hong kong?,"
The transfer of sovereignty over Hong Kong from the United Kingdom to the People's Republic of China was precipitated by a historical process that unfolded over a protracted period. Specifically, the formal relinquishment of control over the territory occurred on July 1, 1997, thereby ushering in a new era of autonomy for the Hong Kong Special Administrative Region.

This watershed moment marked the culmination of a decades-long decolonization process, wherein the British monarchy's hold on the territory gradually dissipated, culminating in the surrender of authority to the Chinese government. The handover ceremony, which served as the terminal event in the British Empire's colonial legacy, was characterized by an aura of solemnity and historical significance.

Consequently, the 1st of July 1997 is frequently regarded as a definitive date, demarcating the epoch of the British Empire's denouement and the commencement of a new era of Chinese governance. The act of cession was a culmination of the preceding 99 years of British rule, which was initially sanctioned by the Treaties of Peking in 1898, thereby marking the beginning of British colonial dominance over the territory.

Subsequently, on the eve of the transfer, a comprehensive process of preparation and transition was undertaken to ensure a seamless transfer of authority, as stipulated in the Sino-British Joint Declaration of 1984, which established the framework for the handover process. This meticulous planning and coordination facilitated a harmonious transfer of power, underscoring the international community's recognition of the significance of the event.

Ultimately, the relinquishment of Hong Kong by the United Kingdom to the People's Republic of China represents a paradigmatic shift in the global landscape, symbolizing the evolution of colonial relationships and the maturation of international diplomacy. As such, the date of July 1, 1997, stands as a testament to the culmination of a complex process, marking the end of an era and the inception of a new chapter in the annals of Hong Kong's history.","
Knowledge: The transfer of sovereignty over Hong Kong,[1][2][3] commonly known as the handover of Hong Kong (shortened to the Handover and the Return in mainland China), was the formal passing of responsibility for the territory of Hong Kong from the United Kingdom to the People's Republic of China at midnight on 1 July 1997.

Long Answer: The transfer of sovereignty over Hong Kong from the United Kingdom to the People's Republic of China happened at midnight on 1 July 1997.
Context: Consequently, because ceding Hong Kong came at the end of half a century of decolonisation, and because the handover meant that the United Kingdom became without significant overseas territories, dominions, or colonies for the first time in its history (Great Britain, having been bequeathed the incipient domains of its later empire by inheriting the colonial possessions of the Kingdom of England upon the passing of the Acts of Union 1707, always having been an imperial power, ab initio) the handover of Hong Kong to China is regarded by some as marking the conclusion of the British Empire, with 1 July 1997 being its end date and the handover ceremony being its last diplomatic act.",0.0912148877978324,0.0011844492627343,0.0
E12229,229,31,simple,"['Wat Phra Kaew', 'the ubosot of the Wat Phra Kaew temple complex', 'the Grand Palace in Bangkok', 'Temple of the Emerald Buddha', '22 March 1784']",Where is the emerald buddha located and when was it moved to this location?,"
The Emerald Buddha is in the Temple of the Emerald Buddha, which is part of the Grand Palace in Bangkok. It was moved to its home there on March 22, 1784.","
Knowledge:  It is housed in the Temple of the Emerald Buddha (Wat Phra Kaew) on the grounds of the Grand Palace in Bangkok.[1]
Long Answer: The Emerald Buddha has been in the Temple of the Emerald Buddha (Wat Phra Kaew) on the grounds of the Grand Palace in Bangkok since March 22, 1784.
Context: In 1779, the Thai General Chao Phraya Chakri put down an insurrection, captured Vientiane and took the Emerald Buddha to Siam. It was installed in a shrine close to Wat Arun in Thonburi, its new capital. Chao Phra Chakri then took over the reins and founded the Chakri Dynasty of Rattanakosin Kingdom, where he would later be titled Rama I. He shifted his capital across Chao Phraya river to its present location in Bangkok, and constructed the new Grand Palace including Wat Phra Kaew within its compound. Wat Phra Kaew was consecrated in 1784, and the Emerald Buddha was moved with great pomp and pageantry to its current home in the ""ubosot"" of the Wat Phra Kaew temple complex on 22 March 1784.",0.5052611231803894,0.1650202582005591,0.4
E13229,229,107,complex,"['Wat Phra Kaew', 'the ubosot of the Wat Phra Kaew temple complex', 'the Grand Palace in Bangkok', 'Temple of the Emerald Buddha', '22 March 1784']",Where is the emerald buddha located and when was it moved to this location?,"
The Emerald Buddha, a revered and culturally significant artifact, is presently situated within the Temple of the Emerald Buddha, colloquially referred to as Wat Phra Kaew, which is an integral component of the Grand Palace complex situated in Bangkok, Thailand. This venerable structure was consecrated in 1784, a year in which the Buddha was transplanted to its current location, amidst considerable fanfare and ceremonial pomp.

More specifically, the Emerald Buddha was relocated from its previous site within the shrine adjacent to Wat Arun in Thonburi, a erstwhile capital city, to its current residence within the ""ubosot"" of the Wat Phra Kaew temple complex on March 22, 1784.","
Knowledge:  It is housed in the Temple of the Emerald Buddha (Wat Phra Kaew) on the grounds of the Grand Palace in Bangkok.[1]
Long Answer: The Emerald Buddha has been in the Temple of the Emerald Buddha (Wat Phra Kaew) on the grounds of the Grand Palace in Bangkok since March 22, 1784.
Context: In 1779, the Thai General Chao Phraya Chakri put down an insurrection, captured Vientiane and took the Emerald Buddha to Siam. It was installed in a shrine close to Wat Arun in Thonburi, its new capital. Chao Phra Chakri then took over the reins and founded the Chakri Dynasty of Rattanakosin Kingdom, where he would later be titled Rama I. He shifted his capital across Chao Phraya river to its present location in Bangkok, and constructed the new Grand Palace including Wat Phra Kaew within its compound. Wat Phra Kaew was consecrated in 1784, and the Emerald Buddha was moved with great pomp and pageantry to its current home in the ""ubosot"" of the Wat Phra Kaew temple complex on 22 March 1784.",0.3686644732952118,0.087992578476869,0.4
E12230,230,85,simple,"['nine', 'three']",How old were olsen twins in full house?,"
The Olsen twins played the role of Michelle Tanner on Full House. They were born on June 13, 1986, and started acting at a very young age. 

To calculate their age during filming, we need to count from their birthdate to 1987. They were 6 months old when they started filming, which means they were born in 1986 and were 0.5 years old, but were considered 6 months old at the start of the show in 1987, then later on they got older through 1988","
Knowledge: In 1987, at the age of six months, the twins were cast in the role of Michelle Tanner on the ABC sitcom Full House. They began filming at nine months old
Long Answer: In 1987, at the age of six months, the twins were cast in the role of Michelle Tanner on the ABC sitcom Full House. They began filming at nine months old.
Context: Full House is an American television sitcom created by Jeff Franklin for ABC. The show chronicles the events of widowed father Danny Tanner who enlists his brother-in-law Jesse Katsopolis and best friend Joey Gladstone to help raise his three daughters, oldest D.J., middle child Stephanie and youngest Michelle in his San Francisco home. It aired from September 22, 1987 to May 23, 1995, broadcasting eight seasons and 192 episodes.",0.0939030274748802,0.0,0.0
E13230,230,109,complex,"['nine', 'three']",How old were olsen twins in full house?,"
The Olsen twins, Mary-Kate and Ashley, who portrayed the iconic role of Michelle Tanner on the popular American television sitcom Full House, were six months old when they were cast in the series in 1987. By the time the show commenced production at nine months of age, the twins had already begun to demonstrate an affinity for their role, which would eventually evolve into a defining characteristic of their public personas.

Upon further consideration, it is worth noting that the twins were indeed in the nascent stages of their career when they joined the cast of Full House, marking the beginning of a significant chapter in their professional lives.","
Knowledge: In 1987, at the age of six months, the twins were cast in the role of Michelle Tanner on the ABC sitcom Full House. They began filming at nine months old
Long Answer: In 1987, at the age of six months, the twins were cast in the role of Michelle Tanner on the ABC sitcom Full House. They began filming at nine months old.
Context: Full House is an American television sitcom created by Jeff Franklin for ABC. The show chronicles the events of widowed father Danny Tanner who enlists his brother-in-law Jesse Katsopolis and best friend Joey Gladstone to help raise his three daughters, oldest D.J., middle child Stephanie and youngest Michelle in his San Francisco home. It aired from September 22, 1987 to May 23, 1995, broadcasting eight seasons and 192 episodes.",0.13808274269104,0.0016543028803438,0.5
E12231,231,17,simple,"['Queen Matilda', 'Mary Tudor', 'Bloody Mary']",Who was the first female monarch of england?,"
Matilda was the first female monarch of England. She was queen for a little while in 1141.","
Knowledge: During the ensuing Anarchy, Matilda controlled England for a few months in 1141—the first woman to do so—but was never crowned and is rarely listed as a monarch of England.[e]
Knowledge:  Mary I was crowned on 1 October 1553.
Long Answer: Matilda controlled England for a few months in 1141—the first woman to do so—but was never crowned and is rarely listed as a monarch of England.  Mary I was crowned on 1 October 1553.",0.5130124688148499,0.0115027836199,0.0
E13231,231,270,complex,"['Queen Matilda', 'Mary Tudor', 'Bloody Mary']",Who was the first female monarch of england?,"
The designation of ""first female monarch of England"" is a topic of considerable historical significance, as it pertains to a period of time in which the notion of female sovereignty was an anomaly, and the norms of monarchical succession were not yet well-established. However, to provide an answer to your inquiry, I must clarify that the earliest recorded female ruler of England was actually Matilda, also known as Empress Matilda, who briefly exercised de facto control over the kingdom during the Anarchy of 1141. This period, sparked by the tumultuous reign of King Henry I, resulted in a series of internal conflicts and power struggles among the nobility, ultimately culminating in Matilda's claim to the throne. Notwithstanding her attempts to secure recognition and legitimacy as the rightful monarch, she was never formally crowned or acknowledged as a legitimate ruler by the English nobility or the Church, and as such, she is generally not listed among the monarchs of England in traditional historical accounts.

In stark contrast, Mary I, also known as Bloody Mary, ascended to the throne in 1553, marking the first time a female monarch was formally crowned in England. Her ascension to the throne was the result of the death of her half-sister, Queen Mary Tudor, who had previously claimed the throne. Mary I's coronation took place on 1 October 1553, at Westminster Abbey, amidst considerable controversy and opposition from the English Protestant Church, which refused to accept her authority. Nevertheless, Mary I went on to rule England for nearly a decade, implementing a series of policies aimed at restoring Catholicism and upholding the power of the monarchy.","
Knowledge: During the ensuing Anarchy, Matilda controlled England for a few months in 1141—the first woman to do so—but was never crowned and is rarely listed as a monarch of England.[e]
Knowledge:  Mary I was crowned on 1 October 1553.
Long Answer: Matilda controlled England for a few months in 1141—the first woman to do so—but was never crowned and is rarely listed as a monarch of England.  Mary I was crowned on 1 October 1553.",-0.0270918682217597,0.000871645292073,0.6666666666666666
E12232,232,10,simple,"['86', 'episode 4.14', '4.14', 'The Bowling Show', 'January 21, 1992']",When did johnny galecki first appear on roseanne?,"
Johnny Galecki first appeared on Roseanne on January 21, 1992.","
Knowledge: Galecki appeared in one episode of the 2018 revival of Roseanne on ABC.[15]
Knowledge: This episode marks the first appearance of Johnny Galecki as David (referred to as Kevin in this episode) Healey, Darlene's boyfriend and later husband, and Mark's brother.
Long Answer: Johnny Galecki first appeared on Roseanne on January 21, 1992 in episode 86. This episode marks the first appearance of Johnny Galecki as David (referred to as Kevin in this episode) Healey, Darlene's boyfriend and later husband, and Mark's brother. Galecki appeared in one more episode of the 2018 revival of Roseanne on ABC. ",0.5266258120536804,0.0446323613785333,0.2
E13232,232,56,complex,"['86', 'episode 4.14', '4.14', 'The Bowling Show', 'January 21, 1992']",When did johnny galecki first appear on roseanne?,"
Johnny Galecki initially debuted on the seminal sitcom ""Roseanne"" on January 21, 1992, in episode 86 of the series. This inaugural appearance marked the inaugural screen presence of Galecki as the role of David Healy, subsequently referred to as Kevin Healy, the long-time partner and eventual spouse of Darlene Conner, and the brother of Mark Healy.","
Knowledge: Galecki appeared in one episode of the 2018 revival of Roseanne on ABC.[15]
Knowledge: This episode marks the first appearance of Johnny Galecki as David (referred to as Kevin in this episode) Healey, Darlene's boyfriend and later husband, and Mark's brother.
Long Answer: Johnny Galecki first appeared on Roseanne on January 21, 1992 in episode 86. This episode marks the first appearance of Johnny Galecki as David (referred to as Kevin in this episode) Healey, Darlene's boyfriend and later husband, and Mark's brother. Galecki appeared in one more episode of the 2018 revival of Roseanne on ABC. ",0.3254678547382355,0.0082074814785698,0.4
E12233,233,52,simple,"['Canada', 'Saskatchewan']",Where did the 60's scoop take place?,"
The 60's scoop was a sad event that happened in Canada. It took place in many provinces, but the majority of the ""scooped"" children were taken from their homes to foster care and for adoption in the United States and Western Europe, and in some cases, also in other parts of Canada.","
Knowledge: Each province had different foster programs and adoption policies; Saskatchewan had the only targeted Indigenous transracial adoption program, the Adopt Indian Métis (AIM) Program.[5][6][2]
Long Answer: Each province had different foster programs and adoption policies; Saskatchewan, Canada had the only targeted Indigenous transracial adoption program, the Adopt Indian Métis (AIM) Program. 
Context: In Alberta, 40 to 50 percent of children in care were Aboriginal; 60 to 70 percent in Saskatchewan; and 50 to 60 percent in Manitoba. According to the Aboriginal Justice Implementation Commission, ""Johnston estimated that, across Canada, Aboriginal children were 4.5 times more likely than non-Aboriginal children to be in the care of child welfare authorities."" Similar findings have been reported by other experts.
Context: Each province had different foster programs and adoption policies. Saskatchewan had the only targeted Indigenous transracial adoption program, called Adopt Indian Métis (AIM) Program. While most ""scooped"" children were placed in foster care or for adoption in Canada, some were placed in the United States or Western Europe.",0.3046974539756775,0.0,0.5
E13233,233,70,complex,"['Canada', 'Saskatchewan']",Where did the 60's scoop take place?,"
The 60's Scoop, a phenomenon of forced assimilation and child removals, involved the placement of thousands of Indigenous children in foster care and for adoption across North America, primarily in the western provinces of Canada, as well as the United States and Western Europe.

More specifically, the majority of these children were taken from the First Nations, Métis, and Inuit communities in the western provinces of Alberta, Saskatchewan, and Manitoba.","
Knowledge: Each province had different foster programs and adoption policies; Saskatchewan had the only targeted Indigenous transracial adoption program, the Adopt Indian Métis (AIM) Program.[5][6][2]
Long Answer: Each province had different foster programs and adoption policies; Saskatchewan, Canada had the only targeted Indigenous transracial adoption program, the Adopt Indian Métis (AIM) Program. 
Context: In Alberta, 40 to 50 percent of children in care were Aboriginal; 60 to 70 percent in Saskatchewan; and 50 to 60 percent in Manitoba. According to the Aboriginal Justice Implementation Commission, ""Johnston estimated that, across Canada, Aboriginal children were 4.5 times more likely than non-Aboriginal children to be in the care of child welfare authorities."" Similar findings have been reported by other experts.
Context: Each province had different foster programs and adoption policies. Saskatchewan had the only targeted Indigenous transracial adoption program, called Adopt Indian Métis (AIM) Program. While most ""scooped"" children were placed in foster care or for adoption in Canada, some were placed in the United States or Western Europe.",0.2130028903484344,0.0,1.0
E12234,234,22,simple,"['2007 NBA Finals', 'June 7–14, 2007', 'May 31 – June 8, 2007', '2018 NBA Finals', 'June 7–14, 1995', '1995 NBA Finals']",When was the last time an nba team swept in the finals?,"
The last time an NBA team swept the finals was in 2007 when the Cleveland Cavaliers played against the San Antonio Spurs.","
Knowledge: In this best-of-seven playoff, the defending NBA champion and Western Conference champion Golden State Warriors swept the defending Eastern Conference champion Cleveland Cavaliers four games to zero. 
Knowledge: The 2018 Finals began on May 31 and ended on June 8.
Knowledge: The Spurs swept the Cavaliers 4 games to 0.
Knowledge: The best-of-seven series began on June 7, 2007, with the Western Conference champion San Antonio Spurs playing the Eastern Conference champion Cleveland Cavaliers. 
Long Answer: In the 2018 NBA finals, the Golden State Warriors swept the Cleveland Cavaliers four games to zero. The 2018 finals began on May 31 and ended on June 8. The Spurs swept the Cavaliers in the 2007 NBA finals that began on June 7, 2007. The Orlando Magic began the 1995 NBA Finals at home, hosting the defending champion Houston Rockets.
Context: The 2007 NBA Finals was the championship series of the National Basketball Association (NBA)'s 2006–07 season, and was the conclusion of the season's playoffs. The best-of-seven series was played between the Western Conference champion San Antonio Spurs and the Eastern Conference champion Cleveland Cavaliers. This was Cleveland's first trip to the NBA Finals in their franchise history and San Antonio's fourth. The Spurs swept the Cavaliers 4 games to 0. Tony Parker was named the series' MVP. The series was televised on ABC under the ESPN on ABC branding, and produced low television ratings comparing to the 2002 NBA Finals, when the Los Angeles Lakers swept the New Jersey Nets.
Context: The 2018 NBA Finals was the championship series of the National Basketball Association (NBA)'s 2017–18 season and conclusion of the season's playoffs. In this best-of-seven playoff, the defending NBA champions and Western Conference champions Golden State Warriors swept the defending Eastern Conference champions Cleveland Cavaliers four games to zero. This year's Finals was the first time in any of North America's four major professional sports leagues that the same two teams met for the championship four years in a row. This was also the first time that a team was swept in the NBA Finals since 2007, in which the Cavaliers were also the losing team. LeBron James, in his eighth consecutive NBA Finals appearance and ninth appearance overall, suffered the second Finals sweep of his career, having also played in the 2007 Finals. Warriors small forward Kevin Durant was named NBA Finals MVP for the second straight year.
Context: The Orlando Magic (making their first ever NBA Finals appearance) began the 1995 NBA Finals at home, hosting the defending champion Houston Rockets. With the Magic up 110–107 late in Game 1, Nick Anderson missed four consecutive free throws in the closing seconds of the game, and Kenny Smith hit a three-pointer, tying the game and sending it to overtime as well as setting a new record with the most three-pointers in an NBA Finals game with seven. The more experienced Rockets went on to win in overtime and eventually swept the Magic, winning their second consecutive NBA Championship. In achieving this, they earned the distinction of being the only team to win both championships during Michael Jordan's first retirement (although Jordan did return in the closing months of the 1994–95 season), as well as the only one outside Chicago to win multiple championships in the 1990s.",0.2521678507328033,0.0103312080122204,0.0
E13234,234,85,complex,"['2007 NBA Finals', 'June 7–14, 2007', 'May 31 – June 8, 2007', '2018 NBA Finals', 'June 7–14, 1995', '1995 NBA Finals']",When was the last time an nba team swept in the finals?,"
In the NBA's history, a team has been subjected to a sweep on three occasions. Notably, the most recent instance of a team being thus defeated was the Cleveland Cavaliers, who were defeated by the Golden State Warriors in the 2018 NBA Finals, thereby concluding a series of four consecutive victories against the team with which they had already faced in the previous year's championship series, thereby creating a scenario akin to a classic case of ""retaliation"" in the annals of the National Basketball Association.","
Knowledge: In this best-of-seven playoff, the defending NBA champion and Western Conference champion Golden State Warriors swept the defending Eastern Conference champion Cleveland Cavaliers four games to zero. 
Knowledge: The 2018 Finals began on May 31 and ended on June 8.
Knowledge: The Spurs swept the Cavaliers 4 games to 0.
Knowledge: The best-of-seven series began on June 7, 2007, with the Western Conference champion San Antonio Spurs playing the Eastern Conference champion Cleveland Cavaliers. 
Long Answer: In the 2018 NBA finals, the Golden State Warriors swept the Cleveland Cavaliers four games to zero. The 2018 finals began on May 31 and ended on June 8. The Spurs swept the Cavaliers in the 2007 NBA finals that began on June 7, 2007. The Orlando Magic began the 1995 NBA Finals at home, hosting the defending champion Houston Rockets.
Context: The 2007 NBA Finals was the championship series of the National Basketball Association (NBA)'s 2006–07 season, and was the conclusion of the season's playoffs. The best-of-seven series was played between the Western Conference champion San Antonio Spurs and the Eastern Conference champion Cleveland Cavaliers. This was Cleveland's first trip to the NBA Finals in their franchise history and San Antonio's fourth. The Spurs swept the Cavaliers 4 games to 0. Tony Parker was named the series' MVP. The series was televised on ABC under the ESPN on ABC branding, and produced low television ratings comparing to the 2002 NBA Finals, when the Los Angeles Lakers swept the New Jersey Nets.
Context: The 2018 NBA Finals was the championship series of the National Basketball Association (NBA)'s 2017–18 season and conclusion of the season's playoffs. In this best-of-seven playoff, the defending NBA champions and Western Conference champions Golden State Warriors swept the defending Eastern Conference champions Cleveland Cavaliers four games to zero. This year's Finals was the first time in any of North America's four major professional sports leagues that the same two teams met for the championship four years in a row. This was also the first time that a team was swept in the NBA Finals since 2007, in which the Cavaliers were also the losing team. LeBron James, in his eighth consecutive NBA Finals appearance and ninth appearance overall, suffered the second Finals sweep of his career, having also played in the 2007 Finals. Warriors small forward Kevin Durant was named NBA Finals MVP for the second straight year.
Context: The Orlando Magic (making their first ever NBA Finals appearance) began the 1995 NBA Finals at home, hosting the defending champion Houston Rockets. With the Magic up 110–107 late in Game 1, Nick Anderson missed four consecutive free throws in the closing seconds of the game, and Kenny Smith hit a three-pointer, tying the game and sending it to overtime as well as setting a new record with the most three-pointers in an NBA Finals game with seven. The more experienced Rockets went on to win in overtime and eventually swept the Magic, winning their second consecutive NBA Championship. In achieving this, they earned the distinction of being the only team to win both championships during Michael Jordan's first retirement (although Jordan did return in the closing months of the 1994–95 season), as well as the only one outside Chicago to win multiple championships in the 1990s.",0.0251285620033741,0.0045041200745882,0.1666666666666666
E12235,235,48,simple,"['Aves Island, the U.S. Virgin Islands, Puerto Rico, and Costa Rica, Cayman Islands, Tortuguero, Ascension', 'scattered throughout the entire Pacific region, Turtle Island']",Where do green sea turtles lay their eggs?,"
Green sea turtles lay their eggs on certain islands in the Caribbean Sea. They like to come onto the beaches at night and dig holes to lay their eggs. Some of these islands are Aves Island, the U.S. Virgin Islands, Puerto Rico, the Dominican Republic, and Costa Rica.","
Knowledge: Like other sea turtles, green sea turtles migrate long distances between feeding grounds and hatching beaches. Many islands worldwide are known as Turtle Island due to green sea turtles nesting on their beaches. Females crawl out on beaches, dig nests, and lay eggs during the night. 
Knowledge: In the Caribbean, major nesting sites have been identified on Aves Island, the U.S. Virgin Islands, Puerto Rico, the Dominican Republic, and Costa Rica. In recent years, there are signs of increased nesting in the Cayman Islands.[31] One of the region's most important nesting grounds is in Tortuguero in Costa Rica.[32] 
Long Answer: Green Sea Turtles lay their eggs in several areas in the Caribbean. Major nesting sites have been identified on Aves Island, the U.S. Virgin Islands, Puerto Rico, the Dominican Republic, and Costa Rica. In recent years, there are signs of increased nesting in the Cayman Islands. One of the region's most important nesting grounds is in Tortuguero in Costa Rica.",0.4947502017021179,0.1505654929068627,0.0
E13235,235,136,complex,"['Aves Island, the U.S. Virgin Islands, Puerto Rico, and Costa Rica, Cayman Islands, Tortuguero, Ascension', 'scattered throughout the entire Pacific region, Turtle Island']",Where do green sea turtles lay their eggs?,"
Green sea turtles (Chelonia mydas) exhibit a fascinating migratory behavior, wherein they lay their eggs on remote beaches located primarily in tropical and subtropical regions. Notably, these marine reptiles have been identified as nesting on the shores of numerous islands and coastal areas throughout the Caribbean Sea. Specifically, prominent nesting sites have been documented on Aves Island, the U.S. Virgin Islands, Puerto Rico, the Dominican Republic, and Costa Rica. More recently, there have been indications of an increase in nesting activity in the Cayman Islands. One of the most significant and well-documented nesting grounds in the region can be found in Tortuguero, Costa Rica. This location has been identified as a crucial site for the reproduction of green sea turtles, where they emerge from the ocean, dig complex burrows, and lay their eggs during the night.","
Knowledge: Like other sea turtles, green sea turtles migrate long distances between feeding grounds and hatching beaches. Many islands worldwide are known as Turtle Island due to green sea turtles nesting on their beaches. Females crawl out on beaches, dig nests, and lay eggs during the night. 
Knowledge: In the Caribbean, major nesting sites have been identified on Aves Island, the U.S. Virgin Islands, Puerto Rico, the Dominican Republic, and Costa Rica. In recent years, there are signs of increased nesting in the Cayman Islands.[31] One of the region's most important nesting grounds is in Tortuguero in Costa Rica.[32] 
Long Answer: Green Sea Turtles lay their eggs in several areas in the Caribbean. Major nesting sites have been identified on Aves Island, the U.S. Virgin Islands, Puerto Rico, the Dominican Republic, and Costa Rica. In recent years, there are signs of increased nesting in the Cayman Islands. One of the region's most important nesting grounds is in Tortuguero in Costa Rica.",0.3229530453681946,0.0572294404987515,0.0
E12236,236,11,simple,"['July 13, 2018', 'July 7, 2018', 'July 17, 2015', 'July 11, 2015', 'July 18, 2014', 'July 12, 2014']",When does the next set of magic come out?,"
There is no information about a future Magic set release date.","
Long Answer: Magic Origins set came out for general release on July 17, 2015 and pre-release on July 11, 2015. Magic 2015 set come out for general release on July 18, 2014 and for pre-release on July 12, 2014. Magic Core Set 2019 come out for general release on July 13, 2018 and for pre-release on July 7, 2018.",0.2567612826824188,0.0,0.0
E13236,236,206,complex,"['July 13, 2018', 'July 7, 2018', 'July 17, 2015', 'July 11, 2015', 'July 18, 2014', 'July 12, 2014']",When does the next set of magic come out?,"
The forthcoming Magic set, as of my last knowledge update, has not been officially announced by the game's manufacturer, Wizards of the Coast, although there have been periodic iterations of new sets and expansions released in the series since the initial release of the 2015 set. Notwithstanding, I can provide information on a previously released set.

As for the last set I am aware of, the Magic Core Set 2019 was released, marking the beginning of a new era for the game, featuring a substantial overhaul of the existing set of cards. However, since then, there have been numerous sets and expansions released, including the Modern Horizons set in 2019, Guilds of Ravnica in 2018, and the Ravnica Allegiance set in 2019.

Considering the release cycles of these sets, it's plausible to anticipate that the next set may be released sometime in the near future, though the exact date has not been officially confirmed. Typically, new sets are released in the summer months, based on the precedent set by the previous releases. Therefore, if a new set is imminent, it's conceivable that it might follow a similar release pattern, potentially sometime between August and October of this year, although this is purely speculative at this point.","
Long Answer: Magic Origins set came out for general release on July 17, 2015 and pre-release on July 11, 2015. Magic 2015 set come out for general release on July 18, 2014 and for pre-release on July 12, 2014. Magic Core Set 2019 come out for general release on July 13, 2018 and for pre-release on July 7, 2018.",-0.100384771823883,0.0008695872797653,0.0
E12237,237,15,simple,"['Instagram', 'Cristiano Ronaldo']",Who has the greatest number of followers on instagram?,"
Cristiano Ronaldo has the most followers on Instagram, with over 197 million people following him.","
Long Answer: The most-followed person is footballer Cristiano Ronaldo with over 197 million followers, and the most-followed woman is singer Ariana Grande with over 171 million followers. Instagram has its own brand account on the platform, and with over 327 million followers.
Context: This list contains the top 50 accounts with the most followers on the photo and video-sharing social platform Instagram. As of January 2020, the most-followed person is footballer Cristiano Ronaldo with over 197 million followers, and the most-followed woman is singer Ariana Grande with over 171 million followers. Instagram has its own brand account on the platform, and with over 327 million followers; it is the most-followed account. National Geographic is the second most-followed brand account, with over 129 million followers. A total of 18 accounts have exceeded 100 million followers on the site.",0.3679389357566833,0.0279525559635875,1.0
E13237,237,62,complex,"['Instagram', 'Cristiano Ronaldo']",Who has the greatest number of followers on instagram?,"
Based on the provided information, the individual with the greatest number of followers on Instagram is none other than Cristiano Ronaldo, a renowned footballer, who boasts an extraordinary 197 million devoted followers, surpassing the totals of numerous celebrities and notable figures. Notably, his extensive online presence demonstrates the immense appeal of his personality, athleticism, and accomplishments in the world of professional football.","
Long Answer: The most-followed person is footballer Cristiano Ronaldo with over 197 million followers, and the most-followed woman is singer Ariana Grande with over 171 million followers. Instagram has its own brand account on the platform, and with over 327 million followers.
Context: This list contains the top 50 accounts with the most followers on the photo and video-sharing social platform Instagram. As of January 2020, the most-followed person is footballer Cristiano Ronaldo with over 197 million followers, and the most-followed woman is singer Ariana Grande with over 171 million followers. Instagram has its own brand account on the platform, and with over 327 million followers; it is the most-followed account. National Geographic is the second most-followed brand account, with over 129 million followers. A total of 18 accounts have exceeded 100 million followers on the site.",0.1468861401081085,0.0034960392699031,1.0
E12238,238,8,simple,"['Kingdom of England', 'Earl Edwin of Mercia', 'Earl Morcar of Northumbria', 'King Harold Godwinson']",Who won at the battle of stamford bridge?,"
King Harold won the battle of Stamford Bridge.","
Knowledge:  Harold and his army were in York following their victory against the Norwegians at the Battle of Stamford Bridge (25 September 1066) when the news reached him.
Long Answer: Kingdom of England won the Battle at Stamford Bridge which was led by King Harold Godwinson.",0.5225991010665894,0.0650059326034369,0.0
E13238,238,214,complex,"['Kingdom of England', 'Earl Edwin of Mercia', 'Earl Morcar of Northumbria', 'King Harold Godwinson']",Who won at the battle of stamford bridge?,"
The battle that precipitated the fateful events leading to the Anglo-Saxon defeat in the subsequent English Civil War was the Battle of Stamford Bridge, which took place on September 25, 1066. This pivotal conflict was decisively won by the forces of Harold Godwinson, the King of England, who successfully repelled the encroaching Norwegian army, led by King Harald Hardrada, the ruler of Norway.

Harold's triumphant victory at Stamford Bridge was a significant milestone in the history of the Kingdom of England, as it demonstrated the stalwart defensive capabilities of the English army and secured the sovereignty of the English realm. The ensuing celebrations and festivities in York, a city that would soon become the site of Harold's subsequent demise, marked the zenith of his military successes during that period.

The significance of Harold's victory at Stamford Bridge cannot be overstated, as it precluded the possibility of the Norwegian invasion of England, which had been a pressing concern for the English monarchy. Nevertheless, the fleeting nature of military successes can often be counterbalanced by unforeseen events, and Harold's eventual downfall would ultimately lead to his defeat at the Battle of Hastings later that year. Nonetheless, the Battle of Stamford Bridge remains a testament to Harold's martial prowess and his unwavering commitment to defending his kingdom.","
Knowledge:  Harold and his army were in York following their victory against the Norwegians at the Battle of Stamford Bridge (25 September 1066) when the news reached him.
Long Answer: Kingdom of England won the Battle at Stamford Bridge which was led by King Harold Godwinson.",0.0379325076937675,0.0021045636964275,0.25
E12239,239,16,simple,"['Dana Patrick', 'Patrick', 'Lorraine Crosby', 'Mrs. Loud', 'Crosby']",I would do anything for love video actress?,"
The actress who sang in the ""I'd Do Anything for Love"" music video is Dana Patrick.","
Long Answer:  ""I'd Do Anything for Love (But I Won't Do That)"" is a 1993 song written by Jim Steinman, and recorded by Meat Loaf with Lorraine Crosby who was credited only as “Mrs. Loud” in the album notes. She does not appear in the video. Her vocals are lip-synched by Dana Patrick.
Context: The actress in the video, Dana Patrick, is miming to Crosby's vocals; she did the same for Patti Russo's vocals in the 1995 song ""I'd Lie for You (And That's the Truth)"". According to the captions aired on ""Pop-Up Video"", Patrick received several offers for record deals after the video aired, from executives who assumed she was actually singing in the video.
Context: ""I'd Do Anything for Love (But I Won't Do That)"" is a song written by Jim Steinman, and recorded by Meat Loaf with Lorraine Crosby. The song was released in 1993 as the first single from the album ""."" The last six verses feature a female singer who was credited only as ""Mrs. Loud"" in the album notes. She was later identified as Lorraine Crosby. However, she does not appear in the video, in which her vocals are lip-synched by Dana Patrick. Meat Loaf promoted the single with US vocalist Patti Russo.",0.4304884970188141,0.0123006862884637,0.4
E13239,239,101,complex,"['Dana Patrick', 'Patrick', 'Lorraine Crosby', 'Mrs. Loud', 'Crosby']",I would do anything for love video actress?,"
The actress featured in the music video for ""I'd Do Anything for Love (But I Won't Do That)"" is Dana Patrick, a talented actress who successfully replicated Lorraine Crosby's vocals in a lip-sync arrangement. Crosby, who was credited as ""Mrs. Loud"" in the album notes, unfortunately does not make an appearance in the visual component of the song, having been replaced by Patrick to fulfill the necessary requirements for the production. Notably, Patrick's likeness was assumed to be the actual singer by certain executives, leading to some lucrative opportunities and offers for recording contracts in the aftermath of the video's release.","
Long Answer:  ""I'd Do Anything for Love (But I Won't Do That)"" is a 1993 song written by Jim Steinman, and recorded by Meat Loaf with Lorraine Crosby who was credited only as “Mrs. Loud” in the album notes. She does not appear in the video. Her vocals are lip-synched by Dana Patrick.
Context: The actress in the video, Dana Patrick, is miming to Crosby's vocals; she did the same for Patti Russo's vocals in the 1995 song ""I'd Lie for You (And That's the Truth)"". According to the captions aired on ""Pop-Up Video"", Patrick received several offers for record deals after the video aired, from executives who assumed she was actually singing in the video.
Context: ""I'd Do Anything for Love (But I Won't Do That)"" is a song written by Jim Steinman, and recorded by Meat Loaf with Lorraine Crosby. The song was released in 1993 as the first single from the album ""."" The last six verses feature a female singer who was credited only as ""Mrs. Loud"" in the album notes. She was later identified as Lorraine Crosby. However, she does not appear in the video, in which her vocals are lip-synched by Dana Patrick. Meat Loaf promoted the single with US vocalist Patti Russo.",0.3251158595085144,0.0023522563665855,1.0
E12240,240,7,simple,"['Christine McVie', 'Stevie Nicks and Lindsey Buckingham', 'Shirley Eikhard', 'Stephanie Winslow']",Who sings say that you love me fleetwood mac?,"
Christine McVie sings ""Say You Love Me"".","
Long Answer: ""Say You Love Me"" is a song written by singer Christine McVie for Fleetwood Mac's 1975 self-titled album. Following Christine McVie's departure, the song was performed on Fleetwood Mac's ""Unleashed Tour"" with Stevie Nicks and Lindsey Buckingham sharing lead vocals. In the late half of the 1970s, the song proved to be a popular song to cover in country music. In the fall of 1979, singer Stephanie Winslow scored the only Top 10 country hit of her career, with her cover reaching number 10 on the country charts. In Canada, Shirley Eikhard covered ""Say You Love Me"" and released it as a single several weeks in advance of Fleetwood Mac in early June 1976.  
Context: ""Say You Love Me"" is a song written by singer Christine McVie for Fleetwood Mac's 1975 self-titled album. The song peaked at #11 on the ""Billboard"" Hot 100 for three weeks, and remains one of the band's best-known songs. Its success helped the group's eponymous 1975 album sell over eight million copies worldwide.
Context: In addition to its appearance on Fleetwood Mac's self-titled 1975 album, ""Say You Love Me"" appears on three of the group's compilation albums:"" Greatest Hits"", ""The Very Best of Fleetwood Mac"" and ""25 Years - The Chain"". Following Christine McVie's departure, the song was performed on Fleetwood Mac's ""Unleashed Tour"" with Stevie Nicks and Lindsey Buckingham sharing lead vocals.
Context: In the UK, ""Say You Love Me"" was the fourth single from the ""Fleetwood Mac"" album, but the first to chart, peaking at #40 on the UK Singles Chart in September 1976. In Canada, Shirley Eikhard covered ""Say You Love Me"" and released it as a single several weeks in advance of Fleetwood Mac in early June 1976. Eikhard took the song into the Canadian top 40, peaking at #34; Fleetwood Mac's version, released only a few weeks later, peaked at #29 in September.
Context: In the late half of the 1970s, the song proved to be a popular song to cover in country music. Singer Lynda K. Lance spent five weeks in the fall of 1976 on the American country singles chart with her version, peaking at #93. In the fall of 1979, singer Stephanie Winslow scored the only Top 10 country hit of her career, with her cover reaching number 10 on the country charts.",0.1568462997674942,0.0698534205658009,0.25
E13240,240,109,complex,"['Christine McVie', 'Stevie Nicks and Lindsey Buckingham', 'Shirley Eikhard', 'Stephanie Winslow']",Who sings say that you love me fleetwood mac?,"
""Say You Love Me"" is an iconic song written by Christine McVie for Fleetwood Mac's self-titled album released in 1975. The song has been performed by various artists, but the original version was sung by the band itself. However, in the realm of solo endeavors, Stevie Nicks and Lindsey Buckingham shared lead vocals on the ""Unleashed Tour"" following Christine McVie's departure from the group. Notably, other artists have also covered the song, including country music singer Lynda K. Lance, who charted on the American country singles chart in the late 1970s. Furthermore, Shirley Eikhard's rendition of the song was released in 1976, which reached the top 40 in Canada.","
Long Answer: ""Say You Love Me"" is a song written by singer Christine McVie for Fleetwood Mac's 1975 self-titled album. Following Christine McVie's departure, the song was performed on Fleetwood Mac's ""Unleashed Tour"" with Stevie Nicks and Lindsey Buckingham sharing lead vocals. In the late half of the 1970s, the song proved to be a popular song to cover in country music. In the fall of 1979, singer Stephanie Winslow scored the only Top 10 country hit of her career, with her cover reaching number 10 on the country charts. In Canada, Shirley Eikhard covered ""Say You Love Me"" and released it as a single several weeks in advance of Fleetwood Mac in early June 1976.  
Context: ""Say You Love Me"" is a song written by singer Christine McVie for Fleetwood Mac's 1975 self-titled album. The song peaked at #11 on the ""Billboard"" Hot 100 for three weeks, and remains one of the band's best-known songs. Its success helped the group's eponymous 1975 album sell over eight million copies worldwide.
Context: In addition to its appearance on Fleetwood Mac's self-titled 1975 album, ""Say You Love Me"" appears on three of the group's compilation albums:"" Greatest Hits"", ""The Very Best of Fleetwood Mac"" and ""25 Years - The Chain"". Following Christine McVie's departure, the song was performed on Fleetwood Mac's ""Unleashed Tour"" with Stevie Nicks and Lindsey Buckingham sharing lead vocals.
Context: In the UK, ""Say You Love Me"" was the fourth single from the ""Fleetwood Mac"" album, but the first to chart, peaking at #40 on the UK Singles Chart in September 1976. In Canada, Shirley Eikhard covered ""Say You Love Me"" and released it as a single several weeks in advance of Fleetwood Mac in early June 1976. Eikhard took the song into the Canadian top 40, peaking at #34; Fleetwood Mac's version, released only a few weeks later, peaked at #29 in September.
Context: In the late half of the 1970s, the song proved to be a popular song to cover in country music. Singer Lynda K. Lance spent five weeks in the fall of 1976 on the American country singles chart with her version, peaking at #93. In the fall of 1979, singer Stephanie Winslow scored the only Top 10 country hit of her career, with her cover reaching number 10 on the country charts.",0.3508464992046356,0.0366157417476937,0.75
E12241,241,19,simple,"['Burnett', 'Dick Burnett', 'Emry Arthur', 'Arthur', 'uncertain']",Who wrote the song man of constant sorrow?,"
It's not known who definitely wrote the song ""Man of Constant Sorrow"". The song was written by Dick Burnett.","
Long Answer: It is uncertain who definitely wrote the song ""Man of Constant Sorrow"". It was published by Dick Burnett. The song was originally titled ""Farewell Song"" in a songbook by Burnett dated to around 1913. Emry Arthur, a friend of Burnett, released a recording of the song in 1928, also claiming to have written it. Arthur titled his recording ""I Am a Man of Constant Sorrow"", the name of which it came to be more popularly known as.
Context: ""Man of Constant Sorrow"" (also known as ""I Am a Man of Constant Sorrow"") is a traditional American folk song first published by Dick Burnett, a partially blind fiddler from Kentucky. The song was originally titled ""Farewell Song"" in a songbook by Burnett dated to around 1913. An early version was recorded by Emry Arthur in 1928, which gave the song its current titles.
Context: Emry Arthur, a friend of Burnett, released a recording of the song in 1928, also claimed to have written it. Arthur titled his recording ""I Am a Man of Constant Sorrow"", the name which came to be more popularly known. The lyrics of Burnett and Arthur are very similar with minor variations. Although Burnett's version was recorded earlier in 1927, Columbia Records failed to release Burnett's recording; Arthur's single was thus the earliest recording of the song to be released, and the tune and lyrics of Arthur's version became the source from which most later versions were ultimately derived.",0.5857266783714294,0.0101824256461954,0.4
E13241,241,258,complex,"['Burnett', 'Dick Burnett', 'Emry Arthur', 'Arthur', 'uncertain']",Who wrote the song man of constant sorrow?,"
The authorship of the traditional American folk song ""Man of Constant Sorrow"" is shrouded in uncertainty, with two primary individuals, Dick Burnett and Emry Arthur, vying for credit in this regard. While Burnett's contribution to the song's origin is widely acknowledged, the question of who actually penned the lyrics and melody remains a subject of debate among scholars.

Dick Burnett, a partially blind fiddler from Kentucky, was the initial publisher of the song in a songbook dated circa 1913, where it was titled ""Farewell Song"". This early publication suggests that Burnett's composition predates Emry Arthur's subsequent recording, which, in 1928, claimed the song was written by the latter. Arthur's recording, subtitled ""I Am a Man of Constant Sorrow"", became the more widely disseminated and influential version, and its lyrics bear a striking resemblance to Burnett's original composition, albeit with some notable variations.

Despite Burnett's earlier claim of authorship, his recording was not ultimately released by Columbia Records, thereby eclipsing Arthur's single as the first commercially available version of the song. It is, therefore, essential to note that, in terms of the earliest known publication, Burnett's ""Farewell Song"" predates Arthur's ""I Am a Man of Constant Sorrow"" by approximately a year.

Ultimately, the question of who wrote the song ""Man of Constant Sorrow"" remains an open one, with both Burnett and Arthur contributing to the song's development and popularization. However, given the extant evidence, it appears that Burnett's original composition, as evidenced by the 1913 publication, laid the groundwork for the song's evolution and dissemination through Arthur's 1928 recording.","
Long Answer: It is uncertain who definitely wrote the song ""Man of Constant Sorrow"". It was published by Dick Burnett. The song was originally titled ""Farewell Song"" in a songbook by Burnett dated to around 1913. Emry Arthur, a friend of Burnett, released a recording of the song in 1928, also claiming to have written it. Arthur titled his recording ""I Am a Man of Constant Sorrow"", the name of which it came to be more popularly known as.
Context: ""Man of Constant Sorrow"" (also known as ""I Am a Man of Constant Sorrow"") is a traditional American folk song first published by Dick Burnett, a partially blind fiddler from Kentucky. The song was originally titled ""Farewell Song"" in a songbook by Burnett dated to around 1913. An early version was recorded by Emry Arthur in 1928, which gave the song its current titles.
Context: Emry Arthur, a friend of Burnett, released a recording of the song in 1928, also claimed to have written it. Arthur titled his recording ""I Am a Man of Constant Sorrow"", the name which came to be more popularly known. The lyrics of Burnett and Arthur are very similar with minor variations. Although Burnett's version was recorded earlier in 1927, Columbia Records failed to release Burnett's recording; Arthur's single was thus the earliest recording of the song to be released, and the tune and lyrics of Arthur's version became the source from which most later versions were ultimately derived.",0.2347312271595001,0.0017435393525777,1.0
E12242,242,9,simple,"['exempt from income tax', ""exempt if either spouse is aged 65 or over or reaches 65 during the year; the exemption amount is increased by €575 for each of the couple's first two dependent children and by €830 for each subsequent child"", 'flat rate of 40%', '40%']",What is the marginal rate of tax in ireland?,"
The marginal rate of tax in Ireland is 40%.","
Long Answer: A person or couple earning slightly over the limit may claim what is known as marginal relief. In this case, income over the exemption limit is charged to tax at a flat rate of 40%. A person aged 65 or over during the tax year is exempt from income tax if his or her income is under €18,000 per year. A married couple with income under €36,000 per year is also exempt if either spouse is aged 65 or over or reaches 65 during the year; the exemption amount is increased by €575 for each of the couple's first two dependent children and by €830 for each subsequent child.
Context: A person aged 65 or over during the tax year is exempt from income tax if his or her income is under €18,000 per year. A married couple with income under €36,000 per year is also exempt if either spouse is aged 65 or over or reaches 65 during the year; the exemption amount is increased by €575 for each of the couple's first two dependent children and by €830 for each subsequent child.
Context: A person or couple earning slightly over the limit may claim what is known as marginal relief. In this case, income over the exemption limit is charged to tax at a flat rate of 40%. A person or couple may choose to be taxed under marginal relief or the regular tax system, and will be granted whichever system is more beneficial, including retroactively.",0.2723952233791351,0.0603072536040776,0.25
E13242,242,253,complex,"['exempt from income tax', ""exempt if either spouse is aged 65 or over or reaches 65 during the year; the exemption amount is increased by €575 for each of the couple's first two dependent children and by €830 for each subsequent child"", 'flat rate of 40%', '40%']",What is the marginal rate of tax in ireland?,"
In the Irish tax paradigm, the marginal rate of tax is a critical metric that delineates the incremental tax rate applied to excess income exceeding the tax-exempt threshold. Specifically, a person or couple earning marginally above the exemption limit is entitled to claim marginal relief, thereby subjecting income in excess of the threshold to a flat tax rate of 40%. This pecuniary burden is in addition to the statutory exemption, which is afforded to certain categories of taxpayers, including individuals aged 65 or over and married couples whose combined income falls below a certain threshold.

Notably, the tax authority has decreed that married couples who reach the threshold of €36,000 per annum are eligible for the exemption, provided that either spouse is 65 or over during the tax year or reaches the milestone during the course of the calendar year. Furthermore, the exemption amount is augmented by €575 for each of the couple's first two dependent children, with additional €830 allocated to each subsequent child. This fiscal framework is designed to mitigate the tax burden on eligible taxpayers, thereby promoting economic well-being and family stability.

Ultimately, taxpayers are afforded a choice between the marginal relief system and the regular tax regime, with the latter affording a fixed tax rate of 40% on income exceeding the exemption threshold. Taxpayers may opt for the marginal relief system, which offers a more advantageous tax rate, or the traditional tax system, with which they will be granted a retroactive assessment, contingent upon meeting the necessary eligibility criteria.","
Long Answer: A person or couple earning slightly over the limit may claim what is known as marginal relief. In this case, income over the exemption limit is charged to tax at a flat rate of 40%. A person aged 65 or over during the tax year is exempt from income tax if his or her income is under €18,000 per year. A married couple with income under €36,000 per year is also exempt if either spouse is aged 65 or over or reaches 65 during the year; the exemption amount is increased by €575 for each of the couple's first two dependent children and by €830 for each subsequent child.
Context: A person aged 65 or over during the tax year is exempt from income tax if his or her income is under €18,000 per year. A married couple with income under €36,000 per year is also exempt if either spouse is aged 65 or over or reaches 65 during the year; the exemption amount is increased by €575 for each of the couple's first two dependent children and by €830 for each subsequent child.
Context: A person or couple earning slightly over the limit may claim what is known as marginal relief. In this case, income over the exemption limit is charged to tax at a flat rate of 40%. A person or couple may choose to be taxed under marginal relief or the regular tax system, and will be granted whichever system is more beneficial, including retroactively.",0.1950303167104721,0.0706708367845804,0.25
E12243,243,11,simple,"['July 12, 2017', 'April 15, 2018']",When does season eight of the walking dead end?,"
Season 8 of The Walking Dead ended on April 15, 2018.","
Long Answer: The last episode of season eight of The Walking Dead aired on April 15, 2018. Production for this season began on April 25, 2017 and was temporarily shut down on July 12, 2017 after stuntman John Bernecker was killed from falling more than 20 feet onto a concrete floor. 
Context: ""The Walking Dead"" was renewed by AMC for a 16-episode eighth season on October 16, 2016. Production began on April 25, 2017, in Atlanta, Georgia. On July 12, 2017, production was shut down after stuntman John Bernecker was killed, after falling more than 20 feet onto a concrete floor. Production resumed on July 17. The season premiere, which also serves as the series' milestone 100th episode, was directed by executive producer Greg Nicotero.",0.6237316727638245,0.0398635712826801,0.5
E13243,243,101,complex,"['July 12, 2017', 'April 15, 2018']",When does season eight of the walking dead end?,"
The conclusion of the eighth season of AMC's flagship series, The Walking Dead, was precipitated on April 15, 2018. This terminus marks the definitive conclusion of a 16-episode arc that commenced on April 25, 2017, following the renewal of the program by AMC on October 16, 2016. The production of this season was initially suspended on July 12, 2017, due to the tragic fatality of stuntman John Bernecker, who succumbed to injuries sustained after falling more than 20 feet onto a concrete floor. Following a brief hiatus, production resumed on July 17, 2017, allowing for the eventual completion of the season.","
Long Answer: The last episode of season eight of The Walking Dead aired on April 15, 2018. Production for this season began on April 25, 2017 and was temporarily shut down on July 12, 2017 after stuntman John Bernecker was killed from falling more than 20 feet onto a concrete floor. 
Context: ""The Walking Dead"" was renewed by AMC for a 16-episode eighth season on October 16, 2016. Production began on April 25, 2017, in Atlanta, Georgia. On July 12, 2017, production was shut down after stuntman John Bernecker was killed, after falling more than 20 feet onto a concrete floor. Production resumed on July 17. The season premiere, which also serves as the series' milestone 100th episode, was directed by executive producer Greg Nicotero.",0.4256438910961151,0.0053453584772219,1.0
E12244,244,10,simple,"['Tlacopan', 'Texcoco', 'Tenochtitlan', 'Tenochtitlan']",What was the capital city of the aztec empire?,"
The capital city of the Aztec Empire was called Tenochtitlan.","
Knowledge: The Aztec Empire, or the Triple Alliance (Classical Nahuatl: Ēxcān Tlahtōlōyān, [ˈjéːʃkaːn̥ t͡ɬaʔtoːˈlóːjaːn̥]), was an alliance of three Nahua altepetl city-states: Mexico-Tenochtitlan, Tetzcoco, and Tlacopan. These three city-states ruled that area in and around the Valley of Mexico from 1428 until the combined forces of the Spanish conquistadores and their native allies under Hernán Cortés defeated them in 1521.
Knowledge:  Despite the initial conception of the empire as an alliance of three self-governed city-states, Tenochtitlan quickly became dominant militarily.[4] By the time the Spanish arrived in 1519, the lands of the Alliance were effectively ruled from Tenochtitlan, while the other partners in the alliance had taken subsidiary roles.
Long Answer: Initially, The Aztec Empire had an alliance of three self-governed city-states including Mexico-Tenochtitlan, Tetzcoco, and Tlacopan, also known as the Triple Alliance. The Triple Alliance ruled the area in and around the Valley of Mexico. Despite the initial conception of the Triple Alliance, Tenochtitlan quickly became dominant militarily by the time the Spanish arrived in 1519.
Context: The Spaniards and their allies, realizing they were vulnerable to the hostile Mexica in Tenochtitlan following Moctezuma's death, attempted to retreat without detection in what is known as the ""Sad Night"" or La Noche Triste. Spaniards and their Indian allies were discovered clandestinely retreating, and then were forced to fight their way out of the city, with heavy loss of life. Some Spaniards lost their lives by drowning, loaded down with gold. They retreated to Tlacopan (now Tacuba) and made their way to Tlaxcala, where they recovered and prepared for the second, successful assault on Tenochtitlan. After this incident, a smallpox outbreak hit Tenochtitlan. As the indigenous of the New World had no previous exposure to smallpox, this outbreak alone killed more than 50% of the region's population, including the emperor, Cuitlahuac. While the new emperor Cuauhtémoc dealt with the smallpox outbreak, Cortés raised an army of Tlaxcalans, Texcocans, Totonacs, and others discontent with Aztec rule. With a combined army of up to 100,000 warriors, the overwhelming majority of which were indigenous rather than Spanish, Cortés marched back into the Basin of Mexico. Through numerous subsequent battles and skirmishes, he captured the various indigenous city-states or altepetl around the lake shore and surrounding mountains, including the other capitals of the Triple Alliance, Tlacopan and Texcoco. Texcoco in fact had already become firm allies of the Spaniards and the city-state, and subsequently petitioned the Spanish crown for recognition of their services in the conquest, just as Tlaxcala had done.
Context: Traditionally, provinces and altepetl were governed by hereditary tlatoani. As the empire grew, the system evolved further and some tlatoani were replaced by other officials. The other officials had similar authority to tlatoani. As has already been mentioned, directly appointed stewards (singular ""calpixqui"", plural ""calpixque"") were sometimes imposed on altepetl instead of the selection of provincial nobility to the same position of tlatoani. At the height of empire, the organization of the state into tributary and strategic provinces saw an elaboration of this system. The 38 tributary provinces fell under the supervision of high stewards, or ""huecalpixque"", whose authority extended over the lower-ranking calpixque. These calpixque and huecalpixque were essentially managers of the provincial tribute system which was overseen and coordinated in the paramount capital of Tenochtitlan not by the ""huetlatoani"", but rather by a separate position altogether: the ""petlacalcatl"". On the occasion that a recently conquered altepetl was seen as particularly restive, a military governor, or ""cuauhtlatoani"", was placed at the head of provincial supervision. During the reign of Moctezuma I, the calpixque system was elaborated, with two calpixque assigned per tributary province. One was stationed in the province itself, perhaps for supervising the collection of tribute, and the other in Tenochtitlan, perhaps for supervising storage of tribute. Tribute was drawn from commoners, the ""macehualtin"", and distributed to the nobility, be they 'kings' (""tlatoque""), lesser rulers (""teteuctin""), or provincial nobility (""pipiltin"").",0.3313004672527313,0.0,0.3333333333333333
E13244,244,103,complex,"['Tlacopan', 'Texcoco', 'Tenochtitlan', 'Tenochtitlan']",What was the capital city of the aztec empire?,"
The capital city of the Aztec Empire was Mexico-Tenochtitlan, a paramount city situated on the shores of Lake Texcoco, which played a central role in the imperial administration, politics, and culture of the Triple Alliance. The metropolis served as the epicenter of the empire's military, economic, and symbolic power, boasting a population of over 150,000 inhabitants at the time of the Spanish conquest. This cosmopolitan city was renowned for its majesty, architectural grandeur, and sophisticated urban planning, featuring impressive civic structures, including the Templo Mayor, the Great Market, and the Grand Plaza, which showcased the empire's mastery of engineering, artistry, and engineering prowess.","
Knowledge: The Aztec Empire, or the Triple Alliance (Classical Nahuatl: Ēxcān Tlahtōlōyān, [ˈjéːʃkaːn̥ t͡ɬaʔtoːˈlóːjaːn̥]), was an alliance of three Nahua altepetl city-states: Mexico-Tenochtitlan, Tetzcoco, and Tlacopan. These three city-states ruled that area in and around the Valley of Mexico from 1428 until the combined forces of the Spanish conquistadores and their native allies under Hernán Cortés defeated them in 1521.
Knowledge:  Despite the initial conception of the empire as an alliance of three self-governed city-states, Tenochtitlan quickly became dominant militarily.[4] By the time the Spanish arrived in 1519, the lands of the Alliance were effectively ruled from Tenochtitlan, while the other partners in the alliance had taken subsidiary roles.
Long Answer: Initially, The Aztec Empire had an alliance of three self-governed city-states including Mexico-Tenochtitlan, Tetzcoco, and Tlacopan, also known as the Triple Alliance. The Triple Alliance ruled the area in and around the Valley of Mexico. Despite the initial conception of the Triple Alliance, Tenochtitlan quickly became dominant militarily by the time the Spanish arrived in 1519.
Context: The Spaniards and their allies, realizing they were vulnerable to the hostile Mexica in Tenochtitlan following Moctezuma's death, attempted to retreat without detection in what is known as the ""Sad Night"" or La Noche Triste. Spaniards and their Indian allies were discovered clandestinely retreating, and then were forced to fight their way out of the city, with heavy loss of life. Some Spaniards lost their lives by drowning, loaded down with gold. They retreated to Tlacopan (now Tacuba) and made their way to Tlaxcala, where they recovered and prepared for the second, successful assault on Tenochtitlan. After this incident, a smallpox outbreak hit Tenochtitlan. As the indigenous of the New World had no previous exposure to smallpox, this outbreak alone killed more than 50% of the region's population, including the emperor, Cuitlahuac. While the new emperor Cuauhtémoc dealt with the smallpox outbreak, Cortés raised an army of Tlaxcalans, Texcocans, Totonacs, and others discontent with Aztec rule. With a combined army of up to 100,000 warriors, the overwhelming majority of which were indigenous rather than Spanish, Cortés marched back into the Basin of Mexico. Through numerous subsequent battles and skirmishes, he captured the various indigenous city-states or altepetl around the lake shore and surrounding mountains, including the other capitals of the Triple Alliance, Tlacopan and Texcoco. Texcoco in fact had already become firm allies of the Spaniards and the city-state, and subsequently petitioned the Spanish crown for recognition of their services in the conquest, just as Tlaxcala had done.
Context: Traditionally, provinces and altepetl were governed by hereditary tlatoani. As the empire grew, the system evolved further and some tlatoani were replaced by other officials. The other officials had similar authority to tlatoani. As has already been mentioned, directly appointed stewards (singular ""calpixqui"", plural ""calpixque"") were sometimes imposed on altepetl instead of the selection of provincial nobility to the same position of tlatoani. At the height of empire, the organization of the state into tributary and strategic provinces saw an elaboration of this system. The 38 tributary provinces fell under the supervision of high stewards, or ""huecalpixque"", whose authority extended over the lower-ranking calpixque. These calpixque and huecalpixque were essentially managers of the provincial tribute system which was overseen and coordinated in the paramount capital of Tenochtitlan not by the ""huetlatoani"", but rather by a separate position altogether: the ""petlacalcatl"". On the occasion that a recently conquered altepetl was seen as particularly restive, a military governor, or ""cuauhtlatoani"", was placed at the head of provincial supervision. During the reign of Moctezuma I, the calpixque system was elaborated, with two calpixque assigned per tributary province. One was stationed in the province itself, perhaps for supervising the collection of tribute, and the other in Tenochtitlan, perhaps for supervising storage of tribute. Tribute was drawn from commoners, the ""macehualtin"", and distributed to the nobility, be they 'kings' (""tlatoque""), lesser rulers (""teteuctin""), or provincial nobility (""pipiltin"").",0.0376859419047832,0.0,0.6666666666666666
E12245,245,25,simple,"['Archduke Franz Ferdinand', 'Archduke Karl']",Who was the heir apparent of the austro-hungarian empire in 1914?,"
In 1914, the person who would have been the king of the Austro-Hungarian Empire was Archduke Karl. He was the brother of Archduke Franz Ferdinand.","
Knowledge: Archduke Franz Ferdinand Carl Ludwig Joseph Maria of Austria (18 December 1863 – 28 June 1914) was the heir presumptive to the throne of Austria-Hungary.
Knowledge: The son of Archduke Otto of Austria and Princess Maria Josepha of Saxony, Charles became heir presumptive of Emperor Franz Joseph after his uncle Archduke Franz Ferdinand of Austria was assassinated in 1914.
Long Answer: Archduke Franz Ferdinand was the heir presumptive to the Austro-Hungarian Empire. Archduke Karl, also known as Charles I of Austria, became heir presumptive of Emperor Franz Joseph after his uncle, Archduke Franz Ferdinand, was assassinated on June 28, 1914. ",0.4258971810340881,0.0160207209940649,1.0
E13245,245,32,complex,"['Archduke Franz Ferdinand', 'Archduke Karl']",Who was the heir apparent of the austro-hungarian empire in 1914?,"
In 1914, the position of heir apparent to the Austro-Hungarian Empire was occupied by Archduke Franz Ferdinand's successor, Archduke Karl Ludwig Joseph Maria of Austria, commonly known as Charles I of Austria.","
Knowledge: Archduke Franz Ferdinand Carl Ludwig Joseph Maria of Austria (18 December 1863 – 28 June 1914) was the heir presumptive to the throne of Austria-Hungary.
Knowledge: The son of Archduke Otto of Austria and Princess Maria Josepha of Saxony, Charles became heir presumptive of Emperor Franz Joseph after his uncle Archduke Franz Ferdinand of Austria was assassinated in 1914.
Long Answer: Archduke Franz Ferdinand was the heir presumptive to the Austro-Hungarian Empire. Archduke Karl, also known as Charles I of Austria, became heir presumptive of Emperor Franz Joseph after his uncle, Archduke Franz Ferdinand, was assassinated on June 28, 1914. ",0.5061430335044861,0.0162379081844127,1.0
E12246,246,18,simple,"['Simon Cowell', 'Richard Page', 'Per Magnusson', 'David Kreuger', 'Simon Cowell, David Kreuger, Per Magnusson, and Richard Page', 'Gary Garcia', 'Jerry Buckner and Gary Garcia', 'Jerry Buckner', 'Gwynn Elias', 'Irving Reid', 'Gwynn Elias & Irving Reid']",Who wrote the song footprints in the sand?,"
The song ""Footprints in the Sand"" was written by three people:

Simon Cowell, David Kreuger, and Per Magnusson.","
Knowledge: On 29 January 2008, Lewis announced on her website that ""Footprints in the Sand"", along with ""Better in Time"", would be released as a double A-side.[13
Long Answer: There are several songs titled Footprints in the Sand. The most recent ""Footprints in the Sand"" was written by Simon Cowell, David Kreuger, Per Magnusson and Richard Page. Simon Cowell originally came up with the idea to base a song around the Christian poem ""Footprints"", and suggested it to David Kreuger and Per Magnusson. They had a scheduled session in Richard Page's home in Malibu, California and finished the song the next day. It was recorded in 2007 and released on January 29, 2008. There is also a 1980 song titled “Footprints in the Sand” by Edgel Groves based on the same poem. The song became a one hit wonder for Groves. It was written by Jerry Buckner and Gary Garcia. There is another song titled ""Footprints in the sand"" which was released in 1961 and written by Gwynn Elias & Irving Reid and was recorded by Garry Mills.
Context: ""Footprints in the Sand"" was written by Simon Cowell, David Kreuger, Per Magnusson and Richard Page, whilst the production was helmed by Steve Mac. It was recorded in 2007 at Rokstone Studios in London, England. Cowell originally came up with the idea to base a song around the Christian poem ""Footprints"", and suggested it to Kreuger and Magnusson. They had a scheduled session in Page's home in Malibu, California and finished the song the next day. Cowell secured a songwriting credit for coming up with the idea. In an interview with HitQuarters, Magnusson said they had thought the song would be a good idea for Irish boy band Westlife, but it was offered to British singer Leona Lewis instead. When Cowell mentioned the song concept to Lewis, she agreed that it could be ""really quite interesting"". Regarding the song, Lewis commented: ""Originally it was a poem; it's very inspirational so we put it into a song. I think it is very moving, with a very emotional lyric and I really love to sing this song""; and added that the poem ""[is] about standing by someone and being there for people who need your help.""
Context: ""Footprints in the Sand"" is a 1980 song by Edgel Groves based on the anonymous poem ""Footprints in the Sand"". The song, which became a one hit wonder for Groves, was written by Jerry Buckner and Gary Garcia of Buckner & Garcia. The song begins with female chorus ""Footprints in the sand, he held me in his hand, and gave me strength to face the coming day..."", then enters into Groves' reading of the poem ""Last night I had a dream..."" The B-side is an instrumental version of the song with narration of the poem by disc jockey Johnny Dark.
Context: The song has no relation to a 1961 song ""Footprints In The Sand"" written by Gwynn Elias & Irving Reid which was recorded by Garry Mills, which begins ""I was to meet my baby"", and then by The Marcels with the refrain ""I saw those footprints in the sand, of a woman and a man."".",0.2186310440301895,0.1487964117124549,0.2727272727272727
E13246,246,179,complex,"['Simon Cowell', 'Richard Page', 'Per Magnusson', 'David Kreuger', 'Simon Cowell, David Kreuger, Per Magnusson, and Richard Page', 'Gary Garcia', 'Jerry Buckner and Gary Garcia', 'Jerry Buckner', 'Gwynn Elias', 'Irving Reid', 'Gwynn Elias & Irving Reid']",Who wrote the song footprints in the sand?,"
The song ""Footprints in the Sand"" has undergone various permutations and interpretations over the years, with distinct authors contributing to its creation. Notably, the most recent iteration of the song, released in 2008, was penned by a triumvirate of Simon Cowell, David Kreuger, and Per Magnusson, with additional compositional input from Richard Page. This version was recorded in 2007 and was a collaborative effort within the realm of pop music.

In contrast, an earlier rendition of the song, recorded in 1980, was authored by the esteemed duo of Jerry Buckner and Gary Garcia, under the moniker Buckner & Garcia. This song, a poignant and emotive composition, took inspiration from the anonymous Christian poem ""Footprints in the Sand."" Moreover, a 1961 rendition of the song, ""Footprints In The Sand,"" was written by the duo Gwynn Elias and Irving Reid, and recorded by the enigmatic Garry Mills.

It is essential to acknowledge the distinct creative visions and literary influences that underpin each iteration of the song, and to recognize the authors' contributions to the multifaceted narrative of ""Footprints in the Sand.""","
Knowledge: On 29 January 2008, Lewis announced on her website that ""Footprints in the Sand"", along with ""Better in Time"", would be released as a double A-side.[13
Long Answer: There are several songs titled Footprints in the Sand. The most recent ""Footprints in the Sand"" was written by Simon Cowell, David Kreuger, Per Magnusson and Richard Page. Simon Cowell originally came up with the idea to base a song around the Christian poem ""Footprints"", and suggested it to David Kreuger and Per Magnusson. They had a scheduled session in Richard Page's home in Malibu, California and finished the song the next day. It was recorded in 2007 and released on January 29, 2008. There is also a 1980 song titled “Footprints in the Sand” by Edgel Groves based on the same poem. The song became a one hit wonder for Groves. It was written by Jerry Buckner and Gary Garcia. There is another song titled ""Footprints in the sand"" which was released in 1961 and written by Gwynn Elias & Irving Reid and was recorded by Garry Mills.
Context: ""Footprints in the Sand"" was written by Simon Cowell, David Kreuger, Per Magnusson and Richard Page, whilst the production was helmed by Steve Mac. It was recorded in 2007 at Rokstone Studios in London, England. Cowell originally came up with the idea to base a song around the Christian poem ""Footprints"", and suggested it to Kreuger and Magnusson. They had a scheduled session in Page's home in Malibu, California and finished the song the next day. Cowell secured a songwriting credit for coming up with the idea. In an interview with HitQuarters, Magnusson said they had thought the song would be a good idea for Irish boy band Westlife, but it was offered to British singer Leona Lewis instead. When Cowell mentioned the song concept to Lewis, she agreed that it could be ""really quite interesting"". Regarding the song, Lewis commented: ""Originally it was a poem; it's very inspirational so we put it into a song. I think it is very moving, with a very emotional lyric and I really love to sing this song""; and added that the poem ""[is] about standing by someone and being there for people who need your help.""
Context: ""Footprints in the Sand"" is a 1980 song by Edgel Groves based on the anonymous poem ""Footprints in the Sand"". The song, which became a one hit wonder for Groves, was written by Jerry Buckner and Gary Garcia of Buckner & Garcia. The song begins with female chorus ""Footprints in the sand, he held me in his hand, and gave me strength to face the coming day..."", then enters into Groves' reading of the poem ""Last night I had a dream..."" The B-side is an instrumental version of the song with narration of the poem by disc jockey Johnny Dark.
Context: The song has no relation to a 1961 song ""Footprints In The Sand"" written by Gwynn Elias & Irving Reid which was recorded by Garry Mills, which begins ""I was to meet my baby"", and then by The Marcels with the refrain ""I saw those footprints in the sand, of a woman and a man."".",0.1917478889226913,0.0313601453125162,0.8181818181818182
E12247,247,33,simple,"['Mark', 'Darcy', 'Mark Darcy', 'Firth', 'Colin Andrew Firth', 'Colin Firth']",Who does bridget end up with in bridget jones baby?,"
Bridget Jones ends up with neither of the two fathers, Jack and Mark, but rather with the father of her baby, which is also Jack, and she is not even married to Mark.","
Knowledge: A year later, Bridget is walking down the aisle at her own wedding to Mark where it is revealed he is the father of Bridget's baby.
Knowledge: However, it's a bumpy road to the birth as Bridget must deduce which of her two recent loves is the father, reserved lawyer Mark Darcy (Colin Firth, also reprising his role) or charming mathematician Jack Qwant (Patrick Dempsey), all while trying to hide one from the other.[3] 
Long Answer: Bridget Jones Baby ends with Bridget walking down the aisle at her own wedding to Mark Darcy, played by Colin Firth, where it's revealed that he is the father of Bridget's Baby.",0.2395828813314438,0.0,0.1666666666666666
E13247,247,329,complex,"['Mark', 'Darcy', 'Mark Darcy', 'Firth', 'Colin Andrew Firth', 'Colin Firth']",Who does bridget end up with in bridget jones baby?,"
Upon examination of the narrative arc of Bridget Jones's Baby, it becomes evident that Bridget ultimately chooses to rekindle her romantic relationship with Mark Darcy, as embodied by the inimitable Colin Firth. This decision is precipitated by a convergence of circumstances that necessitate her reconciliation with the erstwhile object of her affections, rather than pursuing a potential partnership with Jack Qwant, exemplified by the affable Patrick Dempsey.

Through a series of events, marked by introspection, self-awareness, and a measure of pragmatic pragmatism, Bridget comes to realize that her relationship with Mark Darcy, while imperfect, possesses a level of stability, security, and emotional resonance that is conducive to the requirements of co-parenting and matrimony. Conversely, her involvement with Jack Qwant, though characterized by a sense of intellectual curiosity and spontaneity, proves to be ephemeral and lacks the depth and commitment that Bridget requires to build a fulfilling life.

Furthermore, the decision to recommit to Mark Darcy is facilitated by his paternal revelation regarding the paternity of her child, which, while initially jarring, ultimately underscores his capacity for vulnerability, love, and a willingness to assume the responsibilities of parenthood. This display of paternal affection serves to rekindle Bridget's emotional attachment to Mark, as she comes to appreciate the value of their relationship and the potential for growth and mutual support that it offers.

In contradistinction, Bridget's dalliance with Jack Qwant, although marked by a degree of emotional intensity and a sense of liberation, ultimately proves to be inconclusive and lacking in substance. His inability to demonstrate a similar level of emotional investment and commitment to the future, as well as his propensity for flightiness, render him an unsuitable partner for Bridget, whose needs for a stable and loving relationship are more clearly met by Mark Darcy.

Therefore, through a process of rational evaluation and emotional introspection, Bridget decisively chooses Mark Darcy as the suitable partner for herself and their child, marking a definitive turning point in the narrative of the novel.","
Knowledge: A year later, Bridget is walking down the aisle at her own wedding to Mark where it is revealed he is the father of Bridget's baby.
Knowledge: However, it's a bumpy road to the birth as Bridget must deduce which of her two recent loves is the father, reserved lawyer Mark Darcy (Colin Firth, also reprising his role) or charming mathematician Jack Qwant (Patrick Dempsey), all while trying to hide one from the other.[3] 
Long Answer: Bridget Jones Baby ends with Bridget walking down the aisle at her own wedding to Mark Darcy, played by Colin Firth, where it's revealed that he is the father of Bridget's Baby.",-0.13438181579113,0.0012707834204705,0.8333333333333334
E12248,248,25,simple,"['633', 'May 634']",When did muslim armies invade syria and iraq?,"
Muslim armies invaded Syria and Iraq a long time ago. 

In 634, they went to Syria. Later, in 633 and 634, they went to Iraq.","
Knowledge: Arab Muslims first attacked Sassanid territory in 633, when Khalid ibn al-Walid invaded Mesopotamia (then known as the Sassanid province of Asōristān; roughly corresponding to modern-day Iraq), which was the political and economic centre of the Sassanid state.[4]
Knowledge:  Arab Muslim forces had appeared on the southern borders even before the death of Muhammad in 632, resulting in the Battle of Mu'tah in 629, but the real conquest began in 634 under his successors, the Rashidun Caliphs Abu Bakr and Umar ibn Khattab, with Khalid ibn al-Walid as their most important military leader.[1]
Knowledge: Khalid ibn al-Walid ibn al-Mughira al-Makhzumi (Arabic: خالد بن الوليد بن المغيرة المخزومي‎, romanized: Khālid ibn al-Walīd ibn al-Mughīra al-Makhzūmī; died 642) was an Arab Muslim commander in the service of the Islamic prophet Muhammad and the caliphs Abu Bakr (r. 632–634) and Umar (r. 634–644) who played a leading role in the Ridda wars against rebel tribes in Arabia in 632–633 and the early Muslim conquests of Sasanian Iraq in 633–634 and Byzantine Syria in 634–638.
Long Answer: Muslim armies led by general Khalid ibn al-Walid first attacked Mesopotamia which is now known as modern-day Iraq in 633. Muslim forces later invaded Byzantine Syria in May 634.   ",0.2727482616901397,0.0075757312251589,0.5
E13248,248,292,complex,"['633', 'May 634']",When did muslim armies invade syria and iraq?,"
The initiation of the Muslim armies' incursion into the territories of Byzantine Syria and Sassanid Iraq, subsequently equivalent to modern-day Iraq, is a pivotal event in the annals of Islamic conquest. Specifically, the campaigns commenced in 634 CE, a year marked by the ascendancy of Khalid ibn al-Walid, a renowned military commander and stalwart adherent of the Prophet Muhammad, as the commander-in-chief of the Rashidun Caliphs Abu Bakr and Umar ibn Khattab.

The earliest incursion into the region, as per historical records, occurred in 633 CE, when Muslim armies led by Khalid ibn al-Walid attacked the Sassanid province of Mesopotamia, situated in the heart of what is now modern-day Iraq. This strategic offensive was a masterstroke in the Islamic conquest of the region, as it facilitated the eventual extension of Muslim dominion over the adjacent territories.

The subsequent military campaigns in 634 CE, spearheaded by Khalid ibn al-Walid's forces, led to the conquest of the Byzantine province of Syria. The region, which was previously a bastion of Christian dominance, succumbed to the Muslim army's might, paving the way for the expansion of the Islamic caliphate.

In the spring of 634 CE, the Muslim legions, under the skilled leadership of Khalid ibn al-Walid, advanced upon the Byzantine stronghold of Syria, ultimately breaching the boundaries of the empire and securing a decisive victory. This marked a turning point in the history of the region, as it heralded the emergence of Islam as a dominant force in the Middle East.

The ensuing campaigns and the subsequent establishment of Muslim rule in the region would prove instrumental in shaping the trajectory of Islamic history, as the caliphate's expansion would go on to have far-reaching implications for the political, social, and cultural landscape of the ancient world.","
Knowledge: Arab Muslims first attacked Sassanid territory in 633, when Khalid ibn al-Walid invaded Mesopotamia (then known as the Sassanid province of Asōristān; roughly corresponding to modern-day Iraq), which was the political and economic centre of the Sassanid state.[4]
Knowledge:  Arab Muslim forces had appeared on the southern borders even before the death of Muhammad in 632, resulting in the Battle of Mu'tah in 629, but the real conquest began in 634 under his successors, the Rashidun Caliphs Abu Bakr and Umar ibn Khattab, with Khalid ibn al-Walid as their most important military leader.[1]
Knowledge: Khalid ibn al-Walid ibn al-Mughira al-Makhzumi (Arabic: خالد بن الوليد بن المغيرة المخزومي‎, romanized: Khālid ibn al-Walīd ibn al-Mughīra al-Makhzūmī; died 642) was an Arab Muslim commander in the service of the Islamic prophet Muhammad and the caliphs Abu Bakr (r. 632–634) and Umar (r. 634–644) who played a leading role in the Ridda wars against rebel tribes in Arabia in 632–633 and the early Muslim conquests of Sasanian Iraq in 633–634 and Byzantine Syria in 634–638.
Long Answer: Muslim armies led by general Khalid ibn al-Walid first attacked Mesopotamia which is now known as modern-day Iraq in 633. Muslim forces later invaded Byzantine Syria in May 634.   ",0.1454637199640274,0.0007279718378857,0.5
E12249,249,5,simple,"['Jack Hodgins', 'Thomas Joseph Thyne', 'T. J. Thyne']",Bones who is the father of angela's baby?,"
Jack Hodgins is Angela's husband.","
Knowledge: 
Upon their return from their honeymoon in Paris, it is revealed that they are expecting their first child, who will be named Temperance, if it's a girl, after Dr. Brennan.[28]
Knowledge: Jonathan ""Jack"" Stanley Hodgins IV, Ph.D.[3] is a character in the American television series, Bones. He is portrayed by T. J. Thyne. 
Long Answer: Jack Hodgins, portrayed by Thomas Joseph Thyne or T.J. Thyne, is the husband to Angela and father of Angela's first child in the American television show, Bones. 
Context: Throughout the series, Angela Montenegro is described as a ""free spirit"", ""good-time girl"" and is a ""wild-child"" at heart. She is shown to be more socially ""normal"" than her coworkers at the Jeffersonian, and seems to not consider herself a scientist like the other ""squints"", instead on multiple occasions referencing facial reconstruction as an ""art"". In one episode, the character Jack Hodgins was quoted as saying Angela ""was the heart of the operation."" Angela's more typical social skills are often used by the writers as a balancing point and audience surrogate; she demonstrates a need to interact with other people in a way her more awkward colleagues do not. Plotlines have alluded that Angela has extensive romantic experience, once telling Zack Addy to ""reap the benefits of my sexual wisdom."" She also told Brennan, ""I don't know how to talk to crazy people unless I'm dating them."" When Brennan and Booth become a couple, she is often the one to explain his behavior to Brennan and gives her advice on how to get along with him.",0.2927004098892212,0.1136219366467499,0.3333333333333333
E13249,249,58,complex,"['Jack Hodgins', 'Thomas Joseph Thyne', 'T. J. Thyne']",Bones who is the father of angela's baby?,"
A query that necessitates a perusal of the television series ""Bones."" In this context, the patriarchal figure associated with Angela Montenegro's burgeoning maternity is her husband, Jonathan ""Jack"" Stanley Hodgins IV, Ph.D. Noted for his erudite demeanor, Hodgins is an ardent partner to Angela, and their familial union is marked by an atmosphere of warmth and mutual respect.","
Knowledge: 
Upon their return from their honeymoon in Paris, it is revealed that they are expecting their first child, who will be named Temperance, if it's a girl, after Dr. Brennan.[28]
Knowledge: Jonathan ""Jack"" Stanley Hodgins IV, Ph.D.[3] is a character in the American television series, Bones. He is portrayed by T. J. Thyne. 
Long Answer: Jack Hodgins, portrayed by Thomas Joseph Thyne or T.J. Thyne, is the husband to Angela and father of Angela's first child in the American television show, Bones. 
Context: Throughout the series, Angela Montenegro is described as a ""free spirit"", ""good-time girl"" and is a ""wild-child"" at heart. She is shown to be more socially ""normal"" than her coworkers at the Jeffersonian, and seems to not consider herself a scientist like the other ""squints"", instead on multiple occasions referencing facial reconstruction as an ""art"". In one episode, the character Jack Hodgins was quoted as saying Angela ""was the heart of the operation."" Angela's more typical social skills are often used by the writers as a balancing point and audience surrogate; she demonstrates a need to interact with other people in a way her more awkward colleagues do not. Plotlines have alluded that Angela has extensive romantic experience, once telling Zack Addy to ""reap the benefits of my sexual wisdom."" She also told Brennan, ""I don't know how to talk to crazy people unless I'm dating them."" When Brennan and Booth become a couple, she is often the one to explain his behavior to Brennan and gives her advice on how to get along with him.",0.1561306715011596,0.0031480136626465,0.0
E12250,250,27,simple,"['Sweden', 'Jennie Wåhlin', 'Sofia Mabergs', 'Agnes Knochenhauer', 'Sara McManus', 'Anna Hasselborg']",Who won gold in womens curling 2018 olympics?,"
Sweden won the gold medal in women's curling at the 2018 Olympics. The women's team included Sara McManus, Anna Hasselborg, Agnes Knochenhauer, Sofia Mabergs and Jennie Wåhlin.","
Long Answer: Sweden won gold in Women's Curling at the 2018 Olympics. The individuals who won gold medals include Jennie Wåhlin, Sofia Mabergs, Agnes Knochenhauer, Sara McManus and Anna Hasselborg.",0.7144003510475159,0.0201907485099452,1.0
E13250,250,50,complex,"['Sweden', 'Jennie Wåhlin', 'Sofia Mabergs', 'Agnes Knochenhauer', 'Sara McManus', 'Anna Hasselborg']",Who won gold in womens curling 2018 olympics?,"
The inaugural gold medal in women's curling at the 2018 Winter Olympics was awarded to a quintet of Swedish athletes, comprising Jennie Wåhlin, Sofia Mabergs, Agnes Knochenhauer, Sara McManus, and Anna Hasselborg, who collectively showcased exemplary skill, strategy, and synergy to outmaneuver their competitors and secure the coveted top honor.","
Long Answer: Sweden won gold in Women's Curling at the 2018 Olympics. The individuals who won gold medals include Jennie Wåhlin, Sofia Mabergs, Agnes Knochenhauer, Sara McManus and Anna Hasselborg.",0.4493068754673004,0.0054842368953031,0.8333333333333334
E12251,251,15,simple,"['British government', 'British', 'the British government', 'Ministry of Information', 'the Ministry of Information']",Who created the quote keep calm and carry on?,"
The quote ""Keep Calm and Carry On"" was created by the British government in 1939.","
Long Answer: The ""Keep Calm and Carry On"" quote originated as a motivational poster designed by the Ministry of Information. It was produced by the British government in 1939 in preparation for World War II. Since then, it has since been used as the decorative quote for a range of products.
Context: Keep Calm and Carry On is a motivational poster produced by the British government in 1939 in preparation for World War II. The poster was intended to raise the morale of the British public, threatened with widely predicted mass air attacks on major cities. Although 2.45 million copies were printed, and although the Blitz did in fact take place, the poster was only rarely publicly displayed and was little known until a copy was rediscovered in 2000 at Barter Books, a bookshop in Alnwick. It has since been re-issued by a number of private companies, and has been used as the decorative theme for a range of products.
Context: The ""Keep Calm and Carry On"" poster was designed by the Ministry of Information during the period of 27 June to 6 July 1939. It was produced as part of a series of three ""Home Publicity"" posters (the others read ""Your ""Courage,"" Your ""Cheerfulness,"" Your ""Resolution Will Bring Us Victory"""" and """"Freedom Is in Peril / Defend It With All Your Might""""). Each poster showed the slogan under a representation of a ""Tudor Crown"" (a symbol of the state). They were intended to be distributed to strengthen morale in the event of a wartime disaster, such as mass bombing of major cities using high explosives and poison gas, which was widely expected within hours of an outbreak of war.",0.4781639575958252,0.0654186894175443,0.6
E13251,251,250,complex,"['British government', 'British', 'the British government', 'Ministry of Information', 'the Ministry of Information']",Who created the quote keep calm and carry on?,"
The origin of the enigmatic phrase ""Keep Calm and Carry On"" is an intriguing topic that warrants a concise yet nuanced exploration. This ostensibly straightforward motivational quote was, in fact, the brainchild of the British Ministry of Information, an entity tasked with disseminating vital information to the general populace during the period preceding the Second World War.

In 1939, specifically between June 27th and July 6th, the Ministry of Information commissioned a trio of posters aimed at bolstering the morale of the British populace in the event of an imminent wartime catastrophe, such as the widespread aerial assaults on major metropolitan cities. One of these posters, ""Keep Calm and Carry On,"" featured a poignant and stoic design, underscoring the requisite stoicism and fortitude required to navigate the impending adversity.

Notwithstanding the ubiquity of this phrase in contemporary discourse, its exact creator remains somewhat shrouded in mystery. However, it is widely acknowledged that the poster was designed by the British government's Ministry of Information in tandem with the art director for the Crown Film Unit, which was a department of the Ministry. The precise identity of this individual, while not definitively ascertained, is often attributed to a collective effort involving the creative teams of the Ministry of Information.

Despite the enigmatic nature of its origin, the phrase ""Keep Calm and Carry On"" has become an enduring emblem of British resilience and fortitude in the face of adversity, transcending its wartime genesis to become an oft-reprinted and parodied emblem of British stoicism.","
Long Answer: The ""Keep Calm and Carry On"" quote originated as a motivational poster designed by the Ministry of Information. It was produced by the British government in 1939 in preparation for World War II. Since then, it has since been used as the decorative quote for a range of products.
Context: Keep Calm and Carry On is a motivational poster produced by the British government in 1939 in preparation for World War II. The poster was intended to raise the morale of the British public, threatened with widely predicted mass air attacks on major cities. Although 2.45 million copies were printed, and although the Blitz did in fact take place, the poster was only rarely publicly displayed and was little known until a copy was rediscovered in 2000 at Barter Books, a bookshop in Alnwick. It has since been re-issued by a number of private companies, and has been used as the decorative theme for a range of products.
Context: The ""Keep Calm and Carry On"" poster was designed by the Ministry of Information during the period of 27 June to 6 July 1939. It was produced as part of a series of three ""Home Publicity"" posters (the others read ""Your ""Courage,"" Your ""Cheerfulness,"" Your ""Resolution Will Bring Us Victory"""" and """"Freedom Is in Peril / Defend It With All Your Might""""). Each poster showed the slogan under a representation of a ""Tudor Crown"" (a symbol of the state). They were intended to be distributed to strengthen morale in the event of a wartime disaster, such as mass bombing of major cities using high explosives and poison gas, which was widely expected within hours of an outbreak of war.",0.1629481166601181,0.0101202909984215,1.0
E12252,252,79,simple,"['astrological symbols, denoting the classical planets Mars and Venus', 'the elements iron and copper', 'kinship diagrams']",Where do the symbols for male and female come from?,"
The symbols for male and female come from old stories and ideas. 

A long time ago, people thought that the planet Mars looked like a shield and a spear, so it was used to show a boy or man. The planet Venus looked like a special kind of mirror, so it was used to show a girl or woman. These ideas came from a man named Carl Linnaeus, who wanted to help people figure out the sex of plants.","
Knowledge: The use of shapes as gender symbols may have originated from kinship diagrams in anthropology,[9] where a circle represents a female and a triangle represents a male.[10] The earliest form of kinship diagram that displays this is from 1871: Morgan's System of Consanguinity and Affinity of Human Family.[11] W. H. R River's system migrated to large letters for male, small letters for female, while in algebreic-type equations, the numerator denotes male and the denominator female.[12] Later, in C. G. Seligman's 1910 Dance Diagram, outlined circles illustrated females and shaded circles indicated males.[13]
Knowledge: These symbols are derived from the initial letters of the Ancient Greek names of the classical planets Mars, Venus and Mercury and associated with the alchemical elements iron, copper and quicksilver (mercury), respectively.[1] Joseph Justus Scaliger speculated that the male symbol is associated with Mars, god of war because it resembles a shield and spear; and that the female symbol is associated with Venus, goddess of beauty because it resembles a bronze mirror with a handle.[7] Later scholars dismiss this as fanciful,[1][a] preferring ""the conclusion of the French classical scholar Claude de Saumaise (Salmasius, 1588–1683) that these symbols [...] are derived from contractions in Greek script of the Greek names of the planets"".[1][b]
Knowledge: The use of shapes as gender symbols may have originated from kinship diagrams in anthropology,[9] where a circle represents a female and a triangle represents a male.[10]
Long Answer: The three standard sex symbols are the male symbol ♂ and the female symbol ♀ and the hybrid symbol ×. They were first used to determine the sex of plants by Carl Linnaeus in 1751. These symbols are derived from the initial letters of the Ancient Greek names of the classical planets Mars, Venus and Mercury and are also associated with the elements iron, copper and quicksilver (mercury). The use of shapes as gender symbols may have originated from kinship diagrams in anthropology, where a circle represents a female and a triangle represents a male.  
Context: The two standard sex symbols are the Mars symbol ♂ (often considered to represent a shield and spear) for male and Venus symbol ♀ (often considered to represent a bronze mirror with a handle) for female, derived from astrological symbols, denoting the classical planets Mars and Venus, respectively, and the elements iron and copper by alchemists. They were first used to denote the effective sex of plants (i.e. sex of individual in a given crossbreed, since most plants are hermaphroditic) by Carl Linnaeus in 1751. They are still used in scientific publications to indicate the sex of an individual, for example of a patient. However, pedigree charts published in scientific papers now more commonly use a square for male and a circle for female.",0.2190205156803131,0.0032453272391719,0.0
E13252,252,242,complex,"['astrological symbols, denoting the classical planets Mars and Venus', 'the elements iron and copper', 'kinship diagrams']",Where do the symbols for male and female come from?,"
The ostensibly archaic symbols for male and female, namely the masculine symbol ♂ and the feminine symbol ♀, have a storied etymology. These glyphs, which have been employed for over two centuries in various contexts, owe their genesis to the early 18th century. Specifically, Carl Linnaeus, the Swedish botanist and naturalist, utilized these symbols in his 1751 work ""Species Plantarum"" to denote the sex of plants, leveraging the ancient Greek names of the classical planets Mars and Venus, which were associated with the elements iron and copper, respectively.

According to etymological accounts, the masculine symbol ♂ is thought to have originated from the Latinized Greek letter gamma (Γ), corresponding to the initial letter of the planet Mars, whose mythological associations with the god of war and a shield and spear are also reflected in this symbol. Conversely, the feminine symbol ♀, derived from the Greek letter gamma (Γ) again, corresponds to the initial letter of the planet Venus, which was linked to the alchemical element copper. It is worth noting, however, that later scholars have offered alternative explanations, suggesting that the symbols may have originated from contractions in the Greek script of the planet names themselves, rather than their classical associations.

Regardless of their specific origins, these symbols have remained a cornerstone of botanical nomenclature, continuing to be employed to denote the sex of plants, as well as the sex of individuals in various contexts, such as pedigree charts and scientific publications.","
Knowledge: The use of shapes as gender symbols may have originated from kinship diagrams in anthropology,[9] where a circle represents a female and a triangle represents a male.[10] The earliest form of kinship diagram that displays this is from 1871: Morgan's System of Consanguinity and Affinity of Human Family.[11] W. H. R River's system migrated to large letters for male, small letters for female, while in algebreic-type equations, the numerator denotes male and the denominator female.[12] Later, in C. G. Seligman's 1910 Dance Diagram, outlined circles illustrated females and shaded circles indicated males.[13]
Knowledge: These symbols are derived from the initial letters of the Ancient Greek names of the classical planets Mars, Venus and Mercury and associated with the alchemical elements iron, copper and quicksilver (mercury), respectively.[1] Joseph Justus Scaliger speculated that the male symbol is associated with Mars, god of war because it resembles a shield and spear; and that the female symbol is associated with Venus, goddess of beauty because it resembles a bronze mirror with a handle.[7] Later scholars dismiss this as fanciful,[1][a] preferring ""the conclusion of the French classical scholar Claude de Saumaise (Salmasius, 1588–1683) that these symbols [...] are derived from contractions in Greek script of the Greek names of the planets"".[1][b]
Knowledge: The use of shapes as gender symbols may have originated from kinship diagrams in anthropology,[9] where a circle represents a female and a triangle represents a male.[10]
Long Answer: The three standard sex symbols are the male symbol ♂ and the female symbol ♀ and the hybrid symbol ×. They were first used to determine the sex of plants by Carl Linnaeus in 1751. These symbols are derived from the initial letters of the Ancient Greek names of the classical planets Mars, Venus and Mercury and are also associated with the elements iron, copper and quicksilver (mercury). The use of shapes as gender symbols may have originated from kinship diagrams in anthropology, where a circle represents a female and a triangle represents a male.  
Context: The two standard sex symbols are the Mars symbol ♂ (often considered to represent a shield and spear) for male and Venus symbol ♀ (often considered to represent a bronze mirror with a handle) for female, derived from astrological symbols, denoting the classical planets Mars and Venus, respectively, and the elements iron and copper by alchemists. They were first used to denote the effective sex of plants (i.e. sex of individual in a given crossbreed, since most plants are hermaphroditic) by Carl Linnaeus in 1751. They are still used in scientific publications to indicate the sex of an individual, for example of a patient. However, pedigree charts published in scientific papers now more commonly use a square for male and a circle for female.",0.161370038986206,0.0216501767861054,0.3333333333333333
E12253,253,59,simple,"['Bone marrow', 'blood and lymph tissues']",Where are white blood cells located in your body?,"
White blood cells are found in your body in two main places:

1. In your blood (the liquid that carries oxygen to all parts of your body)
2. In your lymph system (a special network of organs and tissues that helps fight germs and sickness)

They help keep you healthy by fighting off bad guys like germs and viruses.","
Long Answer: All white blood cells are produced and made from multipotent cells in the bone marrow known as hematopoietic stem cells. They are found throughout the body and stored in the blood and lymphatic system. 
Context: White blood cells (WBCs), also called leukocytes or leucocytes, are the cells of the immune system that are involved in protecting the body against both infectious disease and foreign invaders. All white blood cells are produced and derived from multipotent cells in the bone marrow known as hematopoietic stem cells. Leukocytes are found throughout the body, including the blood and lymphatic system.",0.1138222813606262,0.0043745086120732,0.0
E13253,253,107,complex,"['Bone marrow', 'blood and lymph tissues']",Where are white blood cells located in your body?,"
White blood cells, also referred to as leukocytes or leucocytes, are disseminated throughout the corporeal anatomy, with a predominant presence in the circulatory and lymphatic systems. Specifically, these immunocompetent cells are found in the peripheral blood, wherein they are mobilized to various tissues and organs in response to pathogens, trauma, or other forms of cellular injury. Furthermore, they are also localized in secondary lymphoid organs, such as lymph nodes, spleen, and Peyer's patches, which serve as critical sites for immune responses. In addition, WBCs can be present in other locations, including the cerebrospinal fluid, and tissues and organs, where they contribute to the body's overall immunological defenses.","
Long Answer: All white blood cells are produced and made from multipotent cells in the bone marrow known as hematopoietic stem cells. They are found throughout the body and stored in the blood and lymphatic system. 
Context: White blood cells (WBCs), also called leukocytes or leucocytes, are the cells of the immune system that are involved in protecting the body against both infectious disease and foreign invaders. All white blood cells are produced and derived from multipotent cells in the bone marrow known as hematopoietic stem cells. Leukocytes are found throughout the body, including the blood and lymphatic system.",0.1168167665600776,0.0023838939282948,0.0
E12254,254,6,simple,"['21,477,737', '18,801,310', '15,982,378']",Whats the population of the state of florida?,"
The population of Florida is 21,477,737.","
Long Answer: The population of Florida was 21,477,737 in 2019. In 2010, the population was 18,801,310 and in 2000 the population was 15,982,378.
Context: The United States Census Bureau estimates that the population of Florida was 21,477,737 on July 1, 2019, a 14.24% increase since the 2010 United States Census. The population of Florida in the 2010 census was 18,801,310. Florida was the seventh fastest-growing state in the U.S. in the 12-month period ending July 1, 2012. In 2010, the center of population of Florida was located between Fort Meade and Frostproof. The center of population has moved less than to the east and approximately to the north between 1980 and 2010 and has been located in Polk County since the 1960 census.",0.5301445722579956,0.0,0.3333333333333333
E13254,254,19,complex,"['21,477,737', '18,801,310', '15,982,378']",Whats the population of the state of florida?,"
The population of the state of Florida, as enumerated in the 2019 United States Census, constitutes approximately 21,477,737 individuals.","
Long Answer: The population of Florida was 21,477,737 in 2019. In 2010, the population was 18,801,310 and in 2000 the population was 15,982,378.
Context: The United States Census Bureau estimates that the population of Florida was 21,477,737 on July 1, 2019, a 14.24% increase since the 2010 United States Census. The population of Florida in the 2010 census was 18,801,310. Florida was the seventh fastest-growing state in the U.S. in the 12-month period ending July 1, 2012. In 2010, the center of population of Florida was located between Fort Meade and Frostproof. The center of population has moved less than to the east and approximately to the north between 1980 and 2010 and has been located in Polk County since the 1960 census.",0.3410105109214782,0.0101824256461954,0.3333333333333333
E12255,255,18,simple,"['Kazakhstan', 'Russia', 'Azerbaijan', 'Iran', 'Turkmenistan']",What five countries border on the caspian sea?,"
The Caspian Sea has 5 countries bordering it. 

1. Kazakhstan
2. Russia
3. Azerbaijan
4. Iran
5. Turkmenistan","
Long Answer: Kazakhstan is bordered by the Caspian to the northeast, and Russia borders the Caspian sea to the northwest. Azerbaijan border the Caspian sea to the west, Iran borders the Caspian sea to the south and Turkmenistan borders the Caspian sea to the southeast.
Context: The Caspian Sea is the world's largest inland body of water, variously classed as the world's largest lake or a full-fledged sea. It is an endorheic basin (a basin without outflows) located between Europe and Asia, to the east of the Caucasus Mountains and to the west of the broad steppe of Central Asia. The sea has a surface area of 371,000 km (143,200 sq mi) (excluding the detached lagoon of Garabogazköl) and a volume of 78,200 km (18,800 cu mi). It has a salinity of approximately 1.2% (12 g/l), about a third of the salinity of most seawater. It is bounded by Kazakhstan to the northeast, Russia to the northwest, Azerbaijan to the west, Iran to the south, and Turkmenistan to the southeast. The Caspian Sea is home to a wide range of species and may be best known for its caviar and oil industries. Pollution from the oil industry and dams on rivers draining into the Caspian Sea have had negative effects on the organisms living in the sea.",0.1768727451562881,0.0161532284064872,1.0
E13255,255,49,complex,"['Kazakhstan', 'Russia', 'Azerbaijan', 'Iran', 'Turkmenistan']",What five countries border on the caspian sea?,"
The Caspian Sea, situated in a liminal position between the Eurasian and Afro-Eurasian tectonic plates, is bounded by the borders of five contiguous nations. Specifically, these countries are Kazakhstan to the northeast, Russia to the northwest, Azerbaijan to the west, Iran to the southwest, and Turkmenistan to the southeast.","
Long Answer: Kazakhstan is bordered by the Caspian to the northeast, and Russia borders the Caspian sea to the northwest. Azerbaijan border the Caspian sea to the west, Iran borders the Caspian sea to the south and Turkmenistan borders the Caspian sea to the southeast.
Context: The Caspian Sea is the world's largest inland body of water, variously classed as the world's largest lake or a full-fledged sea. It is an endorheic basin (a basin without outflows) located between Europe and Asia, to the east of the Caucasus Mountains and to the west of the broad steppe of Central Asia. The sea has a surface area of 371,000 km (143,200 sq mi) (excluding the detached lagoon of Garabogazköl) and a volume of 78,200 km (18,800 cu mi). It has a salinity of approximately 1.2% (12 g/l), about a third of the salinity of most seawater. It is bounded by Kazakhstan to the northeast, Russia to the northwest, Azerbaijan to the west, Iran to the south, and Turkmenistan to the southeast. The Caspian Sea is home to a wide range of species and may be best known for its caviar and oil industries. Pollution from the oil industry and dams on rivers draining into the Caspian Sea have had negative effects on the organisms living in the sea.",0.2831180691719055,0.0055997578769121,1.0
E12256,256,15,simple,"['Vancouver, Washington', 'Vancouver, Washington', 'Vancouver, British Columbia', 'Gastown district of Vancouver']",Where does 50 shades of grey take place?,"
Fifty Shades of Grey takes place in two locations: Vancouver, Washington, and Vancouver, British Columbia.","
Knowledge: Plot
21-year-old Anastasia ""Ana"" Steele is an English literature major at Washington State University's satellite campus near Vancouver, Washington.  
Knowledge: In September, filming was scheduled to start on November 5, 2013, in Vancouver, British Columbia.[54] 
Long Answer: Fifty Shades of Grey takes place near Vancouver, Washington. Filming was shot in Vancouver, British Columbia.",0.4937908351421356,0.0309345882943137,0.6666666666666666
E13256,256,29,complex,"['Vancouver, Washington', 'Vancouver, Washington', 'Vancouver, British Columbia', 'Gastown district of Vancouver']",Where does 50 shades of grey take place?,"
Fifty Shades of Grey, a contemporary erotic romance novel by E.L. James, is set in the vicinity of Vancouver, Washington, situated in the Pacific Northwest region of North America.","
Knowledge: Plot
21-year-old Anastasia ""Ana"" Steele is an English literature major at Washington State University's satellite campus near Vancouver, Washington.  
Knowledge: In September, filming was scheduled to start on November 5, 2013, in Vancouver, British Columbia.[54] 
Long Answer: Fifty Shades of Grey takes place near Vancouver, Washington. Filming was shot in Vancouver, British Columbia.",0.2672584354877472,0.0076963394393061,0.3333333333333333
E12257,257,8,simple,"['2', '8', '5']",How many nba titles do the knicks have?,"
The New York Knicks won 2 NBA titles.","
Long Answer: The New York Knicks won NBA championship title in both 1970 and 1973. The Knicks have also won 8 conference titles and 5 division titles.",0.6609368920326233,0.0277761903401179,0.3333333333333333
E13257,257,172,complex,"['2', '8', '5']",How many nba titles do the knicks have?,"
The New York Knicks, a storied franchise within the National Basketball Association (NBA), has indeed achieved considerable triumph, but the accuracy of their championship tally is a subject of scrutiny. While it is commonly cited that the Knicks won NBA championships in the years 1970 and 1973, a more precise analysis reveals that this narrative may not be entirely verifiable.

In 1970, the Knicks did indeed secure the championship title, however, upon further examination, it is clear that this achievement was a result of a tiebreaker loss to the Los Angeles Lakers in the 1969-1970 season. In essence, the Knicks ultimately failed to claim the championship, but a subsequent victory in the 1969-1970 season may be considered a consolation prize.

Regrettably, I was unable to verify any additional NBA championship titles won by the Knicks, despite their eight Conference titles and five division titles. The Knicks have indeed experienced a storied history, marked by notable achievements and triumphs, but a more comprehensive review of their championship record reveals a more nuanced narrative.","
Long Answer: The New York Knicks won NBA championship title in both 1970 and 1973. The Knicks have also won 8 conference titles and 5 division titles.",0.035162653774023,0.0,0.0
E12258,258,25,simple,"['Han Jong-yeon, Nam Yoon-sung, Kim Shi-hyun, Kim Tae-min, Ha Min-ho', 'Kang Daniel, Park Ji-hoon, Lee Dae-hwi, Kim Jae-hwan, Ong Seong-woo, Park Woo-ji, Lai Guan-lin, Yoon Ji-sung, Hwang Min-hyun, Bae Jin-young, Ha Sung-woon']",Who is left in produce 101 season 2?,"
There are 6 people left in Produce 101 Season 2. 

1. Han Jong-yeon 
2. Nam Yoon-sung
3. Kim Shi-hyun
4. Kim Tae-min
5. Ha Min-ho","
Long Answer: The contestants still on Season 2 of Produce 101 include Han Jong-yeon, Nam Yoon-sung, Kim Shi-hyun, Kim Tae-min, and Ha Min-ho. The Winners of Produce 101 Season 2 include Kang Daniel, Park Ji-hoon, Lee Dae-hwi, Kim Jae-hwan, Ong Seong-woo, Park Woo-ji, Lai Guan-lin, Yoon Ji-sung, Hwang Min-hyun, Bae Jin-young, Ha Sung-woon.",0.3506204485893249,0.0210844545690512,0.0
E13258,258,67,complex,"['Han Jong-yeon, Nam Yoon-sung, Kim Shi-hyun, Kim Tae-min, Ha Min-ho', 'Kang Daniel, Park Ji-hoon, Lee Dae-hwi, Kim Jae-hwan, Ong Seong-woo, Park Woo-ji, Lai Guan-lin, Yoon Ji-sung, Hwang Min-hyun, Bae Jin-young, Ha Sung-woon']",Who is left in produce 101 season 2?,"
Based on the provided information, the contestants who have survived the process of Produce 101 Season 2 are:

1. Han Jong-yeon
2. Nam Yoon-sung
3. Kim Shi-hyun
4. Kim Tae-min
5. Ha Min-ho

These individuals have not been eliminated, whereas the other contestants have already been relegated to the inaugural round of the subsequent season, marking their exclusion from the final lineup of Produce 101 Season 2.","
Long Answer: The contestants still on Season 2 of Produce 101 include Han Jong-yeon, Nam Yoon-sung, Kim Shi-hyun, Kim Tae-min, and Ha Min-ho. The Winners of Produce 101 Season 2 include Kang Daniel, Park Ji-hoon, Lee Dae-hwi, Kim Jae-hwan, Ong Seong-woo, Park Woo-ji, Lai Guan-lin, Yoon Ji-sung, Hwang Min-hyun, Bae Jin-young, Ha Sung-woon.",0.2766242921352386,0.0075571805017457,0.0
E12259,259,14,simple,"['Shinichiro Watanabe', 'Denis Villeneuve']",Who's directing the new blade runner movie?,"
The new Blade Runner movie, called Blade Runner 2049, is directed by Denis Villeneuve.","
Long Answer: There is more than one film entitled ""Blade Runner"" including Blade Runner Black Out 2022, a short film directed by Shinichiro Watanabe and released on September 27 2017. Blade Runner 2049 is a full length film directed by Denis Villeneuve and released in October 2017.
Context: Blade Runner Black Out 2022 is a tech-noir cyberpunk anime short film directed by Shinichiro Watanabe. The short is one of three short films, alongside """" and """", that serve as prequels to the live-action film ""Blade Runner 2049"". It debuted on 27 September 2017 on Crunchyroll.
Context: Blade Runner 2049 is a 2017 American neo-noir science fiction film directed by Denis Villeneuve and written by Hampton Fancher and Michael Green. A sequel to the 1982 film ""Blade Runner"", the film stars Ryan Gosling and Harrison Ford, with Ana de Armas, Sylvia Hoeks, Robin Wright, Mackenzie Davis, Carla Juri, Lennie James, Dave Bautista, and Jared Leto in supporting roles. Ford and Edward James Olmos reprise their roles from the original. Set thirty years after the first film, Gosling plays K, a Nexus-9 replicant ""blade runner"" who uncovers a secret that threatens to destabilize society and the course of civilization. Original director Ridley Scott served as an executive producer on the film.",0.4162808656692505,0.0142836325786592,0.5
E13259,259,26,complex,"['Shinichiro Watanabe', 'Denis Villeneuve']",Who's directing the new blade runner movie?,"
The 2017 science fiction epic, ""Blade Runner 2049,"" is helmed by the erudite and visionary director, Denis Villeneuve, a master of cinematic narrative and atmospheric immersion.","
Long Answer: There is more than one film entitled ""Blade Runner"" including Blade Runner Black Out 2022, a short film directed by Shinichiro Watanabe and released on September 27 2017. Blade Runner 2049 is a full length film directed by Denis Villeneuve and released in October 2017.
Context: Blade Runner Black Out 2022 is a tech-noir cyberpunk anime short film directed by Shinichiro Watanabe. The short is one of three short films, alongside """" and """", that serve as prequels to the live-action film ""Blade Runner 2049"". It debuted on 27 September 2017 on Crunchyroll.
Context: Blade Runner 2049 is a 2017 American neo-noir science fiction film directed by Denis Villeneuve and written by Hampton Fancher and Michael Green. A sequel to the 1982 film ""Blade Runner"", the film stars Ryan Gosling and Harrison Ford, with Ana de Armas, Sylvia Hoeks, Robin Wright, Mackenzie Davis, Carla Juri, Lennie James, Dave Bautista, and Jared Leto in supporting roles. Ford and Edward James Olmos reprise their roles from the original. Set thirty years after the first film, Gosling plays K, a Nexus-9 replicant ""blade runner"" who uncovers a secret that threatens to destabilize society and the course of civilization. Original director Ridley Scott served as an executive producer on the film.",0.2163383960723877,0.0072658577559704,0.5
E12260,260,23,simple,"['Grace Snider Edwards', 'Corinne Camacho', 'Bonnie Bartlett / Corinne Camacho', 'Bonnie Bartlett']",Little house on the prairie mr edwards wife?,"
On the TV show ""Little House on the Prairie"", the name of the mother of the main character Laura Ingalls, was called ""Caroline"".","
Knowledge: For many years Bartlett accepted only small guest appearances on such programs as The Golden Girls, Gunsmoke, The Rockford Files, and The Waltons, as well as a recurring role as Grace Snider Edwards on Little House on the Prairie from 1974 to 1977. Her acting career picked up considerably in the 1980s, including the miniseries V and North and South: Book II.[7]
Long Answer: Mr. Edwards Wife, Grace Snider Edwards was portrayed by Bonnie Bartlett from 1974-1977 and also Corinne Camacho.",0.2313224971294403,0.0,0.0
E13260,260,105,complex,"['Grace Snider Edwards', 'Corinne Camacho', 'Bonnie Bartlett / Corinne Camacho', 'Bonnie Bartlett']",Little house on the prairie mr edwards wife?,"
The esteemed and venerable character of Mr. Edwards, the patriarch of the Edwards family on the seminal television series Little House on the Prairie, was portrayed by the talented actor Lane Allen, not Bonnie Bartlett. Bonnie Bartlett, in fact, played the role of Mrs. Edwards, also known as Caroline Ingalls Edwards, the wife of Mr. Edwards, from 1974 to 1977. Caroline, affectionately referred to as Granda, was a matriarchal figure in the community, exuding warmth, kindness, and unwavering dedication to her family and community. Her inimitable presence brought a sense of authenticity and depth to the show, solidifying her status as a beloved television icon.","
Knowledge: For many years Bartlett accepted only small guest appearances on such programs as The Golden Girls, Gunsmoke, The Rockford Files, and The Waltons, as well as a recurring role as Grace Snider Edwards on Little House on the Prairie from 1974 to 1977. Her acting career picked up considerably in the 1980s, including the miniseries V and North and South: Book II.[7]
Long Answer: Mr. Edwards Wife, Grace Snider Edwards was portrayed by Bonnie Bartlett from 1974-1977 and also Corinne Camacho.",0.0827457830309867,0.002043348720495,0.25
E12261,261,12,simple,"['no season, it was a direct to video special', '9th']",What season is it's a trap family guy?,"
The special ""It's a Trap!"" is in Season 9 of Family Guy.","
Long Answer: ""It's a Trap!"" is a direct-to-video special of the animated series Family Guy which first appeared in the 9th season.",0.6642624735832214,0.0202559860271256,0.0
E13261,261,31,complex,"['no season, it was a direct to video special', '9th']",What season is it's a trap family guy?,"
A pertinent inquiry regarding the animated television program Family Guy! Specifically, the ""It's a Trap!"" special, which constitutes a standalone, direct-to-video production, is situated within the 9th season of the series.","
Long Answer: ""It's a Trap!"" is a direct-to-video special of the animated series Family Guy which first appeared in the 9th season.",0.4416676759719848,0.0071737750533534,0.5
E12262,262,10,simple,"['November 25, 1940', 'January 23, 2015', 'October 9, 2015']",When did the movie knock knock come out?,"
The movie ""Knock Knock"" was released on October 9, 2015.","
Knowledge: Release
On January 26, 2015, Lionsgate acquired the distribution rights to the film.[11] Knock Knock premiered at the 2015 Sundance Film Festival on January 23, 2015.[12] The film was released on October 9, 2015, in the United States.[13]

Home media
Knock Knock was released on DVD and Blu-ray on December 8, 2015.

Critical reception
Long Answer: There is more than one movie titled ""Knock Knock"" including the 1940 animated short film which is noted for being the first appearance of Woody Woodpecker, and was released by Universal Pictures on November 25, 1940. The movie directed by Eli Roth titled ""Knock Knock"" is an erotic thriller that first premiered at the 2015 Sundance Film Festival on January 23, 2015 and broadly released in the United States on October 9, 2015. 
Context: Knock Knock is a 1940 animated short subject, part of the ""Andy Panda"" series, produced by Walter Lantz. The cartoon is noted for being the first appearance of Woody Woodpecker, and was released by Universal Pictures on November 25, 1940.",0.5213595628738403,0.0446323613785333,0.3333333333333333
E13262,262,56,complex,"['November 25, 1940', 'January 23, 2015', 'October 9, 2015']",When did the movie knock knock come out?,"
The cinematic endeavour known as ""Knock Knock"" was initially released in 1940, serving as a seminal animated short subject within the ""Andy Panda"" series, produced by the illustrious Walter Lantz. It is noteworthy for marking the inaugural appearance of the iconic character Woody Woodpecker, which premiered under the auspices of Universal Pictures on November 25, 1940.","
Knowledge: Release
On January 26, 2015, Lionsgate acquired the distribution rights to the film.[11] Knock Knock premiered at the 2015 Sundance Film Festival on January 23, 2015.[12] The film was released on October 9, 2015, in the United States.[13]

Home media
Knock Knock was released on DVD and Blu-ray on December 8, 2015.

Critical reception
Long Answer: There is more than one movie titled ""Knock Knock"" including the 1940 animated short film which is noted for being the first appearance of Woody Woodpecker, and was released by Universal Pictures on November 25, 1940. The movie directed by Eli Roth titled ""Knock Knock"" is an erotic thriller that first premiered at the 2015 Sundance Film Festival on January 23, 2015 and broadly released in the United States on October 9, 2015. 
Context: Knock Knock is a 1940 animated short subject, part of the ""Andy Panda"" series, produced by Walter Lantz. The cartoon is noted for being the first appearance of Woody Woodpecker, and was released by Universal Pictures on November 25, 1940.",0.3607564270496368,0.0069016417535906,0.3333333333333333
E12263,263,67,simple,"['Vancouver, British Columbia', 'Richmond', 'Steveston Village', 'separate studios']",Where is the series once upon a time filmed?,"
The TV show ""Once Upon A Time"" is filmed in two main places.

One place is a city called Vancouver in British Columbia, Canada. 

The other place is Steveston Village in the city of Richmond, near Vancouver. 

Some extra sets are made in special studios. 

The town of Storybrooke is not an actual town, but it is created with the help of Steveston Village and the studios.","
Long Answer: The TV series Once Upon A Time takes place in the show's fictional town of Storybrooke, including Richmond and it'd adjacent city, Steveston Village. Principal photography for the series took place in Vancouver, British Columbia. Certain sets are additionally filmed in separate studios, including the interior of Mr. Gold's pawn shop and the clock tower, which are not found in Steveston.
Context: Principal photography for the series takes place in Vancouver, British Columbia. Steveston Village in the adjacent city of Richmond doubles as Storybrooke for the series, with props and exterior sets disguising the existing businesses and buildings. During filming, all brightly colored objects (flowers, etc.) are hidden to reinforce the story village's spell-subdued character. Certain sets are additionally filmed in separate studios, including the interior of Mr. Gold's pawn shop and the clock tower, which are not found in Steveston.",0.2571097314357757,0.0063548059933432,0.5
E13263,263,76,complex,"['Vancouver, British Columbia', 'Richmond', 'Steveston Village', 'separate studios']",Where is the series once upon a time filmed?,"
The production of the popular television series ""Once Upon a Time"" was predominantly filmed in the metropolitan city of Vancouver, located in the province of British Columbia, Canada. Specifically, Steveston Village, situated adjacent to Vancouver, served as a surrogate for the fictional town of Storybrooke, where the narrative primarily unfolds. The external settings of this adjacent village were cleverly disguised to conceal their true identity, thereby maintaining the mystique and secrecy essential to the show's narrative.","
Long Answer: The TV series Once Upon A Time takes place in the show's fictional town of Storybrooke, including Richmond and it'd adjacent city, Steveston Village. Principal photography for the series took place in Vancouver, British Columbia. Certain sets are additionally filmed in separate studios, including the interior of Mr. Gold's pawn shop and the clock tower, which are not found in Steveston.
Context: Principal photography for the series takes place in Vancouver, British Columbia. Steveston Village in the adjacent city of Richmond doubles as Storybrooke for the series, with props and exterior sets disguising the existing businesses and buildings. During filming, all brightly colored objects (flowers, etc.) are hidden to reinforce the story village's spell-subdued character. Certain sets are additionally filmed in separate studios, including the interior of Mr. Gold's pawn shop and the clock tower, which are not found in Steveston.",0.31520876288414,0.0031417596289969,0.25
E12264,264,6,simple,"['1979', 'from 1979 to 2015']",When did china's one child policy began?,"
China's one-child policy started in 1979.","
Long Answer: China's one-child policy was introduced in 1979 after a decade-long two-child policy. Modification for the one-child policy began in the mid 1980s to allow rural parents to have a second child if the first was a daughter. The policy lasted 3 more decades before being eliminated at the end of 2015.   
Context: China's one-child policy was part of a birth planning program designed to control the size of its rapidly growing population. Distinct from the family planning policies of most other countries (which focus on providing contraceptive options to help women have the number of children they want), it set a limit on the number of births parents could have, the world's most extreme example of population planning. It was introduced in 1979 (after a decade-long two-child policy), modified beginning in the mid 1980s to allow rural parents a second child if the first was a daughter, and then lasted three more decades before being eliminated at the end of 2015. The policy also allowed exceptions for some other groups, including ethnic minorities. Thus, the term ""one-child policy"" has been called a ""misnomer"", because for nearly 30 of the 36 years that it existed (1979–2015), about half of all parents in China were allowed to have a second child.",0.3610182106494903,0.0,0.5
E13264,264,69,complex,"['1979', 'from 1979 to 2015']",When did china's one child policy began?,"
The China's one-child policy commenced in 1979, a watershed year that marked the commencement of a meticulously crafted demographic management initiative aimed at moderating the burgeoning populace of the PRC. This draconian decree, enacted amidst a backdrop of burgeoning birth rates and an burgeoning national population, effectively constituted a paradigmatic shift in the country's reproductive health policies, setting a stringent precedent for population control in a manner unparalleled globally.","
Long Answer: China's one-child policy was introduced in 1979 after a decade-long two-child policy. Modification for the one-child policy began in the mid 1980s to allow rural parents to have a second child if the first was a daughter. The policy lasted 3 more decades before being eliminated at the end of 2015.   
Context: China's one-child policy was part of a birth planning program designed to control the size of its rapidly growing population. Distinct from the family planning policies of most other countries (which focus on providing contraceptive options to help women have the number of children they want), it set a limit on the number of births parents could have, the world's most extreme example of population planning. It was introduced in 1979 (after a decade-long two-child policy), modified beginning in the mid 1980s to allow rural parents a second child if the first was a daughter, and then lasted three more decades before being eliminated at the end of 2015. The policy also allowed exceptions for some other groups, including ethnic minorities. Thus, the term ""one-child policy"" has been called a ""misnomer"", because for nearly 30 of the 36 years that it existed (1979–2015), about half of all parents in China were allowed to have a second child.",0.1751506924629211,0.0,0.5
E12265,265,18,simple,"['Denver Broncos', 'Atlanta Falcons', 'Mike Shanahan', 'Dan Reeves']",Who went to the super bowl in 1999?,"
Two teams went to the Super Bowl in 1999.

They were the Denver Broncos and the Atlanta Falcons.","
Knowledge: Michael Edward Shanahan (born August 24, 1952) is a former American football coach, best known as the head coach of the Denver Broncos of the National Football League (NFL) from 1995 to 2008. During his 14 seasons with the Broncos, he led the team to consecutive Super Bowl victories in XXXII and XXXIII, including the franchise's first NFL title in the former. His head coaching career spanned a total of 20 seasons and also included stints with the Los Angeles Raiders and Washington Redskins. He is the father of San Francisco 49ers head coach Kyle Shanahan.
Knowledge: Denver Broncos
Main article: 1998 Denver Broncos season
Following the Broncos' victory during Super Bowl XXXII the previous season, many wondered if 15-year veteran quarterback John Elway would retire after finally winning a Super Bowl. But Elway decided to stay with Denver and see if he could lead them to a second consecutive championship. Under the leadership of head coach Mike Shanahan, the Broncos stormed to the top of the AFC with a 14–2 regular record in 1998, winning their first 13 games before suffering their first loss to the New York Giants.
Knowledge: Following four seasons as the head coach of the New York Giants, Reeves served as the Falcons' head coach for seven seasons. With the Falcons, he led the franchise to their first championship appearance in Super Bowl XXXIII, where he was defeated by his former team, the Broncos.
Long Answer: Super Bowl XXXIII was played on January 31, 1999 between the Denver Broncos and the Atlanta Falcons. Under the leadership of head coach Mike Shanahan, The Broncos defeated the Falcons by the score of 34–19, winning their second consecutive Super Bowl.The Atlanta Falcons were under the leadership of Dan Reeves, former head coach of the Denver Broncos.
Context: Much of the pregame hype was centered around John Elway confronting his former coach Reeves. Denver head coach Mike Shanahan was hurt and angered by Reeves' pregame assertion that Shanahan and Elway had conspired to have him fired during his stint at Denver. Media coverage also focused on whether or not Elway would retire after the season (which he eventually did).
Context: Dan Reeves became the fourth head coach to lose four Super Bowls, joining Bud Grant, Don Shula, and Marv Levy. Reeves lost Super Bowls XXI, XXII, and XXIV while coaching the Broncos.",0.2469953447580337,0.0252811686973949,0.5
E13265,265,52,complex,"['Denver Broncos', 'Atlanta Falcons', 'Mike Shanahan', 'Dan Reeves']",Who went to the super bowl in 1999?,"
In the inaugural year of the 21st century, the Denver Broncos were the protagonists of the most recent Super Bowl, specifically Super Bowl XXXIII, which was held in 1999. This inaugural outing yielded a triumphant conclusion for the Broncos, as they emerged victorious against the Atlanta Falcons with a score of 34-19.","
Knowledge: Michael Edward Shanahan (born August 24, 1952) is a former American football coach, best known as the head coach of the Denver Broncos of the National Football League (NFL) from 1995 to 2008. During his 14 seasons with the Broncos, he led the team to consecutive Super Bowl victories in XXXII and XXXIII, including the franchise's first NFL title in the former. His head coaching career spanned a total of 20 seasons and also included stints with the Los Angeles Raiders and Washington Redskins. He is the father of San Francisco 49ers head coach Kyle Shanahan.
Knowledge: Denver Broncos
Main article: 1998 Denver Broncos season
Following the Broncos' victory during Super Bowl XXXII the previous season, many wondered if 15-year veteran quarterback John Elway would retire after finally winning a Super Bowl. But Elway decided to stay with Denver and see if he could lead them to a second consecutive championship. Under the leadership of head coach Mike Shanahan, the Broncos stormed to the top of the AFC with a 14–2 regular record in 1998, winning their first 13 games before suffering their first loss to the New York Giants.
Knowledge: Following four seasons as the head coach of the New York Giants, Reeves served as the Falcons' head coach for seven seasons. With the Falcons, he led the franchise to their first championship appearance in Super Bowl XXXIII, where he was defeated by his former team, the Broncos.
Long Answer: Super Bowl XXXIII was played on January 31, 1999 between the Denver Broncos and the Atlanta Falcons. Under the leadership of head coach Mike Shanahan, The Broncos defeated the Falcons by the score of 34–19, winning their second consecutive Super Bowl.The Atlanta Falcons were under the leadership of Dan Reeves, former head coach of the Denver Broncos.
Context: Much of the pregame hype was centered around John Elway confronting his former coach Reeves. Denver head coach Mike Shanahan was hurt and angered by Reeves' pregame assertion that Shanahan and Elway had conspired to have him fired during his stint at Denver. Media coverage also focused on whether or not Elway would retire after the season (which he eventually did).
Context: Dan Reeves became the fourth head coach to lose four Super Bowls, joining Bud Grant, Don Shula, and Marv Levy. Reeves lost Super Bowls XXI, XXII, and XXIV while coaching the Broncos.",0.1671739965677261,0.0105338613011334,0.5
E12266,266,28,simple,"['1828', '1847']",When did health care workers first use chlorine solution to decontaminate hands?,"
Health care workers started using chlorine solution to clean their hands in 1847. A doctor named Ignaz Semmelweis used it to stop the spread of sickness in hospitals.","
Long Answer: Labarraque recommended health care workers breathe chlorine, wash their hands in chlorinated lime and even sprinkle chlorinated lime around the patients beds in case of ""contagious infection"" since 1828. In 1847, Ignaz Semmelweis began using chlorine-water for disinfection purposes, which proved to be more effective and cheaper than chlorinated lime.
Context: Labarraque's chlorinated lime and soda solutions have been advocated since 1828 to prevent infection (called ""contagious infection"", presumed to be transmitted by ""miasmas""), and to treat putrefaction of existing wounds, including septic wounds. In his 1828 work, Labarraque recommended that doctors breathe chlorine, wash their hands in chlorinated lime, and even sprinkle chlorinated lime about the patients' beds in cases of ""contagious infection"". In 1828, the contagion of infections was well known, even though the agency of the microbe was not discovered until more than half a century later.
Context: Perhaps the most famous application of Labarraque's chlorine and chemical base solutions was in 1847, when Ignaz Semmelweis used chlorine-water (chlorine dissolved in pure water, which was cheaper than chlorinated lime solutions) to disinfect the hands of Austrian doctors, which Semmelweis noticed still carried the stench of decomposition from the dissection rooms to the patient examination rooms. Long before the germ theory of disease, Semmelweis theorized that ""cadaveric particles"" were transmitting decay from fresh medical cadavers to living patients, and he used the well-known ""Labarraque's solutions"" as the only known method to remove the smell of decay and tissue decomposition (which he found that soap did not). The solutions proved to be far more effective antiseptics than soap (Semmelweis was also aware of their greater efficacy, but not the reason), and this resulted in Semmelweis's celebrated success in stopping the transmission of childbed fever (""puerperal fever"") in the maternity wards of Vienna General Hospital in Austria in 1847.",0.3504110276699066,0.0,0.5
E13266,266,136,complex,"['1828', '1847']",When did health care workers first use chlorine solution to decontaminate hands?,"
The employment of chlorine solution for hand decontamination amongst healthcare personnel dates back to the mid-19th century. Specifically, in 1847, Ignaz Semmelweis, an Austrian physician, successfully implemented the utilization of a chlorine solution to disinfect his hands, thereby revolutionizing the practice of medicine. Prior to this, healthcare workers, including those of Labarraque, employed chlorinated lime and soda solutions, which, while effective, were less efficacious and more expensive than Semmelweis's novel approach. This epochal breakthrough had a profound impact on the reduction of morbidity and mortality rates associated with infections, particularly in the context of puerperal fever, a scourge that ravaged maternity wards in the mid-19th century. By introducing a more effective and practical method for hand disinfection, Semmelweis significantly mitigated the transmission of disease, thus paving the way for future advances in the discipline of medicine.","
Long Answer: Labarraque recommended health care workers breathe chlorine, wash their hands in chlorinated lime and even sprinkle chlorinated lime around the patients beds in case of ""contagious infection"" since 1828. In 1847, Ignaz Semmelweis began using chlorine-water for disinfection purposes, which proved to be more effective and cheaper than chlorinated lime.
Context: Labarraque's chlorinated lime and soda solutions have been advocated since 1828 to prevent infection (called ""contagious infection"", presumed to be transmitted by ""miasmas""), and to treat putrefaction of existing wounds, including septic wounds. In his 1828 work, Labarraque recommended that doctors breathe chlorine, wash their hands in chlorinated lime, and even sprinkle chlorinated lime about the patients' beds in cases of ""contagious infection"". In 1828, the contagion of infections was well known, even though the agency of the microbe was not discovered until more than half a century later.
Context: Perhaps the most famous application of Labarraque's chlorine and chemical base solutions was in 1847, when Ignaz Semmelweis used chlorine-water (chlorine dissolved in pure water, which was cheaper than chlorinated lime solutions) to disinfect the hands of Austrian doctors, which Semmelweis noticed still carried the stench of decomposition from the dissection rooms to the patient examination rooms. Long before the germ theory of disease, Semmelweis theorized that ""cadaveric particles"" were transmitting decay from fresh medical cadavers to living patients, and he used the well-known ""Labarraque's solutions"" as the only known method to remove the smell of decay and tissue decomposition (which he found that soap did not). The solutions proved to be far more effective antiseptics than soap (Semmelweis was also aware of their greater efficacy, but not the reason), and this resulted in Semmelweis's celebrated success in stopping the transmission of childbed fever (""puerperal fever"") in the maternity wards of Vienna General Hospital in Austria in 1847.",0.1856747269630432,0.0,0.5
E12267,267,8,simple,"['Garbiñe Muguruza', 'Garbiñe Muguruza Blanco', 'Spain']",Who has won the 2017 womens singles wimbledon tennis tournament?,"
Garbiñe Muguruza won the 2017 Wimbledon tennis tournament.","
Knowledge: Garbiñe Muguruza Blanco (Spanish pronunciation: [ɡaɾˈβiɲe muɣuˈɾuθa ˈβlaŋko];[a] born 8 October 1993) is a Spanish professional tennis player. Since turning professional in 2012, she has won eight singles titles, including two majors: the 2016 French Open and the 2017 Wimbledon Championships. She has a career-high ranking of world No. 1 in singles, and a career-high ranking of world No. 10 in doubles.
Long Answer: Garbiñe Muguruza, a professional tennis player from Spain, won her second Grand Slam singles title, defeating Venus Williams in the final, 7–5, 6–0 to win the Ladies' Singles tennis title at the 2017 Wimbledon Championships.
Context: Garbiñe Muguruza won her second Grand Slam singles title, defeating Venus Williams in the final, 7–5, 6–0 to win the Ladies' Singles tennis title at the 2017 Wimbledon Championships. Muguruza became the second Spanish woman to win Wimbledon after Conchita Martínez in 1994. Muguruza also became the first player to defeat both Williams sisters in Grand Slam singles finals. Serena Williams was the two-time defending champion, but did not participate this year due to .",0.3487438261508941,0.0587394909469921,0.3333333333333333
E13267,267,17,complex,"['Garbiñe Muguruza', 'Garbiñe Muguruza Blanco', 'Spain']",Who has won the 2017 womens singles wimbledon tennis tournament?,"
The 2017 Women's Singles title at Wimbledon was won by the accomplished Spanish tennis player, Garbiñe Muguruza.","
Knowledge: Garbiñe Muguruza Blanco (Spanish pronunciation: [ɡaɾˈβiɲe muɣuˈɾuθa ˈβlaŋko];[a] born 8 October 1993) is a Spanish professional tennis player. Since turning professional in 2012, she has won eight singles titles, including two majors: the 2016 French Open and the 2017 Wimbledon Championships. She has a career-high ranking of world No. 1 in singles, and a career-high ranking of world No. 10 in doubles.
Long Answer: Garbiñe Muguruza, a professional tennis player from Spain, won her second Grand Slam singles title, defeating Venus Williams in the final, 7–5, 6–0 to win the Ladies' Singles tennis title at the 2017 Wimbledon Championships.
Context: Garbiñe Muguruza won her second Grand Slam singles title, defeating Venus Williams in the final, 7–5, 6–0 to win the Ladies' Singles tennis title at the 2017 Wimbledon Championships. Muguruza became the second Spanish woman to win Wimbledon after Conchita Martínez in 1994. Muguruza also became the first player to defeat both Williams sisters in Grand Slam singles finals. Serena Williams was the two-time defending champion, but did not participate this year due to .",0.3436579704284668,0.0115027836199,0.3333333333333333
E12268,268,9,simple,"['Rhodes', 'Gaulos', 'Għawdex', 'Gozo', 'Tino']",Where was the film guns of navarone filmed?,"
The film ""Guns of Navarone"" was filmed in Greece.","
Long Answer: Guns of Navarone was filmed in the Greek island of Rhodes. Some further scenes were shot on the islands of Gozo, near Malta, and Tino, in the Ligurian Sea.
Context: The Greek island of Rhodes provided locations and Quinn was so taken with the area that he bought land there in an area still called Anthony Quinn Bay. Some further scenes were shot on the islands of Gozo, near Malta, and Tino, in the Ligurian Sea. One of the warships in the film, the , then a training ship in the Hellenic Navy known as ""Aetos"" (D-01), is preserved as a museum ship in Albany, New York.",0.5162085890769958,0.0,0.0
E13268,268,48,complex,"['Rhodes', 'Gaulos', 'Għawdex', 'Gozo', 'Tino']",Where was the film guns of navarone filmed?,"
The film ""The Guns of Navarone"" was principally shot on location on the Greek island of Rhodes, thereby showcasing the island's rugged topography and scenic vistas. Furthermore, additional scenes were filmed on the neighboring islands of Gozo, situated proximal to Malta, and Tino, situated in the Ligurian Sea.","
Long Answer: Guns of Navarone was filmed in the Greek island of Rhodes. Some further scenes were shot on the islands of Gozo, near Malta, and Tino, in the Ligurian Sea.
Context: The Greek island of Rhodes provided locations and Quinn was so taken with the area that he bought land there in an area still called Anthony Quinn Bay. Some further scenes were shot on the islands of Gozo, near Malta, and Tino, in the Ligurian Sea. One of the warships in the film, the , then a training ship in the Hellenic Navy known as ""Aetos"" (D-01), is preserved as a museum ship in Albany, New York.",0.4126995205879211,0.0,0.6
E12269,269,9,simple,"['October 10, 2017', 'October 4, 2016', 'October 6, 2015']",When does new episodes of the flash come out?,"
New episodes of The Flash come out on Tuesdays!","
Knowledge: The Flash is an American action television series developed by Greg Berlanti, Andrew Kreisberg, and Geoff Johns, airing on The CW.
Knowledge: Series overview
The Flash series overview
Season	Episodes	Originally aired	Rank	Average viewership
(in millions)
First aired	Last aired
1	23	October 7, 2014	May 19, 2015	118	4.62[3]
2	23	October 6, 2015	May 24, 2016	112	4.25[4]
3	23	October 4, 2016	May 23, 2017	120	3.50[5]
4	23	October 10, 2017	May 22, 2018	151	3.04[6]
5	22	October 9, 2018	May 14, 2019	153	2.43[7]
6	19	October 8, 2019	May 12, 2020	113	2.23[8]
7	18	March 2, 2021	July 20, 2021	132	1.58[9]

Long Answer: The Flash is an American action television series that originally aired with the first season on October 7, 2014. The second season aired on October 6, 2015. The third season aired October 4, 2016 and the fourth season aired on October 10, 2017.",0.03311338275671,0.0,0.0
E13269,269,71,complex,"['October 10, 2017', 'October 4, 2016', 'October 6, 2015']",When does new episodes of the flash come out?,"
The perpetual query of the discerning viewer regarding the episodic release schedule of the iconic television series, The Flash. To provide a definitive answer, one must peruse the sequential chronology of the show's airing cycles. Following a meticulously calculated trajectory, it can be ascertained that new episodes of The Flash are typically broadcast on Tuesdays at 8:00 p.m. Eastern Time, commencing from October 10, 2022, and proceeding through the current season.","
Knowledge: The Flash is an American action television series developed by Greg Berlanti, Andrew Kreisberg, and Geoff Johns, airing on The CW.
Knowledge: Series overview
The Flash series overview
Season	Episodes	Originally aired	Rank	Average viewership
(in millions)
First aired	Last aired
1	23	October 7, 2014	May 19, 2015	118	4.62[3]
2	23	October 6, 2015	May 24, 2016	112	4.25[4]
3	23	October 4, 2016	May 23, 2017	120	3.50[5]
4	23	October 10, 2017	May 22, 2018	151	3.04[6]
5	22	October 9, 2018	May 14, 2019	153	2.43[7]
6	19	October 8, 2019	May 12, 2020	113	2.23[8]
7	18	March 2, 2021	July 20, 2021	132	1.58[9]

Long Answer: The Flash is an American action television series that originally aired with the first season on October 7, 2014. The second season aired on October 6, 2015. The third season aired October 4, 2016 and the fourth season aired on October 10, 2017.",-0.0549442954361438,0.0054116400333358,0.0
E12270,270,9,simple,"['the Big O', 'Oscar Robertson', 'Oscar Palmer Robertson', 'Russell Westbrook', 'Russell Westbrook III']",Who holds the most triple doubles in nba history?,"
Oscar Robertson holds the most triple-doubles in NBA history.","
Knowledge: https://en.wikipedia.org/wiki/Double-double
Knowledge: Russell Westbrook III[1] is an American professional basketball player for the Washington Wizards of the National Basketball Association (NBA). In 2017, the year he won the league MVP award, Westbrook became one of two players in NBA history to average a triple-double for a season, along with Oscar Robertson in 1962.
Long Answer: Russell Westbrook III is an American professional basketball player for the Washington Wizards. In 2017, He became one of two players in NBA history to average a triple-double for a season, along with Oscar Robertson in 1962. A player records a triple-double when accumulating ten or more in three of the statistical categories.
Context: Currently, Oscar Robertson leads the all-time NBA list for career triple-doubles with 181 and is, along with Russell Westbrook, one of only two players ever to average a triple-double for a season. Westbrook currently holds the record for most triple-doubles in a season with 42 and is the only player to average a triple-double for three consecutive seasons.",0.4765066504478454,0.0561222232430572,0.2
E13270,270,133,complex,"['the Big O', 'Oscar Robertson', 'Oscar Palmer Robertson', 'Russell Westbrook', 'Russell Westbrook III']",Who holds the most triple doubles in nba history?,"
The distinction of possessing the most triple-doubles in NBA history is unequivocally attributed to Russell Westbrook III. As of my last update, he holds the top spot on the all-time list, surpassing his contemporaries with a staggering 181 triple-double accolades. This impressive achievement is a testament to his unwavering dedication and unrelenting work ethic, which have enabled him to excel in multiple facets of the game simultaneously. Notably, he is joined as one of only two individuals in NBA history to average a triple-double for a season, a feat that is a remarkable testament to his exceptional basketball prowess and unparalleled versatility. Furthermore, his record for the most triple-doubles in a season stands at a remarkable 42, a mark that solidifies his position as one of the greatest players in the league's history.","
Knowledge: https://en.wikipedia.org/wiki/Double-double
Knowledge: Russell Westbrook III[1] is an American professional basketball player for the Washington Wizards of the National Basketball Association (NBA). In 2017, the year he won the league MVP award, Westbrook became one of two players in NBA history to average a triple-double for a season, along with Oscar Robertson in 1962.
Long Answer: Russell Westbrook III is an American professional basketball player for the Washington Wizards. In 2017, He became one of two players in NBA history to average a triple-double for a season, along with Oscar Robertson in 1962. A player records a triple-double when accumulating ten or more in three of the statistical categories.
Context: Currently, Oscar Robertson leads the all-time NBA list for career triple-doubles with 181 and is, along with Russell Westbrook, one of only two players ever to average a triple-double for a season. Westbrook currently holds the record for most triple-doubles in a season with 42 and is the only player to average a triple-double for three consecutive seasons.",0.1914648860692978,0.0031649748160046,0.4
E12271,271,15,simple,"['Moana', 'Cravalho', 'Auliʻi Cravalho', 'Cara', 'Alessia Caracciolo', 'Alessia Cara']",Who sings how far it goes in moana?,"
Auliʻi Cravalho and Alessia Cara both sing ""How Far I'll Go"" in the movie Moana.","
Knowledge: ""How Far I'll Go"" is a song from Disney's 2016 animated feature film Moana. The song was performed in the film by American actress and singer Auliʻi Cravalho in her role as Moana. Canadian singer Alessia Cara also recorded the song for the Moana soundtrack. 
Long Answer: ""How Far I'll Go"" is a song from Disney's 2016 animated feature film Moana. The song was performed in the film by American actress and singer Auliʻi Cravalho in her role as Moana. Canadian singer Alessia Cara also recorded the song for the Moana soundtrack.  
Context: Canadian singer and songwriter Alessia Cara recorded ""How Far I'll Go"" for the ""Moana"" soundtrack, with the song being released ahead of the soundtrack on October 28, 2016.
Context: ""How Far I'll Go"" is a song from Disney's 2016 animated feature film ""Moana"". It was written and produced by Lin-Manuel Miranda. The song was performed in the film by American actress and singer Auliʻi Cravalho in her role as Moana. It was released along with the album on November 18, 2016. Canadian singer Alessia Cara also recorded the song for the ""Moana"" soundtrack. The song was nominated for Best Original Song at the 89th Academy Awards and Best Original Song at the 74th Golden Globe Awards but lost both to ""City of Stars"" from ""La La Land."" It did however win the Grammy Award for Best Song Written for Visual Media at the 60th Annual Grammy Awards.",0.3412542343139648,0.0395308837466984,0.8333333333333334
E13271,271,52,complex,"['Moana', 'Cravalho', 'Auliʻi Cravalho', 'Cara', 'Alessia Caracciolo', 'Alessia Cara']",Who sings how far it goes in moana?,"
The song ""How Far I'll Go"" from Disney's 2016 animated feature film Moana is performed by the multifaceted vocalist Auliʻi Cravalho, who also portrayed the titular character in the film. Furthermore, it is worth noting that Alessia Cara, a Canadian singer-songwriter, also recorded a rendition of the song for the Moana soundtrack.","
Knowledge: ""How Far I'll Go"" is a song from Disney's 2016 animated feature film Moana. The song was performed in the film by American actress and singer Auliʻi Cravalho in her role as Moana. Canadian singer Alessia Cara also recorded the song for the Moana soundtrack. 
Long Answer: ""How Far I'll Go"" is a song from Disney's 2016 animated feature film Moana. The song was performed in the film by American actress and singer Auliʻi Cravalho in her role as Moana. Canadian singer Alessia Cara also recorded the song for the Moana soundtrack.  
Context: Canadian singer and songwriter Alessia Cara recorded ""How Far I'll Go"" for the ""Moana"" soundtrack, with the song being released ahead of the soundtrack on October 28, 2016.
Context: ""How Far I'll Go"" is a song from Disney's 2016 animated feature film ""Moana"". It was written and produced by Lin-Manuel Miranda. The song was performed in the film by American actress and singer Auliʻi Cravalho in her role as Moana. It was released along with the album on November 18, 2016. Canadian singer Alessia Cara also recorded the song for the ""Moana"" soundtrack. The song was nominated for Best Original Song at the 89th Academy Awards and Best Original Song at the 74th Golden Globe Awards but lost both to ""City of Stars"" from ""La La Land."" It did however win the Grammy Award for Best Song Written for Visual Media at the 60th Annual Grammy Awards.",0.3273490667343139,0.0046354874824406,0.8333333333333334
E12272,272,16,simple,"['Kudankulam', 'Jaitapur']",Which is the biggest nuclear power plant in india?,"
The Kudankulam Nuclear Power Plant in Tamil Nadu is the biggest nuclear power plant in India.","
Knowledge: Kudankulam Nuclear Power Plant (or Kudankulam NPP or KKNPP) is the largest nuclear power station in India, situated in Kudankulam in the Tirunelveli district of the southern Indian state of Tamil Nadu. 
Knowledge: Jaitapur Nuclear Power Project is a proposed nuclear power plant in India. If built, it would be the largest nuclear power generating station in the world by net generation capacity, at 9,900 MW.[3][4] 
Long Answer: Kudankulam Nuclear Power Plant is the largest nuclear power station in India, situated in Kudankulam in the Tirunelveli district of the southern Indian state of Tamil Nadu. Jaitapur Nuclear Power Project is a proposed nuclear power plant in India. If built, it would be the largest nuclear power generating station in the world by net generation capacity, at 9,900 MW.
Context: Following the March 2011 Fukushima nuclear disaster in Japan, populations around proposed Indian NPP sites have launched protests that had found resonance around the country. There have been mass protests against the French-backed 9,900 MW Jaitapur Nuclear Power Project in Maharashtra and the Russian-backed 2,000 MW Koodankulam Nuclear Power Plant in Tamil Nadu. The Government of West Bengal initially refused permission to a proposed 6,000 MW facility near the town of Haripur that intended to host 6 Russian reactors. But after stiff resistance from locals, the proposed Nuclear Power Plant planned in Haripur has been shifted to Kavali in Andhra Pradesh. Interestingly, the Nuclear Power Plant planned at Kovvada in Andhra Pradesh was shifted from Mithi Virdi in Gujarat after locals in the Western state too showed resistance.",0.5057068467140198,0.0123006862884637,0.5
E13272,272,60,complex,"['Kudankulam', 'Jaitapur']",Which is the biggest nuclear power plant in india?,"
The Kudankulam Nuclear Power Plant, situated in the southern Indian state of Tamil Nadu, is currently the largest nuclear power facility in India, boasting a substantial energy output capacity. Its size and magnitude render it a behemoth in the realm of nuclear power generation, thereby earning it the designation of a premier nuclear power station within the country's energy infrastructure.","
Knowledge: Kudankulam Nuclear Power Plant (or Kudankulam NPP or KKNPP) is the largest nuclear power station in India, situated in Kudankulam in the Tirunelveli district of the southern Indian state of Tamil Nadu. 
Knowledge: Jaitapur Nuclear Power Project is a proposed nuclear power plant in India. If built, it would be the largest nuclear power generating station in the world by net generation capacity, at 9,900 MW.[3][4] 
Long Answer: Kudankulam Nuclear Power Plant is the largest nuclear power station in India, situated in Kudankulam in the Tirunelveli district of the southern Indian state of Tamil Nadu. Jaitapur Nuclear Power Project is a proposed nuclear power plant in India. If built, it would be the largest nuclear power generating station in the world by net generation capacity, at 9,900 MW.
Context: Following the March 2011 Fukushima nuclear disaster in Japan, populations around proposed Indian NPP sites have launched protests that had found resonance around the country. There have been mass protests against the French-backed 9,900 MW Jaitapur Nuclear Power Project in Maharashtra and the Russian-backed 2,000 MW Koodankulam Nuclear Power Plant in Tamil Nadu. The Government of West Bengal initially refused permission to a proposed 6,000 MW facility near the town of Haripur that intended to host 6 Russian reactors. But after stiff resistance from locals, the proposed Nuclear Power Plant planned in Haripur has been shifted to Kavali in Andhra Pradesh. Interestingly, the Nuclear Power Plant planned at Kovvada in Andhra Pradesh was shifted from Mithi Virdi in Gujarat after locals in the Western state too showed resistance.",0.2648936212062835,0.0030403492330397,0.5
E12273,273,9,simple,"['Bowie', 'David Robert Jones', 'David Bowie', 'Peter Gabriel', 'Ebba Tove Elsa Nilsson', 'Tove Lo']",Who sang the song we can be heroes?,"
The song ""We Can Be Heroes"" is by Alesso.","
Knowledge: ""'Heroes'""[a] is a song by English singer-songwriter David Bowie. It was co-written by Bowie and Brian Eno, produced by Bowie and Tony Visconti, and recorded in July and August 1977 at Hansa Studio by the Wall. It was released on 23 September 1977 as the lead single from his 12th studio album of the same name, backed with the song ""V-2 Schneider""
Knowledge: ""Heroes (We Could Be)"" is a song by Swedish DJ and record producer Alesso, featuring the vocals of Swedish singer Tove Lo. Released on 25 August 2014, the song has charted in a number of countries.
Knowledge: Peter Gabriel recorded a version for his album Scratch My Back (2010).[111] It was used in two episodes of American series ""Stranger Things"" (S01E03 and S03E08).[112]
Long Answer: ""Heroes"" is a song by English singer-songwriter David Bowie. It was co-written by Bowie and Brian Eno, produced by Bowie and Tony Visconti, and recorded in July and August 1977 at Hansa Studio by the Wall. ""Heroes (We Could Be)"" is a song by Swedish DJ and record producer Alesso, featuring the vocals of Swedish singer Tove Lo. Released on 25 August 2014, the song has charted in a number of countries. Peter Gabriel also recorded a version of ""Heroes"" for his album Scratch My Back (2010). It was used in two episodes of American series ""Stranger Things"".
Context: Even though the song's melody bears no similarity to David Bowie's 1977 single """"Heroes"""", his and Brian Eno's names were added to the song's writing credits in July 2015. Alesso told the ""Daily Star"": ""I just didn't want to get sued. They aren't similar, but we needed protection in case we pissed off Bowie.""
Context: ""Heroes (We Could Be)"" is a song by Swedish DJ and record producer Alesso, featuring the vocals of Swedish singer Tove Lo. Released on 25 August 2014, the song has charted in a number of countries. In the US, the song went to number one on the dance chart.",0.2594243288040161,0.0,0.0
E13273,273,25,complex,"['Bowie', 'David Robert Jones', 'David Bowie', 'Peter Gabriel', 'Ebba Tove Elsa Nilsson', 'Tove Lo']",Who sang the song we can be heroes?,"
The song ""We Could Be Heroes"" is a composition by the Swedish DJ and record producer Alesso, in collaboration with the Swedish vocalist Tove Lo.","
Knowledge: ""'Heroes'""[a] is a song by English singer-songwriter David Bowie. It was co-written by Bowie and Brian Eno, produced by Bowie and Tony Visconti, and recorded in July and August 1977 at Hansa Studio by the Wall. It was released on 23 September 1977 as the lead single from his 12th studio album of the same name, backed with the song ""V-2 Schneider""
Knowledge: ""Heroes (We Could Be)"" is a song by Swedish DJ and record producer Alesso, featuring the vocals of Swedish singer Tove Lo. Released on 25 August 2014, the song has charted in a number of countries.
Knowledge: Peter Gabriel recorded a version for his album Scratch My Back (2010).[111] It was used in two episodes of American series ""Stranger Things"" (S01E03 and S03E08).[112]
Long Answer: ""Heroes"" is a song by English singer-songwriter David Bowie. It was co-written by Bowie and Brian Eno, produced by Bowie and Tony Visconti, and recorded in July and August 1977 at Hansa Studio by the Wall. ""Heroes (We Could Be)"" is a song by Swedish DJ and record producer Alesso, featuring the vocals of Swedish singer Tove Lo. Released on 25 August 2014, the song has charted in a number of countries. Peter Gabriel also recorded a version of ""Heroes"" for his album Scratch My Back (2010). It was used in two episodes of American series ""Stranger Things"".
Context: Even though the song's melody bears no similarity to David Bowie's 1977 single """"Heroes"""", his and Brian Eno's names were added to the song's writing credits in July 2015. Alesso told the ""Daily Star"": ""I just didn't want to get sued. They aren't similar, but we needed protection in case we pissed off Bowie.""
Context: ""Heroes (We Could Be)"" is a song by Swedish DJ and record producer Alesso, featuring the vocals of Swedish singer Tove Lo. Released on 25 August 2014, the song has charted in a number of countries. In the US, the song went to number one on the dance chart.",0.3450768589973449,0.0075757312251589,0.1666666666666666
E12274,274,48,simple,"['July 4, 1776', 'September 9, 1776']",When did america become united states of america?,"
America was not always called ""United States of America"". 

In 1776, the Declaration of Independence was signed on July 4. Before that, the country was called ""United Colonies of America"".

Later, in 1776, Congress changed the name to ""United States of America"". This happened on September 9, 1776.","
Long Answer: On July 4, 1776 they adopted the Declaration of Independence and this date is celebrated as the nation's birthday. On September 9, 1776 Congress officially changed the nation's name to the United States of America. Until this point, the nation was known as the ""United Colonies of America""
Context: On July 4, 1776 they adopted the Declaration of Independence and this date is celebrated as the nation's birthday. On September 9 of that year, Congress officially changed the nation's name to the United States of America. Until this point, the nation was known as the ""United Colonies of America""",0.3841922879219055,0.0089526777719366,0.5
E13274,274,105,complex,"['July 4, 1776', 'September 9, 1776']",When did america become united states of america?,"
The metamorphosis of the nascent American nation from its erstwhile designation of ""United Colonies of America"" to the majestic appellation ""United States of America"" precipitated a profound transformation, which transpired on September 9, 1776. This fateful date marked the culmination of a protracted period of deliberation, during which the Continental Congress resolved to rectify the anachronistic terminology by formally adopting the singular, inclusive moniker. Subsequently, on this significant anniversary, the newly minted nation formally assumed its modern identity, thereby solidifying its nascent sovereignty and crystallizing its commitment to the values enshrined within the venerable Declaration of Independence, which had been ratified on July 4, 1776.","
Long Answer: On July 4, 1776 they adopted the Declaration of Independence and this date is celebrated as the nation's birthday. On September 9, 1776 Congress officially changed the nation's name to the United States of America. Until this point, the nation was known as the ""United Colonies of America""
Context: On July 4, 1776 they adopted the Declaration of Independence and this date is celebrated as the nation's birthday. On September 9 of that year, Congress officially changed the nation's name to the United States of America. Until this point, the nation was known as the ""United Colonies of America""",0.049427580088377,0.0051387499793007,1.0
E12275,275,10,simple,"['8', 'eight', '4', 'four']",How many episodes in the last season of house of cards?,"
The last season of ""House of Cards"" had 8 episodes.","
Long Answer: On December 4, 2017, Ted Sarandos, Netflix's chief content officer, announced that production for ""House of Cards"" would restart in 2018 with Robin Wright in the lead, and revealed that the sixth and final season of the show would now consist of eight episodes.
Context: On October 11, 2017, ""The Baltimore Sun"" reported that ""House of Cards"" had been renewed for a sixth season and that filming would begin by the end of October 2017. On October 29, actor Anthony Rapp publicly stated that lead actor Spacey had made a sexual advance on him at a 1986 party when Rapp was 14. The following day, Netflix announced that the upcoming sixth season of ""House of Cards"" would be its last. Multiple sources stated that the decision to end the series was made prior to Rapp's accusation, but the announcement nevertheless caused suspicions for its timing. The following day, it was announced that production on the season would be temporarily suspended, according to an official joint statement from Netflix and MRC, ""to give us time to review the current situation and to address any concerns of our cast and crew"". On November 3, 2017, Netflix announced that they would no longer be associated with Spacey in any capacity whatsoever. On December 4, 2017, Ted Sarandos, Netflix's chief content officer, announced that production would restart in 2018 with Robin Wright in the lead, and revealed that the final season of the show would now consist of eight episodes. Spacey was removed from the cast and as executive producer. In 2019, the last remaining related criminal charges against him were dropped.
Context: House of Cards is a 1990 British political thriller television serial in four episodes, set after the end of Margaret Thatcher's tenure as Prime Minister of the United Kingdom. It was televised by the BBC from 18 November to 9 December 1990, to critical and popular acclaim.",0.453313797712326,0.0211053406318726,0.25
E13275,275,141,complex,"['8', 'eight', '4', 'four']",How many episodes in the last season of house of cards?,"
In light of the recent developments surrounding the beleaguered television series, it is pertinent to note that the final season of ""House of Cards"" underwent a paradigmatic shift in its production timeline, precipitating a substantial adjustment in the number of episodes. In December 2017, Ted Sarandos, Netflix's chief content officer, announced that production would commence anew in 2018, with Robin Wright assuming the lead role, and further stipulated that the sixth and final season of the series would comprise eight episodes, rather than the previously reported six. This revised epiphanic change was made in response to the unfolding controversy surrounding Kevin Spacey, whose erstwhile involvement with the production was subsequently terminated, thereby necessitating a recalibration of the series' production schedule. Consequently, the revised episode count of eight episodes now serves as the definitive and final tally for the series' concluding season.","
Long Answer: On December 4, 2017, Ted Sarandos, Netflix's chief content officer, announced that production for ""House of Cards"" would restart in 2018 with Robin Wright in the lead, and revealed that the sixth and final season of the show would now consist of eight episodes.
Context: On October 11, 2017, ""The Baltimore Sun"" reported that ""House of Cards"" had been renewed for a sixth season and that filming would begin by the end of October 2017. On October 29, actor Anthony Rapp publicly stated that lead actor Spacey had made a sexual advance on him at a 1986 party when Rapp was 14. The following day, Netflix announced that the upcoming sixth season of ""House of Cards"" would be its last. Multiple sources stated that the decision to end the series was made prior to Rapp's accusation, but the announcement nevertheless caused suspicions for its timing. The following day, it was announced that production on the season would be temporarily suspended, according to an official joint statement from Netflix and MRC, ""to give us time to review the current situation and to address any concerns of our cast and crew"". On November 3, 2017, Netflix announced that they would no longer be associated with Spacey in any capacity whatsoever. On December 4, 2017, Ted Sarandos, Netflix's chief content officer, announced that production would restart in 2018 with Robin Wright in the lead, and revealed that the final season of the show would now consist of eight episodes. Spacey was removed from the cast and as executive producer. In 2019, the last remaining related criminal charges against him were dropped.
Context: House of Cards is a 1990 British political thriller television serial in four episodes, set after the end of Margaret Thatcher's tenure as Prime Minister of the United Kingdom. It was televised by the BBC from 18 November to 9 December 1990, to critical and popular acclaim.",0.1642163097858429,0.0012747932089758,0.5
E12276,276,9,simple,"['Emperor Titus', 'Titus', 'Vespasian']",Who was the roman emperor when jerusalem was destroyed?,"
The Roman Emperor when Jerusalem was destroyed was Titus.","
Knowledge: The siege of Jerusalem in the year 70 CE was the decisive event of the First Jewish–Roman War, in which the Roman army captured the city of Jerusalem and destroyed both the city and its Temple. The Roman army, led by the future Emperor Titus, with Tiberius Julius Alexander as his second-in-command, besieged and conquered the city of Jerusalem, which had been controlled by Judean rebel factions since 66 CE, following the Jerusalem riots of 66, when the Judean provisional government was formed in Jerusalem.
Knowledge: Josephus places the siege in the second year of Vespasian,[7] which corresponds to year 70 of the Common Era.
Long Answer: The siege of Jerusalem in the year 70 CE was the decisive event of the First Jewish–Roman War, in which the Roman army captured the city of Jerusalem and destroyed both the city and its Temple. The Roman army, led by the future Emperor Titus, with Tiberius Julius Alexander as his second-in-command, besieged and conquered the city of Jerusalem, which had been controlled by Judean rebel factions since 66 CE, following the Jerusalem riots of 66, when the Judean provisional government was formed in Jerusalem. Josephus places the siege in the second year of Vespasian, which corresponds to year 70 of the Common Era.
Context: The Siege of Jerusalem in the year 70 CE was the decisive event of the First Jewish–Roman War, in which the Roman army captured the city of Jerusalem and destroyed both the city and its Temple. The Roman army, led by the future Emperor Titus, with Tiberius Julius Alexander as his second-in-command, besieged and conquered the city of Jerusalem, which had been controlled by Judean rebel factions since 66 CE, following the Jerusalem riots of 66, when the Judean provisional government was formed in Jerusalem.
Context: Josephus places the siege in the second year of Vespasian, which corresponds to year 70 of the Common Era.",0.2747529745101928,0.0239802967618271,0.3333333333333333
E13276,276,109,complex,"['Emperor Titus', 'Titus', 'Vespasian']",Who was the roman emperor when jerusalem was destroyed?,"
During the pivotal event of the siege of Jerusalem in the year 70 CE, the Roman Empire was governed by Emperor Vespasian, who assumed the throne in 69 CE, subsequently marking the beginning of his reign. Subsequently, his son, Titus, succeeded him as the Emperor, playing a pivotal role in the campaign to capture the besieged city. Specifically, Titus led the Roman army to victory, with Tiberius Julius Alexander serving as his co-commander. This marked a decisive turning point in the First Jewish-Roman War, ultimately culminating in the destruction of the city and the Temple, an event that has had profound and far-reaching consequences in the annals of history.","
Knowledge: The siege of Jerusalem in the year 70 CE was the decisive event of the First Jewish–Roman War, in which the Roman army captured the city of Jerusalem and destroyed both the city and its Temple. The Roman army, led by the future Emperor Titus, with Tiberius Julius Alexander as his second-in-command, besieged and conquered the city of Jerusalem, which had been controlled by Judean rebel factions since 66 CE, following the Jerusalem riots of 66, when the Judean provisional government was formed in Jerusalem.
Knowledge: Josephus places the siege in the second year of Vespasian,[7] which corresponds to year 70 of the Common Era.
Long Answer: The siege of Jerusalem in the year 70 CE was the decisive event of the First Jewish–Roman War, in which the Roman army captured the city of Jerusalem and destroyed both the city and its Temple. The Roman army, led by the future Emperor Titus, with Tiberius Julius Alexander as his second-in-command, besieged and conquered the city of Jerusalem, which had been controlled by Judean rebel factions since 66 CE, following the Jerusalem riots of 66, when the Judean provisional government was formed in Jerusalem. Josephus places the siege in the second year of Vespasian, which corresponds to year 70 of the Common Era.
Context: The Siege of Jerusalem in the year 70 CE was the decisive event of the First Jewish–Roman War, in which the Roman army captured the city of Jerusalem and destroyed both the city and its Temple. The Roman army, led by the future Emperor Titus, with Tiberius Julius Alexander as his second-in-command, besieged and conquered the city of Jerusalem, which had been controlled by Judean rebel factions since 66 CE, following the Jerusalem riots of 66, when the Judean provisional government was formed in Jerusalem.
Context: Josephus places the siege in the second year of Vespasian, which corresponds to year 70 of the Common Era.",0.1615624874830246,0.0019673087556743,0.6666666666666666
E12277,277,9,simple,"['Johnny Galecki', 'Isaac Harger']",Who plays leonard on the big bang theory?,"
Johnny Galecki plays Leonard on The Big Bang Theory.","
Knowledge: Galecki played Leonard Hofstadter in the CBS sitcom The Big Bang Theory.
Knowledge: Leonard makes a brief non-speaking cameo as a child in the Season 2 finale of Young Sheldon; he was portrayed by Isaac Harger as a child.


Long Answer: Johnny Galecki played Leonard Hofstadter in the CBS sitcom The Big Bang Theory. Leonard makes a brief non-speaking cameo as a child in the Season 2 finale of Young Sheldon; he was portrayed by Isaac Harger as a child.
Context: Leonard Leakey Hofstadter, Ph.D., is a fictional character in the CBS sitcom ""The Big Bang Theory"", in which he is portrayed by actor Johnny Galecki. Leonard is an experimental physicist, who shares an apartment with colleague and best friend Dr. Sheldon Cooper (Jim Parsons). For his portrayal, Galecki was nominated for a Primetime Emmy Award and a Golden Globe Award in 2011.",0.4083027839660644,0.0507121533694655,0.5
E13277,277,77,complex,"['Johnny Galecki', 'Isaac Harger']",Who plays leonard on the big bang theory?,"
The inimitable Johnny Galecki assumes the role of Leonard Hofstadter, the titular character of the popular CBS sitcom ""The Big Bang Theory"". Galecki's nuanced and multifaceted portrayal of Leonard, a brilliant and endearing experimental physicist, has garnered significant critical acclaim, including nominations for a Primetime Emmy Award and a Golden Globe Award. His performance, replete with impeccable comedic timing and a deep understanding of the character's inner workings, has been widely lauded by critics and audiences alike.","
Knowledge: Galecki played Leonard Hofstadter in the CBS sitcom The Big Bang Theory.
Knowledge: Leonard makes a brief non-speaking cameo as a child in the Season 2 finale of Young Sheldon; he was portrayed by Isaac Harger as a child.


Long Answer: Johnny Galecki played Leonard Hofstadter in the CBS sitcom The Big Bang Theory. Leonard makes a brief non-speaking cameo as a child in the Season 2 finale of Young Sheldon; he was portrayed by Isaac Harger as a child.
Context: Leonard Leakey Hofstadter, Ph.D., is a fictional character in the CBS sitcom ""The Big Bang Theory"", in which he is portrayed by actor Johnny Galecki. Leonard is an experimental physicist, who shares an apartment with colleague and best friend Dr. Sheldon Cooper (Jim Parsons). For his portrayal, Galecki was nominated for a Primetime Emmy Award and a Golden Globe Award in 2011.",0.2095881551504135,0.0049814775080911,0.5
E12278,278,11,simple,"['19 February 1996', '2 October 1995']",When did dont look back in anger come out?,"
""Don't Look Back in Anger"" was released on 19 February 1996.","
Knowledge: (What's the Story) Morning Glory? is the second studio album by English rock band Oasis. Released on 2 October 1995 by Creation Records, it was produced by Owen Morris and the group's guitarist and main songwriter Noel Gallagher.
Long Answer: ""Don't Look Back in Anger"" is a song by the English rock band Oasis. It was released on 19 February 1996 as the fourth single from their second studio album, ""(What's the Story) Morning Glory?"" (2 October 1995).
Context: ""Don't Look Back in Anger"" is a song by the English rock band Oasis. It was released on 19 February 1996 as the fourth single from their second studio album, ""(What's the Story) Morning Glory?"" (1995). The song was written by the band's guitarist and main songwriter, Noel Gallagher. It became the band's second single to reach number one on the UK Singles Chart, where it also went platinum. It was also the first Oasis single with lead vocals by Noel (who had previously only sung lead on B-sides) instead of his brother, Liam.",0.4154877662658691,0.0398635712826801,0.5
E13278,278,23,complex,"['19 February 1996', '2 October 1995']",When did dont look back in anger come out?,"
The titular song ""Don't Look Back in Anger"" was released as a single by the English rock band Oasis on February 19, 1996.","
Knowledge: (What's the Story) Morning Glory? is the second studio album by English rock band Oasis. Released on 2 October 1995 by Creation Records, it was produced by Owen Morris and the group's guitarist and main songwriter Noel Gallagher.
Long Answer: ""Don't Look Back in Anger"" is a song by the English rock band Oasis. It was released on 19 February 1996 as the fourth single from their second studio album, ""(What's the Story) Morning Glory?"" (2 October 1995).
Context: ""Don't Look Back in Anger"" is a song by the English rock band Oasis. It was released on 19 February 1996 as the fourth single from their second studio album, ""(What's the Story) Morning Glory?"" (1995). The song was written by the band's guitarist and main songwriter, Noel Gallagher. It became the band's second single to reach number one on the UK Singles Chart, where it also went platinum. It was also the first Oasis single with lead vocals by Noel (who had previously only sung lead on B-sides) instead of his brother, Liam.",0.4476513266563415,0.0082822826609696,0.0
E12279,279,14,simple,"['Idrissa Akuna Elba', 'Idris Elba', 'Elba', 'Kani', 'Atandwa Kani', 'Siza Pini']",Who plays the role of nelson mandela in long walk to freedom?,"
Nelson Mandela was played by Idris Elba in the movie Long Walk to Freedom.","
Knowledge: Mandela: Long Walk to Freedom is a 2013 British-South African biographical film directed by Justin Chadwick from a script written by William Nicholson and starring Idris Elba and Naomie Harris.
Long Answer: Mandela: Long Walk to Freedom is a 2013 British-South African biographical film directed by Justin Chadwick from a script written by William Nicholson and starring Idrissa Akunu Elba as older adult Nelson Mandela, Atandwa Kani as 16-23 year old Nelson Mandela, and Siza Pini as 7-9 year old Nelson Mandela.",0.4798711538314819,0.0302062052524355,0.3333333333333333
E13279,279,22,complex,"['Idrissa Akuna Elba', 'Idris Elba', 'Elba', 'Kani', 'Atandwa Kani', 'Siza Pini']",Who plays the role of nelson mandela in long walk to freedom?,"
The esteemed Nelson Mandela is portrayed by a distinguished actor, Idris Elba, in the 2013 biographical film ""Mandela: Long Walk to Freedom"".","
Knowledge: Mandela: Long Walk to Freedom is a 2013 British-South African biographical film directed by Justin Chadwick from a script written by William Nicholson and starring Idris Elba and Naomie Harris.
Long Answer: Mandela: Long Walk to Freedom is a 2013 British-South African biographical film directed by Justin Chadwick from a script written by William Nicholson and starring Idrissa Akunu Elba as older adult Nelson Mandela, Atandwa Kani as 16-23 year old Nelson Mandela, and Siza Pini as 7-9 year old Nelson Mandela.",0.4023707509040832,0.0086874757827166,0.3333333333333333
E12280,280,22,simple,"['5 July 1969', '6 and 13 July 2013']",When did the rolling stones play in hyde park?,"
The Rolling Stones played in Hyde Park twice:

1. In 1969, on July 5th.
2. In 2013, on July 6th and 13th.","
Knowledge: 50 & Counting was a concert tour by The Rolling Stones to celebrate the 50th anniversary of the band, which started in October 2012 (with two secret club gigs in Paris) and ended in July 2013 (with two major shows at Hyde Park).
Long Answer: The Rolling Stones played at The Stones in the Park which was a free outdoor festival held in Hyde Park on 5 July 1969. The Rolling Stones returned to Hyde Park during their 50 & Counting concert tour on July 6 and 13, 2013.
Context: The Stones in the Park was a free outdoor festival held in Hyde Park on 5 July 1969, headlined by The Rolling Stones and featuring Third Ear Band, King Crimson, Screw, Alexis Korner's New Church, Family and the Battered Ornaments, in front of a crowd estimated at between 250,000 and 500,000 fans.",0.3344923257827759,0.0103312080122204,0.0
E13280,280,119,complex,"['5 July 1969', '6 and 13 July 2013']",When did the rolling stones play in hyde park?,"
The Rolling Stones have historically performed in Hyde Park on two occasions. 

The first instance occurred on July 5, 1969, when they headlined the ""Stones in the Park"" festival, a convivial outdoor concert that drew an immense and estimable audience of approximately 250,000 to 500,000 aficionados. The event featured a diverse array of musical talents, including Third Ear Band, King Crimson, Screw, Alexis Korner's New Church, Family, and the Battered Ornaments, in a harmonious convergence of sonic excellence.

Additionally, the band returned to Hyde Park during their 50 & Counting concert tour in July 2013, performing on July 6 and 13, marking a return engagement with the park that served as a fitting culmination to their elaborate celebratory endeavor.","
Knowledge: 50 & Counting was a concert tour by The Rolling Stones to celebrate the 50th anniversary of the band, which started in October 2012 (with two secret club gigs in Paris) and ended in July 2013 (with two major shows at Hyde Park).
Long Answer: The Rolling Stones played at The Stones in the Park which was a free outdoor festival held in Hyde Park on 5 July 1969. The Rolling Stones returned to Hyde Park during their 50 & Counting concert tour on July 6 and 13, 2013.
Context: The Stones in the Park was a free outdoor festival held in Hyde Park on 5 July 1969, headlined by The Rolling Stones and featuring Third Ear Band, King Crimson, Screw, Alexis Korner's New Church, Family and the Battered Ornaments, in front of a crowd estimated at between 250,000 and 500,000 fans.",0.306172251701355,0.0035421105277842,0.0
E12281,281,4,simple,"['Urmila', 'Urmila', 'Anjali Vyas']",Who is the wife of lakshmana in ramayana?,"
Lakshmana's wife is Urmila.","
Knowledge: Urmila (Sanskrit: ऊर्मिला, IAST: Ūrmilā)) is a character in the Hindu religious text of Ramayana. She was the wife of Lakshmana, younger brother of Rama.
Knowledge: Anjali Vyas as Urmila,[19] Goddess Naga Lakshmi's incarnation; Janak and Sunaina's younger daughter; Sita's sister; Lakshmana's wife
Knowledge: Ramayan (Hindi : रामायण) is an Indian Hindi-language true epic television series based on ancient Indian Sanskrit epic Ramayana. The show was originally aired between 1987 and 1988 on DD National. 
Long Answer: Urmila is a character in the Hindu religious text of Ramayana. She was the wife of Lakshmana, younger brother of Rama. Anjali Vyas plays Urmila in the 1987 television series Ramayan.
Context: Urmila (Sanskrit:: ऊर्मिला) is a character in the Hindu epic ""Ramayana"". She was daughter of King Janaka of Mithila and Queen Sunaina and younger sister of Sita. She was wife of Lakshmana, younger brother of Rama. They had two sons - Angada and Chandraketu.",0.0739384964108467,0.0,0.5
E13281,281,73,complex,"['Urmila', 'Urmila', 'Anjali Vyas']",Who is the wife of lakshmana in ramayana?,"
In the revered Hindu text of Ramayana, the wife of Lakshmana, a paradigmatic figure in the epic, is none other than Urmila, whose significance is multifaceted and deeply entwined with the narrative of the text. As the daughter of King Janaka of Mithila and Queen Sunaina, Urmila is not only a crucial figure in her own right but also serves as a sister to the illustrious Sita, the eponymous heroine of the Ramayana.","
Knowledge: Urmila (Sanskrit: ऊर्मिला, IAST: Ūrmilā)) is a character in the Hindu religious text of Ramayana. She was the wife of Lakshmana, younger brother of Rama.
Knowledge: Anjali Vyas as Urmila,[19] Goddess Naga Lakshmi's incarnation; Janak and Sunaina's younger daughter; Sita's sister; Lakshmana's wife
Knowledge: Ramayan (Hindi : रामायण) is an Indian Hindi-language true epic television series based on ancient Indian Sanskrit epic Ramayana. The show was originally aired between 1987 and 1988 on DD National. 
Long Answer: Urmila is a character in the Hindu religious text of Ramayana. She was the wife of Lakshmana, younger brother of Rama. Anjali Vyas plays Urmila in the 1987 television series Ramayan.
Context: Urmila (Sanskrit:: ऊर्मिला) is a character in the Hindu epic ""Ramayana"". She was daughter of King Janaka of Mithila and Queen Sunaina and younger sister of Sita. She was wife of Lakshmana, younger brother of Rama. They had two sons - Angada and Chandraketu.",0.1184822171926498,0.0024874082113819,0.5
E12282,282,11,simple,"['Aaron Paul', 'Aaron Paul Sturtevant', 'Sir Philip Anthony Hopkins', 'Anthony Hopkins', 'Sir Philip Anthony Hopkins CBE', 'Frank Theodore Levine', 'Ted Levine']",Who played the murderer in silence of the lambs?,"
The murderer in ""The Silence of the Lambs"" is Buffalo Bill.","
Knowledge: ""Silence of the Lamb"" is the eleventh episode of the first season of the American mystery television series Veronica Mars. 
Knowledge: Aaron Paul as Eddie LaRoche/""The Worm""
Knowledge: ""Silence of the Lamb"" is the eleventh episode of the first season of the American mystery television series Veronica Mars. 
Long Answer: The Silence of the Lambs is a 1991 American psychological horror film .It stars Jodie Foster as Clarice Starling, a young FBI trainee who is hunting a serial killer, ""Buffalo Bill"" played by Ted Levine. To catch him, she seeks the advice of the imprisoned Dr. Hannibal Lecter, played by Anthony Hopkins. Aaron Paul plays Eddie LaRoche/ ""The Worm"" in the eleventh episode of the first season of the American mystery television series ""Veronica Mars"".",0.4219825863838196,0.0,0.0
E13282,282,52,complex,"['Aaron Paul', 'Aaron Paul Sturtevant', 'Sir Philip Anthony Hopkins', 'Anthony Hopkins', 'Sir Philip Anthony Hopkins CBE', 'Frank Theodore Levine', 'Ted Levine']",Who played the murderer in silence of the lambs?,"
The protagonist of the cinematic masterpiece ""The Silence of the Lambs"" is indeed a formidable figure, and his identity is a pivotal aspect of the narrative. The serial killer, known colloquially as ""Buffalo Bill,"" is portrayed by the talented actor Ted Levine, whose nuanced performance adds depth and complexity to the character.","
Knowledge: ""Silence of the Lamb"" is the eleventh episode of the first season of the American mystery television series Veronica Mars. 
Knowledge: Aaron Paul as Eddie LaRoche/""The Worm""
Knowledge: ""Silence of the Lamb"" is the eleventh episode of the first season of the American mystery television series Veronica Mars. 
Long Answer: The Silence of the Lambs is a 1991 American psychological horror film .It stars Jodie Foster as Clarice Starling, a young FBI trainee who is hunting a serial killer, ""Buffalo Bill"" played by Ted Levine. To catch him, she seeks the advice of the imprisoned Dr. Hannibal Lecter, played by Anthony Hopkins. Aaron Paul plays Eddie LaRoche/ ""The Worm"" in the eleventh episode of the first season of the American mystery television series ""Veronica Mars"".",0.1810681968927383,0.0035222088095496,0.1428571428571428
E12283,283,11,simple,"['December 15, 2017', 'May 19 , 2017', 'May 19, 2017']",When does the new linkin park cd come out?,"
The new Linkin Park CD came out on May 19, 2017.","
Knowledge: The band's seventh album, One More Light, was released on May 19, 2017.[151][152]
Knowledge: In November 2017, the band announced that a live album compiled from their final tour with Bennington, titled One More Light Live, would be released on December 15.[165]
Long Answer: The band's seventh album, One More Light, was released on May 19, 2017. In November 2017, the band announced that a live album compiled from their final tour with Bennington, titled One More Light Live, would be released on December 15, 2017.
Context: The first single from the new album was revealed to be titled ""Heavy"" and features pop singer Kiiara, the first time the band has featured a female vocalist on an original song for a studio album. The lyrics for the song were co-written by Linkin Park with Julia Michaels and Justin Tranter. The single was released for download on February 16. As they have done in the past, Linkin Park had cryptic messages online in relation to the new album. The album cover was revealed through digital puzzles across social media; the cover features six kids playing in the ocean. The band's seventh album, ""One More Light"", was released on May 19, 2017.",0.4984666705131531,0.0398635712826801,0.3333333333333333
E13283,283,80,complex,"['December 15, 2017', 'May 19 , 2017', 'May 19, 2017']",When does the new linkin park cd come out?,"
The forthcoming discography release from the renowned American rock band Linkin Park has garnered considerable attention from fans and music enthusiasts. Specifically, the seventh studio album, subtitled ""One More Light"", was officially unveiled on May 19, 2017. This inaugural release marked a pivotal moment in the band's storied discography, and it would serve as the culmination of a grueling touring schedule culminating in their final show with lead vocalist Chester Bennington, a highly emotional and poignant moment for the group.","
Knowledge: The band's seventh album, One More Light, was released on May 19, 2017.[151][152]
Knowledge: In November 2017, the band announced that a live album compiled from their final tour with Bennington, titled One More Light Live, would be released on December 15.[165]
Long Answer: The band's seventh album, One More Light, was released on May 19, 2017. In November 2017, the band announced that a live album compiled from their final tour with Bennington, titled One More Light Live, would be released on December 15, 2017.
Context: The first single from the new album was revealed to be titled ""Heavy"" and features pop singer Kiiara, the first time the band has featured a female vocalist on an original song for a studio album. The lyrics for the song were co-written by Linkin Park with Julia Michaels and Justin Tranter. The single was released for download on February 16. As they have done in the past, Linkin Park had cryptic messages online in relation to the new album. The album cover was revealed through digital puzzles across social media; the cover features six kids playing in the ocean. The band's seventh album, ""One More Light"", was released on May 19, 2017.",0.1534404009580612,0.004791063173599,0.3333333333333333
E12284,284,14,simple,"['Barry', 'Gareth Barry', 'Manchester United', 'Manchester United, Arsenal, Chelsea, Liverpool, Tottenham Hotspur, and Everton', 'Chelsea', 'Tottenham Hotspur', 'Liverpool', 'Arsenal', 'Everton']",Who has played the most games in the premier league?,"
Gareth Barry played the most games in the Premier League. He played 653 games.","
Knowledge: Most Premier League appearances: 653, Gareth Barry (2 May 1998 to 24 February 2018)[80]
Knowledge: Manchester United have won more trophies than any other club in English football,[5][6] with a record 20 League titles, 12 FA Cups, five League Cups and a record 21 FA Community Shields.
Long Answer: Gareth Barry has made 653 Premier League appearances, making his the player with the most games in the premier league. Manchester United have won more trophies than any other club in English football, with a record 20 League titles, 12 FA Cups, five League Cups and a record 21 FA Community Shields.",0.4570161402225494,0.0302062052524355,0.2222222222222222
E13284,284,58,complex,"['Barry', 'Gareth Barry', 'Manchester United', 'Manchester United, Arsenal, Chelsea, Liverpool, Tottenham Hotspur, and Everton', 'Chelsea', 'Tottenham Hotspur', 'Liverpool', 'Arsenal', 'Everton']",Who has played the most games in the premier league?,"
The distinction for the record holder of most Premier League appearances is unequivocally Gareth Barry, whose exhaustive career spanning an expansive tenure from May 1998 to February 2018 resulted in an unprecedented 653 matches participated in. This testament to his unwavering dedication and unrelenting perseverance demonstrates his position as the benchmark of longevity and stamina within the league.","
Knowledge: Most Premier League appearances: 653, Gareth Barry (2 May 1998 to 24 February 2018)[80]
Knowledge: Manchester United have won more trophies than any other club in English football,[5][6] with a record 20 League titles, 12 FA Cups, five League Cups and a record 21 FA Community Shields.
Long Answer: Gareth Barry has made 653 Premier League appearances, making his the player with the most games in the premier league. Manchester United have won more trophies than any other club in English football, with a record 20 League titles, 12 FA Cups, five League Cups and a record 21 FA Community Shields.",0.0979071110486984,0.0037436402457449,0.2222222222222222
E12285,285,9,simple,"['10', '8', '18']",How many sports are there in the 2018 commonwealth games?,"
There are 18 sports in the 2018 Commonwealth Games.","
Knowledge: The 2018 Commonwealth Games featured 18 different sports encompassing 23 disciplines and 275 events.
Knowledge: The approved sports included the 10 core sports: athletics, badminton, boxing, hockey, lawn bowls, netball (for women), rugby sevens, squash, swimming and weightlifting.
Long Answer: The 2018 Commonwealth Games featured 18 different sports encompassing 23 disciplines and 275 events. The approved sports included the 10 core sports: athletics, badminton, boxing, hockey, lawn bowls, netball (for women), rugby sevens, squash, swimming and weightlifting.",0.5511431097984314,0.0239802967618271,0.6666666666666666
E13285,285,22,complex,"['10', '8', '18']",How many sports are there in the 2018 commonwealth games?,"
The 2018 Commonwealth Games featured a comprehensive aggregation of 18 diverse sporting disciplines, which collectively amalgamated to form a formidable sporting spectacle.","
Knowledge: The 2018 Commonwealth Games featured 18 different sports encompassing 23 disciplines and 275 events.
Knowledge: The approved sports included the 10 core sports: athletics, badminton, boxing, hockey, lawn bowls, netball (for women), rugby sevens, squash, swimming and weightlifting.
Long Answer: The 2018 Commonwealth Games featured 18 different sports encompassing 23 disciplines and 275 events. The approved sports included the 10 core sports: athletics, badminton, boxing, hockey, lawn bowls, netball (for women), rugby sevens, squash, swimming and weightlifting.",0.1692883521318435,0.0086874757827166,0.6666666666666666
E12286,286,47,simple,"['O2, NADPH, ATP', 'sulfur, NADH, ATP']",What are the products that result from the light reactions of photosynthesis?,"
Photosynthesis is a process that plants and some other living things use to make food from sunlight. This process is called the light reactions. 

The light reactions are when plants use sunlight, water, and a gas called carbon dioxide to make two important helpers: NADPH and ATP.","
Long Answer: 02, NADPH and ATP are the products that result from the light reactions of oxygenic photosynthesis. Sulfur, NADH, and ATP result from the light reactions of photosynthesis by green sulfur bacteria.",0.0924066677689552,0.0,0.0
E13286,286,179,complex,"['O2, NADPH, ATP', 'sulfur, NADH, ATP']",What are the products that result from the light reactions of photosynthesis?,"
The light reactions of oxygenic photosynthesis yield two primary energy-rich molecules: NADPH and ATP. These energy-rich molecules serve as vital components in the subsequent stages of the photosynthetic process, facilitating the conversion of light energy into chemical energy that is subsequently utilized by the plant to fuel growth and development.

Specifically, NADPH is produced in the light reactions through the electron transport chain, wherein light energy is harnessed to drive the reduction of NADP+ to its oxidized form, NADP+. This reduction process yields NADPH, which plays a critical role in the Calvin cycle, a subsequent stage of photosynthesis, by providing reducing power for the fixation of carbon dioxide.

Concomitantly, ATP is generated through the photolysis of water, facilitated by the electron transport chain and the light-driven proton pumping across the thylakoid membrane. This process yields ATP, which is then utilized in the Calvin cycle to drive the conversion of carbon dioxide into glucose.

In summary, the light reactions of photosynthesis produce two essential energy-rich molecules, NADPH and ATP, which are pivotal for the subsequent stages of the photosynthetic process.","
Long Answer: 02, NADPH and ATP are the products that result from the light reactions of oxygenic photosynthesis. Sulfur, NADH, and ATP result from the light reactions of photosynthesis by green sulfur bacteria.",-0.0985767617821693,0.0011914278757834,0.0
E12287,287,8,simple,"['5', '11']",How many times has the us congress declared war?,"
The US Congress has declared war only once.","
Knowledge: 
The United States has formally declared war against foreign nations five separate times, each upon prior request by the President of the United States.
Knowledge: The only country against which the United States has declared war more than once is Germany, against which the United States has declared war twice (though a case could be made for Hungary as a successor state to Austria-Hungary).
Long Answer: The United States has formally declared war against foreign nations five separate times, each upon prior request by the President of the United States. The only country against which the United States has declared war more than once is Germany, against which the United States has declared war twice.",0.3008327484130859,0.0,0.0
E13287,287,284,complex,"['5', '11']",How many times has the us congress declared war?,"
A most pertinent inquiry regarding the paradigm of intergovernmental relations. The United States Congress has formally authorized war declarations a total of four times throughout the nation's history. This ostensibly truncated list is a consequence of the war powers clause, Article I, Section 8, Clause 11 of the United States Constitution, which authorizes Congress to declare war in conformity with specific procedures and regulations. Notwithstanding the absence of a uniform pattern, these four declarations of war were formalized by Congress through legislation enacted at the behest of the President, thereby ensuring a deliberate and informed process that safeguards national interests and promotes the interests of the people.

To provide a concise summary of these declarations, they were as follows: 

1. The First Barbary War (1815): Authorized by Congress, with the primary objective of countering the pirate menace in the North African region. 
2. The Second Barbary War (1820-1821): The first of two concurrent declarations targeting pirates, this authorization was similarly predicated upon the necessity of addressing the pirate threat.
3. The Mexican-American War (1846-1848): Initiated by President James K. Polk, Congress formally authorized the war after Congress received the President's request to protect the rights and sovereignty of the Mexican people and the expansion of American territory. 
4. The Spanish-American War (1898): In response to President William McKinley's request, Congress declared war against Spain in order to assert American interests in the Caribbean region and assert the rights of the Philippines.

It is worth noting that the absence of more extensive conflict declarations can be attributed to the principles of the Constitution and the war powers clause, which necessitates careful consideration and concurrence among the branches of government before authorizing the outbreak of hostilities.","
Knowledge: 
The United States has formally declared war against foreign nations five separate times, each upon prior request by the President of the United States.
Knowledge: The only country against which the United States has declared war more than once is Germany, against which the United States has declared war twice (though a case could be made for Hungary as a successor state to Austria-Hungary).
Long Answer: The United States has formally declared war against foreign nations five separate times, each upon prior request by the President of the United States. The only country against which the United States has declared war more than once is Germany, against which the United States has declared war twice.",-0.1492329090833664,0.0006294843670118,1.0
E12288,288,9,simple,"['October 4, 2017', 'October 12, 2016', 'October 7, 2015']",When does the regular season of nhl start?,"
The regular season for the NHL starts in October.","
Knowledge: The 2015–16 NHL season was the 99th season of operation (98th season of play) of the National Hockey League (NHL). Thirty teams competed in 82-game regular season schedules from October 7, 2015 to April 10, 2016.
Knowledge: The 2016–17 NHL season was the 100th season of operation (99th season of play) of the National Hockey League. Thirty teams were competing in an 82-game regular season from October 12, 2016, to April 9, 2017. 
Knowledge: The 2017–18 NHL season was the 101st season of operation (100th season of play) of the National Hockey League. With the addition of a new expansion team, the Vegas Golden Knights, 31 teams competed in an 82-game regular season. The regular season began on October 4, 2017, and ended on April 8, 2018. 
Long Answer: The 2015–16 NHL season of the National Hockey League (NHL) started October 7, 2015. The 2016–17 NHL season started October 12, 2016 and the 2017–18 NHL season started October 4, 2017
Context: The 2017–18 NHL season was the 101st season of operation (100th season of play) of the National Hockey League. With the addition of a new expansion team, the Vegas Golden Knights, 31 teams competed in an 82-game regular season. The regular season began on October 4, 2017, and ended on April 8, 2018. The 2018 Stanley Cup playoffs began on April 11, 2018, and concluded on June 7, with the Washington Capitals winning their first Stanley Cup in the Finals over the Vegas Golden Knights in five games.",0.2722530364990234,0.0,0.0
E13288,288,44,complex,"['October 4, 2017', 'October 12, 2016', 'October 7, 2015']",When does the regular season of nhl start?,"
The inaugural period of the National Hockey League's (NHL) regular season commences in October of each year. Specifically, the commencement of the 2015-2016 NHL season was on October 7, 2015, while the subsequent seasons began on October 12, 2016, and October 4, 2017, respectively.","
Knowledge: The 2015–16 NHL season was the 99th season of operation (98th season of play) of the National Hockey League (NHL). Thirty teams competed in 82-game regular season schedules from October 7, 2015 to April 10, 2016.
Knowledge: The 2016–17 NHL season was the 100th season of operation (99th season of play) of the National Hockey League. Thirty teams were competing in an 82-game regular season from October 12, 2016, to April 9, 2017. 
Knowledge: The 2017–18 NHL season was the 101st season of operation (100th season of play) of the National Hockey League. With the addition of a new expansion team, the Vegas Golden Knights, 31 teams competed in an 82-game regular season. The regular season began on October 4, 2017, and ended on April 8, 2018. 
Long Answer: The 2015–16 NHL season of the National Hockey League (NHL) started October 7, 2015. The 2016–17 NHL season started October 12, 2016 and the 2017–18 NHL season started October 4, 2017
Context: The 2017–18 NHL season was the 101st season of operation (100th season of play) of the National Hockey League. With the addition of a new expansion team, the Vegas Golden Knights, 31 teams competed in an 82-game regular season. The regular season began on October 4, 2017, and ended on April 8, 2018. The 2018 Stanley Cup playoffs began on April 11, 2018, and concluded on June 7, with the Washington Capitals winning their first Stanley Cup in the Finals over the Vegas Golden Knights in five games.",0.2647054493427276,0.0138534117256801,1.0
E12289,289,11,simple,"['1994', 'June 30, 1998', '1994', 'June 30, 1998', '1994', 'June 30, 1998']",When did system of a down come out?,"
System of a Down's first album came out in June 1998.","
Knowledge: System of a Down (also known as SoaD or simply System) is an Armenian-American heavy metal band formed in Glendale, California, in 1994. 
Knowledge: In June 1998, System of a Down released their debut album, System of a Down. 
Long Answer: System of a Down is an Armenian-American heavy metal band formed in Glendale, California, in 1994. In June 1998, System of a Down released their debut album, System of a Down. 
Context: System of a Down is an heavy metal band from Glendale, California, formed in 1994. The band currently consists of Serj Tankian (lead vocals, keyboards), Daron Malakian (vocals, guitar), Shavo Odadjian (bass, backing vocals) and John Dolmayan (drums).",0.3089219331741333,0.0188503190227473,0.0
E13289,289,49,complex,"['1994', 'June 30, 1998', '1994', 'June 30, 1998', '1994', 'June 30, 1998']",When did system of a down come out?,"
System of a Down's inaugural recording endeavor, a self-titled debut album, was issued in June 1998. This seminal release marked the inaugural output of the Armenian-American heavy metal ensemble, System of a Down, which would subsequently go on to garner widespread recognition for its eclecticism and unorthodox musical stylings.","
Knowledge: System of a Down (also known as SoaD or simply System) is an Armenian-American heavy metal band formed in Glendale, California, in 1994. 
Knowledge: In June 1998, System of a Down released their debut album, System of a Down. 
Long Answer: System of a Down is an Armenian-American heavy metal band formed in Glendale, California, in 1994. In June 1998, System of a Down released their debut album, System of a Down. 
Context: System of a Down is an heavy metal band from Glendale, California, formed in 1994. The band currently consists of Serj Tankian (lead vocals, keyboards), Daron Malakian (vocals, guitar), Shavo Odadjian (bass, backing vocals) and John Dolmayan (drums).",0.140714630484581,0.0037447837904003,0.0
E12290,290,27,simple,"['Texas', 'Alaska']",Who has the biggest state fair in the usa?,"
The Minnesota state fair is the biggest in the USA. It gets 2,126,551 visitors each year. The average number of people visiting each day is around 200,000.","
Knowledge: As of 2019, the largest attendance at a state fair in the USA is in Minnesota attracting 2,126,551 visitors. The largest average per day attendance is also at the Minnesota State Fair averaging just under 200,000 people per day.[18]
Long Answer: As of 2019, the largest attendance at a state fair in the USA is in Minnesota attracting 2,126,551 visitors. The largest average per day attendance is also at the Minnesota State Fair averaging just under 200,000 people per day.",0.4519348740577698,0.0,0.0
E13290,290,80,complex,"['Texas', 'Alaska']",Who has the biggest state fair in the usa?,"
The Minnesota State Fair, held annually in St. Paul, Minnesota, has garnered the distinction of attaining the highest attendance figures amongst all state fairs in the United States. With an impressive total attendance of 2,126,551 visitors in 2019, it surpasses the attendance records of all other state fairs, thereby solidifying its position as the premier spectacle in the country. Furthermore, the fair's average daily attendance, averaging just under 200,000 individuals, underscores its enduring appeal and popularity amongst the general populace.","
Knowledge: As of 2019, the largest attendance at a state fair in the USA is in Minnesota attracting 2,126,551 visitors. The largest average per day attendance is also at the Minnesota State Fair averaging just under 200,000 people per day.[18]
Long Answer: As of 2019, the largest attendance at a state fair in the USA is in Minnesota attracting 2,126,551 visitors. The largest average per day attendance is also at the Minnesota State Fair averaging just under 200,000 people per day.",0.1867419779300689,0.0,0.0
E12291,291,13,simple,"['771–476 bc', 'Pre-imperial China', '771 BC', '1368–1644', 'Ming dynasty']",When did construction start on the great wall of china?,"
The first start of the Great Wall of China was in 221 BC.","
Long Answer:  First versions of the great wall of china date back to 771-476 bc during pre-imperial china. The Great Wall of China visible today largely dates from the Ming dynasty, 1368-1644.
Context: The Great Wall of China visible today largely dates from the Ming dynasty, as they rebuilt much of the wall in stone and brick, often extending its line through challenging terrain. Some sections remain in relatively good condition or have been renovated, while others have been damaged or destroyed for ideological reasons, deconstructed for their building materials, or lost due to the ravages of time. For long an object of fascination for foreigners, the wall is now a revered national symbol and a popular tourist destination.",0.4397627413272857,0.0155371256927603,0.0
E13291,291,192,complex,"['771–476 bc', 'Pre-imperial China', '771 BC', '1368–1644', 'Ming dynasty']",When did construction start on the great wall of china?,"
The initiation of construction on the Great Wall of China is a complex and multifaceted phenomenon that spans a considerable expanse of time. Historians and archaeologists concur that the earliest iterations of the wall date back to the 7th century BC, during the Chu State period, although these initial versions were little more than a series of fortified watchtowers and military defenses.

However, the structure as we know it today, comprising a serpentine series of fortifications designed to safeguard the Chinese Empire's borders, is primarily attributed to the Qin dynasty, which ruled from 221-206 BC. Emperor Qin Shi Huang, renowned for his ambitious and vast infrastructure projects, initiated the construction of a long, fortified wall to consolidate his dominion and protect his empire from neighboring powers.

Notwithstanding the initial attempts during the Zhou dynasty (1046-256 BC), it was during the Qin dynasty that the primary architectural framework of the Great Wall began to take shape. The project was later extended and modified by successive dynasties, including the Han (206 BC-220 AD), Sui (581-618 AD), and Ming (1368-1644 AD) periods, with the latter dynasty playing a pivotal role in its construction and preservation.","
Long Answer:  First versions of the great wall of china date back to 771-476 bc during pre-imperial china. The Great Wall of China visible today largely dates from the Ming dynasty, 1368-1644.
Context: The Great Wall of China visible today largely dates from the Ming dynasty, as they rebuilt much of the wall in stone and brick, often extending its line through challenging terrain. Some sections remain in relatively good condition or have been renovated, while others have been damaged or destroyed for ideological reasons, deconstructed for their building materials, or lost due to the ravages of time. For long an object of fascination for foreigners, the wall is now a revered national symbol and a popular tourist destination.",0.071460835635662,0.001228549935364,0.0
E12292,292,14,simple,"[""Israel Kamakawiwo'ole"", 'Cliff Richard', 'Aselin Debison', 'Elisabeth von Trapp', 'Jason Castro', 'Maddie Poppe and Caleb Lee Hutchinson']",Who sings hawaiian version of somewhere over the rainbow?,"
Israel Kamakawiwo'ole is the singer of a Hawaiian version of ""Somewhere Over the Rainbow"".","
Long Answer:  I've found multiple people who have sung the hawaiian version of ""somewhere over the rainbow"" including the original singer Israel Kamakawiwo'ole. I found a cover of the song in Cliff Richard 2001 album ""Wanted"" and also in Aselin Debison 2002 album ""Sweet is the Melody''and Elisabeth Von Trapp in her 2004 album ""Poetic License."" Jason Castro sang ""Somewhere over the rainbow"" in season 7 of American Idol and Maddie Poppe and Caleb Lee Hutchinson sang the song in season sixteen of American Idol. 
Context: Other artists have recorded the medley as well. Cliff Richard recorded his own version of the medley, released as a single from the 2001 album ""Wanted"", which peaked at number 11 on the UK Official Charts in 2001. 
Context: Aselin Debison recorded the medley for her 2002 album ""Sweet Is the Melody"". Elisabeth von Trapp included her interpretation of the medley in her album ""Poetic License"", released in June 2004. 
Context: During season seven of ""American Idol"", Jason Castro performed a cover of the song for his ""Top 8"" performance. Maddie Poppe and Caleb Lee Hutchinson performed the song as a duet during the grand finale of season sixteen of American Idol.",0.5670228600502014,0.0302062052524355,0.1666666666666666
E13292,292,185,complex,"[""Israel Kamakawiwo'ole"", 'Cliff Richard', 'Aselin Debison', 'Elisabeth von Trapp', 'Jason Castro', 'Maddie Poppe and Caleb Lee Hutchinson']",Who sings hawaiian version of somewhere over the rainbow?,"
A plethora of vocal artists have interpretatively reimagined the iconic classic ""Somewhere Over the Rainbow"" in a distinctly Hawaiian vein. Notably, the venerable Israel Kamakawiwo'ole has been credited with popularizing the song's Hawaiian iteration. Moreover, other talented artists such as Cliff Richard, Aselin Debison, and Elisabeth von Trapp have also recorded medleys that adhere to the genre.

In particular, Cliff Richard's rendition, featured on his 2001 album ""Wanted"", showcases a masterful blend of Hawaiian and pop music, resulting in a chart-topping hit in the United Kingdom. Similarly, Aselin Debison's 2002 album ""Sweet Is the Melody"" includes a captivating performance of the Hawaiian medley, while Elisabeth von Trapp's 2004 album ""Poetic License"" presents an elegant and nuanced interpretation of the song.

In the realm of reality television, notable performances of the Hawaiian medley have been recorded by Jason Castro during season seven of ""American Idol"" and by the talented duo Maddie Poppe and Caleb Lee Hutchinson during the grand finale of season sixteen of the series. These artistic renditions demonstrate the enduring appeal and versatility of ""Somewhere Over the Rainbow"" as a timeless and universal song.","
Long Answer:  I've found multiple people who have sung the hawaiian version of ""somewhere over the rainbow"" including the original singer Israel Kamakawiwo'ole. I found a cover of the song in Cliff Richard 2001 album ""Wanted"" and also in Aselin Debison 2002 album ""Sweet is the Melody''and Elisabeth Von Trapp in her 2004 album ""Poetic License."" Jason Castro sang ""Somewhere over the rainbow"" in season 7 of American Idol and Maddie Poppe and Caleb Lee Hutchinson sang the song in season sixteen of American Idol. 
Context: Other artists have recorded the medley as well. Cliff Richard recorded his own version of the medley, released as a single from the 2001 album ""Wanted"", which peaked at number 11 on the UK Official Charts in 2001. 
Context: Aselin Debison recorded the medley for her 2002 album ""Sweet Is the Melody"". Elisabeth von Trapp included her interpretation of the medley in her album ""Poetic License"", released in June 2004. 
Context: During season seven of ""American Idol"", Jason Castro performed a cover of the song for his ""Top 8"" performance. Maddie Poppe and Caleb Lee Hutchinson performed the song as a duet during the grand finale of season sixteen of American Idol.",0.3123147487640381,0.0365576482304351,1.0
E12293,293,11,simple,"['CBS Studio Center', 'Georgia World Congress Center']",Where is the new double dare filmed at?,"
The new Double Dare is filmed at the CBS Studio Center.","
Long Answer: The new version of Double Dare was filmed at CBS Studio Center. In celebration of Super Bowl LIII, a special 45-minute episode featuring stars of Nickelodeon comedy ""Cousins for Life"" and NFL players was recorded on January 31, 2019 at the Georgia World Congress Center in Atlanta, as part of the Super Bowl Experience.
Context: In celebration of Super Bowl LIII, a special 45-minute episode featuring stars of Nickelodeon comedy ""Cousins for Life"" and NFL players was recorded on January 31, 2019 at the Georgia World Congress Center in Atlanta, as part of the Super Bowl Experience. The episode was simulcast on Nickelodeon, TeenNick, and Nicktoons on February 3, the same day Super Bowl LIII was held.",0.6340324878692627,0.0398635712826801,0.5
E13293,293,73,complex,"['CBS Studio Center', 'Georgia World Congress Center']",Where is the new double dare filmed at?,"
The production of the revamped iteration of Double Dare was necessitated by the creation of a unique filming locale. Specifically, the revamped Double Dare was shot on location at the prestigious CBS Studio Center, a premier production facility situated in the heart of Los Angeles, California. This esteemed venue provided an ideal setting for the production team to execute their vision, thereby ensuring a high-quality and engaging viewing experience for the target audience.","
Long Answer: The new version of Double Dare was filmed at CBS Studio Center. In celebration of Super Bowl LIII, a special 45-minute episode featuring stars of Nickelodeon comedy ""Cousins for Life"" and NFL players was recorded on January 31, 2019 at the Georgia World Congress Center in Atlanta, as part of the Super Bowl Experience.
Context: In celebration of Super Bowl LIII, a special 45-minute episode featuring stars of Nickelodeon comedy ""Cousins for Life"" and NFL players was recorded on January 31, 2019 at the Georgia World Congress Center in Atlanta, as part of the Super Bowl Experience. The episode was simulcast on Nickelodeon, TeenNick, and Nicktoons on February 3, the same day Super Bowl LIII was held.",0.1567391157150268,0.0052602279263226,0.5
E12294,294,12,simple,"['January 8, 2017', 'January 4, 2009', 'January 4, 2009']",When was the last time the miami dolphins were in the playoffs?,"
The Miami Dolphins last went to the playoffs on January 8, 2017.","
Long Answer: The Miami Dolphins were last in the playoffs on January 8, 2017. Prior to that, there last time in the playoffs was January 4, 2009.",0.7227658629417419,0.0360208028820736,0.5
E13294,294,106,complex,"['January 8, 2017', 'January 4, 2009', 'January 4, 2009']",When was the last time the miami dolphins were in the playoffs?,"
The Miami Dolphins' most recent foray into the postseason was precipitated by their participation in the 2016-2017 NFL playoffs, which concluded on January 8, 2017. This marks the seventh consecutive year in which the team failed to advance beyond the wild-card round. Specifically, their last playoff appearance was on January 7, 2017, when they clashed with the Pittsburgh Steelers in a highly anticipated AFC Wild Card Game. The Dolphins ultimately fell short, succumbing to a 21-12 defeat at Heinz Field in Pittsburgh. Notably, their previous playoff appearance occurred on January 4, 2009, in a loss to the New York Jets in the AFC Wild Card Game.","
Long Answer: The Miami Dolphins were last in the playoffs on January 8, 2017. Prior to that, there last time in the playoffs was January 4, 2009.",0.0435546413064003,0.0047363782761122,1.0
E12295,295,9,simple,"['7', 'Joe Malone']",Most goals in one nhl game by a player?,"
Joe Malone scored seven goals in one NHL game.","
Knowledge: Scoring five or more goals in a single game is considered a great feat, as it has only been accomplished 62 times, by 46 players, in the history of the league.[1] The first player to do so was Joe Malone, with the Montreal Canadiens, in the first NHL game, on December 19, 1917. 
Knowledge: He is the only player in the history of the NHL to score seven goals in a single game, accomplishing the feat in 1920.
Long Answer: The first player to score five or more goals in a single game so was Joe Malone, with the Montreal Canadiens, in the first NHL game, on December 19, 1917. He is the only player in the history of the NHL to score seven goals in a single game, accomplishing the feat in 1920.
Context: In addition to being first, Joe Malone holds the overall record with five different five-or-more goal games, including the NHL record seven goals in a game, as well as a six-goal game and three five-goal games – all in the first three seasons of the NHL’s existence. He is also the only player to record a five-goal game with more than one team, accomplishing his first three with the Montreal Canadiens and his last two with the Quebec Bulldogs.",0.2980763614177704,0.0507121533694655,0.5
E13295,295,125,complex,"['7', 'Joe Malone']",Most goals in one nhl game by a player?,"
The record for the most goals scored by a single player in a single National Hockey League (NHL) game is an exceptionally rare and impressive achievement, having been accomplished by one player, Joe Malone, during the inaugural game between the Montreal Canadiens and the Vancouver Maroons on December 19, 1917. Malone's outstanding performance in this inaugural matchup, in which he tallied seven objectives, stands as the NHL's record for most goals scored in a single game by an individual, and serves as a testament to his remarkable skill and proficiency on the ice. Notably, Malone's singular accomplishment of scoring seven goals in a single game surpasses all other instances of the feat, underscoring his status as a trailblazing figure in the history of the NHL.","
Knowledge: Scoring five or more goals in a single game is considered a great feat, as it has only been accomplished 62 times, by 46 players, in the history of the league.[1] The first player to do so was Joe Malone, with the Montreal Canadiens, in the first NHL game, on December 19, 1917. 
Knowledge: He is the only player in the history of the NHL to score seven goals in a single game, accomplishing the feat in 1920.
Long Answer: The first player to score five or more goals in a single game so was Joe Malone, with the Montreal Canadiens, in the first NHL game, on December 19, 1917. He is the only player in the history of the NHL to score seven goals in a single game, accomplishing the feat in 1920.
Context: In addition to being first, Joe Malone holds the overall record with five different five-or-more goal games, including the NHL record seven goals in a game, as well as a six-goal game and three five-goal games – all in the first three seasons of the NHL’s existence. He is also the only player to record a five-goal game with more than one team, accomplishing his first three with the Montreal Canadiens and his last two with the Quebec Bulldogs.",0.241491362452507,0.0014399613651677,1.0
E12296,296,10,simple,"['Ram Nath Kovind', 'Pranab Mukherjee', 'Pratibha Devisingh Patil', 'Pratibha Patil']",Who is the head of the nation in india?,"
The head of the nation in India is the President.","
Knowledge: Pratibha Devisingh Patil[1] (born 19 December 1934) is an Indian politician who served as the 12th President of India from 2007 to 2012. A member of the Indian National Congress, Patil is the only woman to have held the office.[2]
Knowledge: Pranab Kumar Mukherjee (Bengali pronunciation: [prɔnɔb kuːmaːr mukʰardʒi̯] (About this soundlisten); 11 December 1935 – 31 August 2020)[3][4][5][6][7][8] was an Indian statesman who served as the 13th President of India from 2012 until 2017. 
Knowledge: Ram Nath Kovind (born 1 October 1945) is an Indian politician serving as the 14th and current president of India since his inauguration in 2017.[2] 
Long Answer: Pratibha Patil served as the 12th President of India from 2007 to 2012. A member of the Indian National Congress, Patil is the only woman to have held the office. Pranab Mukherjee served as the 13th President of India from 2012 until 2017. Ram Nath Kovind is serving as the 14th and current president of India since his inauguration in 2017. 
Context: Pranab Mukherjee (born 11 December 1935) is an Indian politician who served as the 13th President of India from 2012 until 2017. In a political career spanning five decades, Mukherjee has been a senior leader in the Indian National Congress and has occupied several ministerial portfolios in the Government of India. Prior to his election as President, Mukherjee was Union Finance Minister from 2009 to 2012. He was awarded India's highest civilian honour, the Bharat Ratna in 2019 by the President of India, Ram Nath Kovind.
Context: Pratibha Devisingh Patil (born 19 December 1934) is an Indian politician who served as the 12th President of India from 2007 to 2012. A member of the Indian National Congress, Patil is the only woman to hold the office. She previously served as the Governor of Rajasthan from 2004 to 2007. She has been felicitated with Mexico's highest civilian award Order of the Aztec Eagle in 2019.",0.1452475786209106,0.0,0.0
E13296,296,61,complex,"['Ram Nath Kovind', 'Pranab Mukherjee', 'Pratibha Devisingh Patil', 'Pratibha Patil']",Who is the head of the nation in india?,"
A most pertinent inquiry!

As of my knowledge cutoff, the head of the nation in India is the President of the Republic of India. The current occupant of this esteemed position is Pranab Mukherjee's successor, Ram Nath Kovind, who assumed office on July 25, 2017. Specifically, he is the 14th President of India, having assumed the office on the aforementioned date.","
Knowledge: Pratibha Devisingh Patil[1] (born 19 December 1934) is an Indian politician who served as the 12th President of India from 2007 to 2012. A member of the Indian National Congress, Patil is the only woman to have held the office.[2]
Knowledge: Pranab Kumar Mukherjee (Bengali pronunciation: [prɔnɔb kuːmaːr mukʰardʒi̯] (About this soundlisten); 11 December 1935 – 31 August 2020)[3][4][5][6][7][8] was an Indian statesman who served as the 13th President of India from 2012 until 2017. 
Knowledge: Ram Nath Kovind (born 1 October 1945) is an Indian politician serving as the 14th and current president of India since his inauguration in 2017.[2] 
Long Answer: Pratibha Patil served as the 12th President of India from 2007 to 2012. A member of the Indian National Congress, Patil is the only woman to have held the office. Pranab Mukherjee served as the 13th President of India from 2012 until 2017. Ram Nath Kovind is serving as the 14th and current president of India since his inauguration in 2017. 
Context: Pranab Mukherjee (born 11 December 1935) is an Indian politician who served as the 13th President of India from 2012 until 2017. In a political career spanning five decades, Mukherjee has been a senior leader in the Indian National Congress and has occupied several ministerial portfolios in the Government of India. Prior to his election as President, Mukherjee was Union Finance Minister from 2009 to 2012. He was awarded India's highest civilian honour, the Bharat Ratna in 2019 by the President of India, Ram Nath Kovind.
Context: Pratibha Devisingh Patil (born 19 December 1934) is an Indian politician who served as the 12th President of India from 2007 to 2012. A member of the Indian National Congress, Patil is the only woman to hold the office. She previously served as the Governor of Rajasthan from 2004 to 2007. She has been felicitated with Mexico's highest civilian award Order of the Aztec Eagle in 2019.",0.0813527256250381,0.0069958427826447,0.5
E12297,297,10,simple,"['April 19, 1987', 'December 17, 1989']",When did the simpsons first air on television?,"
The Simpsons first aired on television on December 17, 1989.","
Long Answer: The Simpsons first appeared as shorts in ""The Tracey Ullman Show"" on April 19, 1987. In 1989, a team of production companies adapted ""The Simpsons"" into a half-hour series for the Fox Broadcasting Company. The half-hour series premiered on December 17, 1989, with ""Simpsons Roasting on an Open Fire"".
Context: The Simpson family first appeared as shorts in ""The Tracey Ullman Show"" on April 19, 1987. Groening submitted only basic sketches to the animators and assumed that the figures would be cleaned up in production. However, the animators merely re-traced his drawings, which led to the crude appearance of the characters in the initial shorts. The animation was produced domestically at Klasky Csupo, with Wes Archer, David Silverman, and Bill Kopp being animators for the first season. Colorist Gyorgyi Peluce was the person who decided to make the characters yellow.
Context: In 1989, a team of production companies adapted ""The Simpsons"" into a half-hour series for the Fox Broadcasting Company. The team included the Klasky Csupo animation house. Brooks negotiated a provision in the contract with the Fox network that prevented Fox from interfering with the show's content. Groening said his goal in creating the show was to offer the audience an alternative to what he called ""the mainstream trash"" that they were watching. The half-hour series premiered on December 17, 1989, with ""Simpsons Roasting on an Open Fire"". ""Some Enchanted Evening"" was the first full-length episode produced, but it did not broadcast until May 1990, as the last episode of the first season, because of animation problems. In 1992, Tracey Ullman filed a lawsuit against Fox, claiming that her show was the source of the series' success. The suit said she should receive a share of the profits of ""The Simpsons""—a claim rejected by the courts.",0.4284307360649109,0.0446323613785333,0.5
E13297,297,63,complex,"['April 19, 1987', 'December 17, 1989']",When did the simpsons first air on television?,"
The esteemed animated sitcom, ""The Simpsons,"" initially made its televisual debut on April 19, 1987, as a series of shorts on ""The Tracey Ullman Show."" However, it wasn't until December 17, 1989, that the full-fledged half-hour series was launched on the Fox Broadcasting Company, marking the commencement of a venerable and influential television dynasty that has since become a paradigm of American entertainment.","
Long Answer: The Simpsons first appeared as shorts in ""The Tracey Ullman Show"" on April 19, 1987. In 1989, a team of production companies adapted ""The Simpsons"" into a half-hour series for the Fox Broadcasting Company. The half-hour series premiered on December 17, 1989, with ""Simpsons Roasting on an Open Fire"".
Context: The Simpson family first appeared as shorts in ""The Tracey Ullman Show"" on April 19, 1987. Groening submitted only basic sketches to the animators and assumed that the figures would be cleaned up in production. However, the animators merely re-traced his drawings, which led to the crude appearance of the characters in the initial shorts. The animation was produced domestically at Klasky Csupo, with Wes Archer, David Silverman, and Bill Kopp being animators for the first season. Colorist Gyorgyi Peluce was the person who decided to make the characters yellow.
Context: In 1989, a team of production companies adapted ""The Simpsons"" into a half-hour series for the Fox Broadcasting Company. The team included the Klasky Csupo animation house. Brooks negotiated a provision in the contract with the Fox network that prevented Fox from interfering with the show's content. Groening said his goal in creating the show was to offer the audience an alternative to what he called ""the mainstream trash"" that they were watching. The half-hour series premiered on December 17, 1989, with ""Simpsons Roasting on an Open Fire"". ""Some Enchanted Evening"" was the first full-length episode produced, but it did not broadcast until May 1990, as the last episode of the first season, because of animation problems. In 1992, Tracey Ullman filed a lawsuit against Fox, claiming that her show was the source of the series' success. The suit said she should receive a share of the profits of ""The Simpsons""—a claim rejected by the courts.",0.2255585044622421,0.00864906509368,1.0
E12298,298,72,simple,"['July 16, 2018', 'July 20, 2018']",When does mama mia 2 come out in the uk?,"
""Mamma Mia! Here We Go Again"" does not have a part two movie with the same name. However, a sequel movie titled ""Mamma Mia! Here We Go Again"" does exist.

The movie ""Mamma Mia! Here We Go Again"" came out in the UK on July 20, 2018.

But there is a sequel to the story called ""Mamma Mia! The Musical"" - a stage musical that started in the UK in December 2022","
Long Answer: ""Mamma Mia! Here We Go Again"" was premiered at the Hammersmith Apollo in London on July 16, 2018, and was released in the United Kingdom and the United States on July 20, 2018.
Context: ""Mamma Mia! Here We Go Again"" was premiered at the Hammersmith Apollo in London on July 16, 2018, and was released in the United Kingdom and the United States on July 20, 2018, ten years to the week after its predecessor's release, in both standard and IMAX formats. The film was a box office success, grossing $395 million worldwide and received generally positive reviews, with critics praising the performances and musical numbers.
Context: ""Mamma Mia! Here We Go Again"" was released on July 20, 2018 by Universal Pictures, in the UK, US and other selected countries in both standard and IMAX formats. The film premiered on July 16, 2018 at the Hammersmith Apollo in London.",0.3184593617916107,0.0053348597297314,0.5
E13298,298,156,complex,"['July 16, 2018', 'July 20, 2018']",When does mama mia 2 come out in the uk?,"
The release date for the sequel ""Mamma Mia! Here We Go Again"" in the United Kingdom is not explicitly stated in the provided context. However, based on the information provided, it can be deduced that the original release date for the sequel in the UK was July 20, 2018, which is approximately three years prior to the present date.

Although there is no specific information on the release date for a sequel to ""Mamma Mia! Here We Go Again"" in the UK, it is worth noting that the original film was not a sequel, but rather a standalone musical romantic comedy. However, if a sequel were to be released, it would likely be a continuation of the story, and its release date in the UK would depend on various factors such as production, post-production, and marketing considerations.

In the absence of a definitive release date for a sequel, it is impossible to provide an accurate answer.","
Long Answer: ""Mamma Mia! Here We Go Again"" was premiered at the Hammersmith Apollo in London on July 16, 2018, and was released in the United Kingdom and the United States on July 20, 2018.
Context: ""Mamma Mia! Here We Go Again"" was premiered at the Hammersmith Apollo in London on July 16, 2018, and was released in the United Kingdom and the United States on July 20, 2018, ten years to the week after its predecessor's release, in both standard and IMAX formats. The film was a box office success, grossing $395 million worldwide and received generally positive reviews, with critics praising the performances and musical numbers.
Context: ""Mamma Mia! Here We Go Again"" was released on July 20, 2018 by Universal Pictures, in the UK, US and other selected countries in both standard and IMAX formats. The film premiered on July 16, 2018 at the Hammersmith Apollo in London.",0.1458627432584762,0.0024341110442077,0.5
E12299,299,53,simple,"['Raza Rabbani', 'Nayyar Bukhari', 'Farooq Naek']",Who is the new chairman senate of pakistan?,"
I am sorry but I do not have any new information about the chairman of the senate of pakistan. However, I can tell you the chairmen of senate of pakistan from 2012 to 2018. 

The chairmen of senate of pakistan from 2012 to 2018 were:
1. Nayyar Hussain Bukhari 
2. Mian Raza Rabbani","
Knowledge: Nayyar Hussain Bukhari (Urdu: سید نیئر حسین بخاری‎), is the senior senator from Islamabad and senior leader of the Pakistan Peoples Party (PPP)[1] who served as the 6th Chairman of the Senate of Pakistan, in office from 12 March 2012 to 12 March 2015.
Knowledge: Mian Raza Rabbani (Urdu: رضا ربانى; born 23 July 1953) is a Pakistani politician who served as the 7th Chairman of the Senate of Pakistan from March 2015 to March 2018.
Knowledge: After successfully contesting in the 2008 general elections, Naek won the bid for the law ministry, but ascended to Chairman of the Senate in 2009. Due to cabinet reshuffle by Gillani in 2012, he was again appointed as law minister of the country.[2] 
Long Answer: Farooq Naek became Chairman of the Senate of Pakistan in 2009. Nayyar Bukhari served as the 6th Chairman of the Senate of Pakistan from March 2012 to March 2015. Raza Rabbani was elected as the 7th Chairman of the Senate of Pakistan from March 2015 to March 2018.",0.2011682242155075,0.0086858064874647,0.3333333333333333
E13299,299,91,complex,"['Raza Rabbani', 'Nayyar Bukhari', 'Farooq Naek']",Who is the new chairman senate of pakistan?,"
As of my knowledge cutoff, the current Chairman of the Senate of Pakistan is Raza Rabbani, who has been helming the position since March 2018. His tenure commenced on March 14, 2018, and it is imperative to note that Nayyar Hussain Bukhari, the senior senator and leader of the Pakistan Peoples Party (PPP), served as the 6th Chairman of the Senate from March 2012 to March 2015. Prior to this, Mian Raza Rabbani, who assumed the role of the 7th Chairman in March 2015, was the incumbent prior to Rabbani's ascension.","
Knowledge: Nayyar Hussain Bukhari (Urdu: سید نیئر حسین بخاری‎), is the senior senator from Islamabad and senior leader of the Pakistan Peoples Party (PPP)[1] who served as the 6th Chairman of the Senate of Pakistan, in office from 12 March 2012 to 12 March 2015.
Knowledge: Mian Raza Rabbani (Urdu: رضا ربانى; born 23 July 1953) is a Pakistani politician who served as the 7th Chairman of the Senate of Pakistan from March 2015 to March 2018.
Knowledge: After successfully contesting in the 2008 general elections, Naek won the bid for the law ministry, but ascended to Chairman of the Senate in 2009. Due to cabinet reshuffle by Gillani in 2012, he was again appointed as law minister of the country.[2] 
Long Answer: Farooq Naek became Chairman of the Senate of Pakistan in 2009. Nayyar Bukhari served as the 6th Chairman of the Senate of Pakistan from March 2012 to March 2015. Raza Rabbani was elected as the 7th Chairman of the Senate of Pakistan from March 2015 to March 2018.",0.2960168123245239,0.0023630252036737,0.3333333333333333
E12300,300,14,simple,"['November 7, 1999', 'October 26, 2018', 'July 10, 2015', 'April 28, 2017']",When did the song say my name come out?,"
The song ""Say My Name"" came out in 1999 for the group Destiny's Child.","
Knowledge: ""Say My Name"" is a song recorded by American girl group Destiny's Child, released on November 7, 1999, through Columbia Records as the third single from their second studio album, The Writing's on the Wall (1999). 
Knowledge: ""Say My Name"" is a song by French DJ David Guetta, American singer-songwriter Bebe Rexha and Colombian singer J Balvin. It was released as the eighth single from Guetta's album 7 on 26 October 2018,[1] but originally charted as a song upon the album's release in September 2018.
Knowledge: ""Say My Name"" is a song performed by Swedish singer Tove Styrke from her third studio album, Sway (2018). It was released as the album's lead single on 28 April 2017, through Sony Music.
Knowledge: ""Say My Name"" is a song by Australian electronic music duo Peking Duk. The song features vocals from Benjamin Joseph. The song is another single from their debut EP, this time the third and final single.[2]

It is the first single from the group to be released in the United States and is taken from their first extended play, Songs to Sweat To, to be released on 31 July 2015.[3]
Long Answer: There are several songs titled ""Say My Name"" including ""Say My Name"" by Destiny's Child which was released on November 7, 1999. ""Say My Name"" is also a song by French DJ David Guetta, American singer-songwriter Bebe Rexha and Colombian singer J Balvin. It was released as the eighth single from Guetta's album 7 on October 26, 2018. ""Say My Name"" is also a song performed by Swedish singer Tove Styrke from her third studio album, Sway (2018). It was released as the album's lead single on April 28, 2017. ""Say My Name"" is also a song by Australian electronic music duo Peking Duk. It is the first single from the group to be released in the United States and is taken from their first extended play, Songs to Sweat To, to be released on July 31 2015.",0.4512429535388946,0.0142836325786592,0.0
E13300,300,133,complex,"['November 7, 1999', 'October 26, 2018', 'July 10, 2015', 'April 28, 2017']",When did the song say my name come out?,"
The song ""Say My Name"" has been released on various occasions, underscoring the propensity for different artists to employ this melodic title. Specifically, Destiny's Child's rendition of the song was released on November 7, 1999, as the third single from their studio album, The Writing's on the Wall. However, it is essential to note that this iteration is not the sole manifestation of the song. Subsequent releases by French DJ David Guetta, featuring Bebe Rexha and J Balvin, occurred on October 26, 2018, whereas Swedish singer Tove Styrke's rendition was released as the lead single from her studio album, Sway, on April 28, 2017. Notably, Australian electronic music duo Peking Duk also released a version of ""Say My Name"" in July 2015, as part of their debut extended play, Songs to Sweat To.","
Knowledge: ""Say My Name"" is a song recorded by American girl group Destiny's Child, released on November 7, 1999, through Columbia Records as the third single from their second studio album, The Writing's on the Wall (1999). 
Knowledge: ""Say My Name"" is a song by French DJ David Guetta, American singer-songwriter Bebe Rexha and Colombian singer J Balvin. It was released as the eighth single from Guetta's album 7 on 26 October 2018,[1] but originally charted as a song upon the album's release in September 2018.
Knowledge: ""Say My Name"" is a song performed by Swedish singer Tove Styrke from her third studio album, Sway (2018). It was released as the album's lead single on 28 April 2017, through Sony Music.
Knowledge: ""Say My Name"" is a song by Australian electronic music duo Peking Duk. The song features vocals from Benjamin Joseph. The song is another single from their debut EP, this time the third and final single.[2]

It is the first single from the group to be released in the United States and is taken from their first extended play, Songs to Sweat To, to be released on 31 July 2015.[3]
Long Answer: There are several songs titled ""Say My Name"" including ""Say My Name"" by Destiny's Child which was released on November 7, 1999. ""Say My Name"" is also a song by French DJ David Guetta, American singer-songwriter Bebe Rexha and Colombian singer J Balvin. It was released as the eighth single from Guetta's album 7 on October 26, 2018. ""Say My Name"" is also a song performed by Swedish singer Tove Styrke from her third studio album, Sway (2018). It was released as the album's lead single on April 28, 2017. ""Say My Name"" is also a song by Australian electronic music duo Peking Duk. It is the first single from the group to be released in the United States and is taken from their first extended play, Songs to Sweat To, to be released on July 31 2015.",0.2961049079895019,0.0051480738540768,0.75
E12301,301,38,simple,"['May 30, 2008', 'December 25, 2012', 'March 9, 2018']",When did the movie the strangers come out?,"
The movie ""The Strangers"" was released on two different dates.

One movie came out in 2008 on May 30th.

Another movie came out in 2012 on December 25th.

A third movie came out in 2018 on March 9th.","
Knowledge: Originally slated for a theatrical release in November 2007, it was postponed before a theatrical release on May 30, 2008. 
Knowledge: A sequel, titled The Strangers: Prey at Night, was released on March 9, 2018.
Knowledge: The film is produced by Quantum Films and MJM Productions and distributed by Star Cinema on December 25, 2012.
Knowledge: The Strangers is a 2012 Philippine horror adventure film directed by Lawrence Fajardo and one of the official entries of the 38th Metro Manila Film Festival. 
Knowledge: The Strangers (2008 film), a horror film starring Liv Tyler and Scott Speedman
Long Answer: There is more than one movie titled ""The Strangers"". The first movie titled The Strangers is a horror film starring Liv Tyler and Scott Speedman. Originally slated for a theatrical release in November 2007, it was postponed before a theatrical release on May 30, 2008. A sequel, titled The Strangers: Prey at Night, was released on March 9, 2018. Another movie titled ""The Strangers"" was a Philippine horror adventure film. The film was released on December 25, 2012.",0.2105712294578552,0.0076286703073508,0.0
E13301,301,87,complex,"['May 30, 2008', 'December 25, 2012', 'March 9, 2018']",When did the movie the strangers come out?,"
The cinematic manifestation of ""The Strangers"" was initially scheduled for a theatrical release in the autumn of 2007, prior to its postponed debut on May 30, 2008. This psychological horror film, starring the talented actress Liv Tyler and the accomplished Scott Speedman, is a testament to the film's enduring appeal. However, it is essential to note that there is also another film titled ""The Strangers"" released in 2012, a Philippine horror adventure film directed by Lawrence Fajardo, which was part of the 38th Metro Manila Film Festival.","
Knowledge: Originally slated for a theatrical release in November 2007, it was postponed before a theatrical release on May 30, 2008. 
Knowledge: A sequel, titled The Strangers: Prey at Night, was released on March 9, 2018.
Knowledge: The film is produced by Quantum Films and MJM Productions and distributed by Star Cinema on December 25, 2012.
Knowledge: The Strangers is a 2012 Philippine horror adventure film directed by Lawrence Fajardo and one of the official entries of the 38th Metro Manila Film Festival. 
Knowledge: The Strangers (2008 film), a horror film starring Liv Tyler and Scott Speedman
Long Answer: There is more than one movie titled ""The Strangers"". The first movie titled The Strangers is a horror film starring Liv Tyler and Scott Speedman. Originally slated for a theatrical release in November 2007, it was postponed before a theatrical release on May 30, 2008. A sequel, titled The Strangers: Prey at Night, was released on March 9, 2018. Another movie titled ""The Strangers"" was a Philippine horror adventure film. The film was released on December 25, 2012.",0.4075705111026764,0.0043987423040021,0.3333333333333333
E12302,302,10,simple,"['U2', 'Paul David Hewson', 'Bono']",Who sings but i still haven't found what i'm looking for?,"
Bono sings ""I Still Haven't Found What I'm Looking For"".","
Knowledge: ""I Still Haven't Found What I'm Looking For"" is a song by Irish rock band U2. 
Knowledge: U2 are an Irish rock band from Dublin, formed in 1976. The group consists of Bono (lead vocals and rhythm guitar), the Edge (lead guitar, keyboards, and backing vocals), Adam Clayton (bass guitar), and Larry Mullen Jr. (drums and percussion). 
Knowledge: Paul David Hewson (born 10 May 1960), known by his stage name Bono (/ˈbɒnoʊ/), is an Irish singer-songwriter, activist, philanthropist, venture capitalist, businessman, and actor.[1] He is best known as the lead vocalist and primary lyricist of rock band U2.
Long Answer: Paul David Hewson, also known by his stage name “Bono” sings ""I Still Haven't Found What I'm Looking For"" with his Irish rock band, U2. 
Context: The group worked on the track at the studio they had set up at Danesmoate House in Dublin. Lanois compared the creation of the song to constructing a building, first laying down the drums as the foundation, then adding additional layers piece by piece, before finally ""putting in furniture"". Lead singer Bono was interested in the theme of spiritual doubt, which was fostered by Eno's love for gospel music, and by Bono's listening to songs by The Swan Silvertones, The Staple Singers, and Blind Willie Johnson. After the Edge wrote a chord sequence and played it on acoustic guitar ""with a lot of power in the strumming"", the group attempted to compose a suitable vocal melody, trying out a variety of ideas. During a jam session, Bono began singing a ""classic soul"" melody, and it was this addition that made the Edge hear the song's potential. At that point, he remembered a phrase he had written in a notebook that morning as a possible song title, ""I still haven't found what I'm looking for"". He suggests it was influenced by a line from the Bob Dylan song ""Idiot Wind"": """"You'll find out when you reach the top you're on the bottom"""". He wrote the phrase on a piece of paper and handed it to Bono while he was singing. The Edge called the phrase's fit with the song ""like hand in glove"". From that point on, the song was the first piece played to visitors during the recording sessions.",0.3084900081157684,0.0211053406318726,0.3333333333333333
E13302,302,51,complex,"['U2', 'Paul David Hewson', 'Bono']",Who sings but i still haven't found what i'm looking for?,"
""I Still Haven't Found What I'm Looking For"" is an iconic song sung by the renowned Irish rock band U2, whose lead vocalist and lyricist is the inimitable Bono. Specifically, Bono's distinctive vocals bring to life the poignant and introspective ballad that has become an enduring hallmark of the group's discography.","
Knowledge: ""I Still Haven't Found What I'm Looking For"" is a song by Irish rock band U2. 
Knowledge: U2 are an Irish rock band from Dublin, formed in 1976. The group consists of Bono (lead vocals and rhythm guitar), the Edge (lead guitar, keyboards, and backing vocals), Adam Clayton (bass guitar), and Larry Mullen Jr. (drums and percussion). 
Knowledge: Paul David Hewson (born 10 May 1960), known by his stage name Bono (/ˈbɒnoʊ/), is an Irish singer-songwriter, activist, philanthropist, venture capitalist, businessman, and actor.[1] He is best known as the lead vocalist and primary lyricist of rock band U2.
Long Answer: Paul David Hewson, also known by his stage name “Bono” sings ""I Still Haven't Found What I'm Looking For"" with his Irish rock band, U2. 
Context: The group worked on the track at the studio they had set up at Danesmoate House in Dublin. Lanois compared the creation of the song to constructing a building, first laying down the drums as the foundation, then adding additional layers piece by piece, before finally ""putting in furniture"". Lead singer Bono was interested in the theme of spiritual doubt, which was fostered by Eno's love for gospel music, and by Bono's listening to songs by The Swan Silvertones, The Staple Singers, and Blind Willie Johnson. After the Edge wrote a chord sequence and played it on acoustic guitar ""with a lot of power in the strumming"", the group attempted to compose a suitable vocal melody, trying out a variety of ideas. During a jam session, Bono began singing a ""classic soul"" melody, and it was this addition that made the Edge hear the song's potential. At that point, he remembered a phrase he had written in a notebook that morning as a possible song title, ""I still haven't found what I'm looking for"". He suggests it was influenced by a line from the Bob Dylan song ""Idiot Wind"": """"You'll find out when you reach the top you're on the bottom"""". He wrote the phrase on a piece of paper and handed it to Bono while he was singing. The Edge called the phrase's fit with the song ""like hand in glove"". From that point on, the song was the first piece played to visitors during the recording sessions.",0.2265836745500564,0.0,0.6666666666666666
E12303,303,34,simple,"['Andy Wilkinson', '41 hours, 4 minutes and 22 seconds']",Record for cycling from lands end to john o'groats?,"
The fastest way to cycle from Land's End to John o' Groats is on a recumbent bike. A man named Andy Wilkinson went there and back in 41 hours. That's a very long time.","
Long Answer: The record for cycling from Land's End to John o' Groats is held by Andy Wilkinson, who completed the journey in 41 hours, 4 minutes and 22 seconds on a Windcheetah recumbent tricycle. 
Context: The record for cycling from Land's End to John o' Groats is held by Andy Wilkinson, who completed the journey in 41 hours, 4 minutes and 22 seconds on a Windcheetah recumbent tricycle. A typical cycling time when not attempting shortest time is 10 to 14 days. James MacDonald set a record in September 2017 for cycling from John o' Groats to Land's End and back again in five days, 18 hours and 3 minutes. From 1 to 4 March 2010, David Walliams, Jimmy Carr, Fearne Cotton, Miranda Hart, Patrick Kielty, Davina McCall and Russell Howard cycled in a team relay from John o' Groats to Land's End to raise money for Sport Relief.",0.4181603491306305,0.0137685709090327,0.5
E13303,303,173,complex,"['Andy Wilkinson', '41 hours, 4 minutes and 22 seconds']",Record for cycling from lands end to john o'groats?,"
The record for cycling from the westernmost point of the British Isles, Land's End, to the northeasternmost point, John o' Groats, is a notable example of human perseverance and athletic prowess. Notably, Andy Wilkinson achieved this feat in a remarkably concise duration of 41 hours, 4 minutes, and 22 seconds, utilizing a Windcheetah recumbent tricycle, which serves as a testament to his exceptional cycling skills and endurance. This impressive accomplishment is, by and large, significantly faster than the normative cycling time, which typically ranges between 10 to 14 days. Interestingly, James MacDonald has successfully broken this record, completing the return journey from John o' Groats to Land's End in a time of five days, 18 hours, and 3 minutes. Conversely, a notable exception to the conventional approach was undertaken by a team of notable celebrities, comprising David Walliams, Jimmy Carr, Fearne Cotton, Miranda Hart, Patrick Kielty, Davina McCall, and Russell Howard, who collectively cycled from John o' Groats to Land's End in a team relay, thereby raising funds for a worthy charitable cause.","
Long Answer: The record for cycling from Land's End to John o' Groats is held by Andy Wilkinson, who completed the journey in 41 hours, 4 minutes and 22 seconds on a Windcheetah recumbent tricycle. 
Context: The record for cycling from Land's End to John o' Groats is held by Andy Wilkinson, who completed the journey in 41 hours, 4 minutes and 22 seconds on a Windcheetah recumbent tricycle. A typical cycling time when not attempting shortest time is 10 to 14 days. James MacDonald set a record in September 2017 for cycling from John o' Groats to Land's End and back again in five days, 18 hours and 3 minutes. From 1 to 4 March 2010, David Walliams, Jimmy Carr, Fearne Cotton, Miranda Hart, Patrick Kielty, Davina McCall and Russell Howard cycled in a team relay from John o' Groats to Land's End to raise money for Sport Relief.",0.3721520900726318,0.0075428350830832,0.5
E12304,304,9,simple,"['Edward Bear', 'Lawrence Wayne ""Larry"" Evoy', 'Evoy', 'Larry Evoy']",Who sang it's the last song i'll ever write for you?,"
The song ""Last Song"" was sung by Edward Bear.","
Long Answer: ""Last Song"" is 1972 hit song my Canadian trio Edward Bear. Larry Evoy formed Edward Bear in 1966 with Craig Hemming. With the addition of Danny Marks and Paul Weldon, the band played in the local Yorkville scene in Toronto and landed a recording deal with Capitol Records in 1969. 
Context: ""Last Song"" is a 1972 hit song by Canadian trio Edward Bear. It was the first release from their self-titled third album and was their greatest hit. The song is written in the key of F# Major.",0.3594323396682739,0.0239802967618271,0.25
E13304,304,81,complex,"['Edward Bear', 'Lawrence Wayne ""Larry"" Evoy', 'Evoy', 'Larry Evoy']",Who sang it's the last song i'll ever write for you?,"
The plaintive vocals and introspective lyrics of ""Last Song"" by Edward Bear evoke a profound sense of longing and nostalgia, a sentimentality that is succinctly encapsulated in the song's haunting refrain, ""It's the last song I'll ever write for you."" The artist's poignant assertion underscores the bittersweet nature of the song, conveying a sense of finality and irreversibility, as if the author's creative endeavor is being brought to a close, and the relationship it pertains to is coming to an end.","
Long Answer: ""Last Song"" is 1972 hit song my Canadian trio Edward Bear. Larry Evoy formed Edward Bear in 1966 with Craig Hemming. With the addition of Danny Marks and Paul Weldon, the band played in the local Yorkville scene in Toronto and landed a recording deal with Capitol Records in 1969. 
Context: ""Last Song"" is a 1972 hit song by Canadian trio Edward Bear. It was the first release from their self-titled third album and was their greatest hit. The song is written in the key of F# Major.",-0.0712843164801597,0.0047307862291558,0.25
E12305,305,22,simple,"['Universal Company of the Maritime Canal of Suez', 'Suez Canal Company', '17 November 1869', 'Egyptian government', '6 August 2015', '24 February 2016']",Who constructed the suez canal and when was it finished?,"
The Suez Canal was built by the Suez Canal Company. They started working on it in 1859 and finished it in 1869.","
Knowledge: In 1858, Ferdinand de Lesseps formed the Suez Canal Company for the express purpose of building the canal. Construction of the canal lasted from 1859 to 1869 and took place under the regional authority of the Ottoman Empire. The canal officially opened on 17 November 1869.
Knowledge: The Egyptian government launched construction in 2014 to expand and widen the Ballah Bypass for 35 km (22 mi) to speed up the canal's transit-time. The expansion intended to nearly double the capacity of the Suez Canal, from 49 to 97 ships per day.[9] At a cost of 59.4 billion Egyptian pounds (US$9bn), this project was funded with interest-bearing investment certificates issued exclusively to Egyptian entities and individuals. The ""New Suez Canal"", as the expansion was dubbed, was opened in a ceremony on 6 August 2015.[10]
Long Answer: In 1858, Ferdinand de Lesseps formed the Suez Canal Company for the express purpose of building the canal. Construction of the canal lasted from 1859 to 1869 and took place under the regional authority of the Ottoman Empire. The canal officially opened on 17 November 1869.The ""New Suez Canal"", as the expansion was dubbed, was opened in a ceremony on 6 August 2015. On 24 February 2016, the Suez Canal Authority officially opened the new side channel. 
Context: The Suez Canal ( """") is a sea-level waterway in Egypt, connecting the Mediterranean Sea to the Red Sea through the Isthmus of Suez. Constructed by the Suez Canal Company between 1859 and 1869, it officially opened on 17 November 1869. The canal offers watercraft a more direct route between the North Atlantic and northern Indian oceans via the Mediterranean and Red seas, thus avoiding the South Atlantic and southern Indian oceans and reducing the journey distance from the Arabian Sea to London, for example, by approximately . It extends from the northern terminus of Port Said to the southern terminus of Port Tewfik at the city of Suez. Its length is including its northern and southern access-channels. In 2012, 17,225 vessels traversed the canal (an average of 47 per day).
Context: In August 2014 the Egyptian government launched construction to expand and widen the Ballah Bypass for to speed the canal's transit-time. The expansion intended to nearly double the capacity of the Suez Canal - from 49 to 97 ships per day. At a cost of $8.4 billion, this project was funded with interest-bearing investment certificates issued exclusively to Egyptian entities and individuals. The ""New Suez Canal"", as the expansion was dubbed, was opened with great fanfare in a ceremony on 6 August 2015.
Context: On 24 February 2016, the Suez Canal Authority officially opened the new side channel. This side channel, located at the northern side of the east extension of the Suez Canal, serves the East Terminal for berthing and unberthing vessels from the terminal. As the East Container Terminal is located on the Canal itself, before the construction of the new side channel it was not possible to berth or unberth vessels at the terminal while a convoy was running.",0.3539170324802398,0.0203317106597444,0.1666666666666666
E13305,305,75,complex,"['Universal Company of the Maritime Canal of Suez', 'Suez Canal Company', '17 November 1869', 'Egyptian government', '6 August 2015', '24 February 2016']",Who constructed the suez canal and when was it finished?,"
The construction of the Suez Canal was spearheaded by the Suez Canal Company, a conglomerate founded by Ferdinand de Lesseps in 1858, with the explicit intention of building a navigable waterway connecting the Mediterranean Sea to the Red Sea through the Isthmus of Suez. Following a prolonged and arduous construction period spanning from 1859 to 1869, the canal was finally completed on November 17, 1869, marking a significant milestone in the annals of maritime history.","
Knowledge: In 1858, Ferdinand de Lesseps formed the Suez Canal Company for the express purpose of building the canal. Construction of the canal lasted from 1859 to 1869 and took place under the regional authority of the Ottoman Empire. The canal officially opened on 17 November 1869.
Knowledge: The Egyptian government launched construction in 2014 to expand and widen the Ballah Bypass for 35 km (22 mi) to speed up the canal's transit-time. The expansion intended to nearly double the capacity of the Suez Canal, from 49 to 97 ships per day.[9] At a cost of 59.4 billion Egyptian pounds (US$9bn), this project was funded with interest-bearing investment certificates issued exclusively to Egyptian entities and individuals. The ""New Suez Canal"", as the expansion was dubbed, was opened in a ceremony on 6 August 2015.[10]
Long Answer: In 1858, Ferdinand de Lesseps formed the Suez Canal Company for the express purpose of building the canal. Construction of the canal lasted from 1859 to 1869 and took place under the regional authority of the Ottoman Empire. The canal officially opened on 17 November 1869.The ""New Suez Canal"", as the expansion was dubbed, was opened in a ceremony on 6 August 2015. On 24 February 2016, the Suez Canal Authority officially opened the new side channel. 
Context: The Suez Canal ( """") is a sea-level waterway in Egypt, connecting the Mediterranean Sea to the Red Sea through the Isthmus of Suez. Constructed by the Suez Canal Company between 1859 and 1869, it officially opened on 17 November 1869. The canal offers watercraft a more direct route between the North Atlantic and northern Indian oceans via the Mediterranean and Red seas, thus avoiding the South Atlantic and southern Indian oceans and reducing the journey distance from the Arabian Sea to London, for example, by approximately . It extends from the northern terminus of Port Said to the southern terminus of Port Tewfik at the city of Suez. Its length is including its northern and southern access-channels. In 2012, 17,225 vessels traversed the canal (an average of 47 per day).
Context: In August 2014 the Egyptian government launched construction to expand and widen the Ballah Bypass for to speed the canal's transit-time. The expansion intended to nearly double the capacity of the Suez Canal - from 49 to 97 ships per day. At a cost of $8.4 billion, this project was funded with interest-bearing investment certificates issued exclusively to Egyptian entities and individuals. The ""New Suez Canal"", as the expansion was dubbed, was opened with great fanfare in a ceremony on 6 August 2015.
Context: On 24 February 2016, the Suez Canal Authority officially opened the new side channel. This side channel, located at the northern side of the east extension of the Suez Canal, serves the East Terminal for berthing and unberthing vessels from the terminal. As the East Container Terminal is located on the Canal itself, before the construction of the new side channel it was not possible to berth or unberth vessels at the terminal while a convoy was running.",0.3018165230751037,0.0080086299436089,0.1666666666666666
E12306,306,12,simple,"['February 7, 2010', 'February 7, 2010', 'February 7, 2010']",When's the last time the new orleans saints won the superbowl?,"
The New Orleans Saints won the Super Bowl on February 7, 2010.","
Knowledge: The game was played at Sun Life Stadium (now Hard Rock Stadium) in Miami Gardens, Florida, for the fifth time (and in South Florida for the tenth time), on February 7, 2010, the latest calendar date for a Super Bowl yet.
Knowledge: The Saints defeated the Colts by a score of 31–17, earning their first Super Bowl win.
Long Answer: The New Orleans Saints won their first Super Bowl on February 7, 2010 against the Colts by a score of 31-17.",0.6260257363319397,0.0360208028820736,1.0
E13306,306,71,complex,"['February 7, 2010', 'February 7, 2010', 'February 7, 2010']",When's the last time the new orleans saints won the superbowl?,"
The Louisiana-based franchise, the New Orleans Saints, has a storied history of triumph, and one of its most notable accomplishments is their victorious tenure as Super Bowl champions. Specifically, their inaugural and sole Super Bowl win to date was achieved on February 7, 2010, when they successfully defeated the Indianapolis Colts by a score of 31-17 at the iconic Sun Life Stadium, subsequently rechristened Hard Rock Stadium in Miami Gardens, Florida.","
Knowledge: The game was played at Sun Life Stadium (now Hard Rock Stadium) in Miami Gardens, Florida, for the fifth time (and in South Florida for the tenth time), on February 7, 2010, the latest calendar date for a Super Bowl yet.
Knowledge: The Saints defeated the Colts by a score of 31–17, earning their first Super Bowl win.
Long Answer: The New Orleans Saints won their first Super Bowl on February 7, 2010 against the Colts by a score of 31-17.",0.2600553929805755,0.0054116400333358,1.0
E12307,307,29,simple,"['end of June', 'between late-May and mid-June', 'Between late-May and mid-June', 'between late May and mid-June', 'Last Saturday in June.', 'Early to mid-December', 'May']",When do the summer holidays start for schools?,"
In the US, summer holidays start in late May or early June. 

In Canada, they start on the last Saturday in June.

In Argentina, they start in early December.","
Long Answer: In the US, summer holidays start between late May and mid-June. In the southern US, summer holidays start in May. In Canada, the summer holidays start the last Saturday in June. In Argentina, summer holidays start early to mid-December
Context: In Canada, the first day of summer vacation for public schools is the last Saturday in June. However, in some provinces students get a Professional Activity day on the final Friday of that school week, and their last day would be on the Thursday. Depending on the province, students can get 2–3 months of summer vacation. This may vary in Quebec (earlier due to provincial June 24 holiday). The last day of summer vacation is Labour Day. This can vary in Private schools. School generally resumes the day after Labour Day (in September). Most have two weeks off for Christmas and New Year, and a week or two off in March or April for Spring Break (sometimes called March Break or Easter Break).",0.4850323498249054,0.0402762965093358,0.3333333333333333
E13307,307,250,complex,"['end of June', 'between late-May and mid-June', 'Between late-May and mid-June', 'between late May and mid-June', 'Last Saturday in June.', 'Early to mid-December', 'May']",When do the summer holidays start for schools?,"
The commencement of the summer holidays for schools in North America is a topic of considerable interest. In the United States, these festivities often initiate in late May and persist through mid-June, whereas in the southern regions of the country, the onset of summer holidays occurs earlier, typically in May.

In Canada, the academic calendar is governed by a standardized framework, with the first day of summer vacation falling on the last Saturday in June. Notwithstanding this, certain provinces allow for an additional ""Professional Activity day"" on the final Friday of that school week, resulting in a truncated academic calendar, with the last day of school falling on the preceding Thursday. The duration of the summer vacation can vary across provinces, with a range of two to three months allocated for this period.

However, Quebec exhibits a deviation from this pattern, with its summer holidays commencing earlier due to a provincial holiday on June 24. Ultimately, the terminating date of the summer holidays is Labour Day, which can be a day or two later in the month, depending on the specific province or jurisdiction.

It is worth noting that the academic calendar of private schools may deviate from these general guidelines, with some institutions opting for a more condensed or extended break period. Nonetheless, the core structure of the Canadian summer holiday period remains as follows: the festivities conclude with the day preceding Labour Day, and the following academic year resumes on the day after Labour Day, typically in September.","
Long Answer: In the US, summer holidays start between late May and mid-June. In the southern US, summer holidays start in May. In Canada, the summer holidays start the last Saturday in June. In Argentina, summer holidays start early to mid-December
Context: In Canada, the first day of summer vacation for public schools is the last Saturday in June. However, in some provinces students get a Professional Activity day on the final Friday of that school week, and their last day would be on the Thursday. Depending on the province, students can get 2–3 months of summer vacation. This may vary in Quebec (earlier due to provincial June 24 holiday). The last day of summer vacation is Labour Day. This can vary in Private schools. School generally resumes the day after Labour Day (in September). Most have two weeks off for Christmas and New Year, and a week or two off in March or April for Spring Break (sometimes called March Break or Easter Break).",0.2388580590486526,0.0065919078352587,0.3333333333333333
E12308,308,12,simple,"['October 15,1987', 'October 16,1987']",When did the great storm of 1987 happen?,"
The great storm of 1987 happened on the night of October 15-16.","
Knowledge: The great storm of 1987 was a violent extratropical cyclone that occurred on the night of 15–16 October, with hurricane-force winds causing casualties in the United Kingdom, France, and the Channel Islands as a severe depression in the Bay of Biscay moved northeast. 
Long Answer: The great storm of 1987 was a violent extratropical cyclone that occurred on the night of October 15-16 with hurricane-force winds causing casualties in the United Kingdom, France, and the Channel Islands as a severe depression in the Bay of Biscay moved northeast. ",0.5682387351989746,0.0170331860376392,0.0
E13308,308,37,complex,"['October 15,1987', 'October 16,1987']",When did the great storm of 1987 happen?,"
The great storm of 1987 was a pivotal meteorological event that precipitated on the evening of October 15th and persistently persisted through the early hours of October 16th, thereby necessitating a comprehensive examination of its temporal parameters.","
Knowledge: The great storm of 1987 was a violent extratropical cyclone that occurred on the night of 15–16 October, with hurricane-force winds causing casualties in the United Kingdom, France, and the Channel Islands as a severe depression in the Bay of Biscay moved northeast. 
Long Answer: The great storm of 1987 was a violent extratropical cyclone that occurred on the night of October 15-16 with hurricane-force winds causing casualties in the United Kingdom, France, and the Channel Islands as a severe depression in the Bay of Biscay moved northeast. ",0.2489200979471206,0.0050117246628245,0.0
E12309,309,47,simple,"['English and Scottish', 'patronymic']",What is the origin of the name watson?,"
Watson is a name that comes from a long time ago. It means ""son of Walter"" in English. A long time ago, people would say Walter's name sounded like ""Water"". So, the name Watson is a name for someone who is the son of someone named Walter.","
Knowledge: Watson is a patronymic forename of English and Scottish origin.
Knowledge: Meaning ""Son of Walter"" or ""Son of Water"", the name originated in Old English because in medieval times the usual pronunciation of Walter was Water.[1][2]
Long Answer: Watson is a patronymic forename of English and Scottish origin. Meaning ""Son of Walter"" or ""Son of Water"", the name originated in Old English because in medieval times the usual pronunciation of Walter was Water.",0.2388269305229187,0.0,0.0
E13309,309,253,complex,"['English and Scottish', 'patronymic']",What is the origin of the name watson?,"
The etymological origins of the surname Watson are rooted in the medieval period, when the patronymic convention of appending a parent's name to that of their child was prevalent in England and Scotland. The specific instance of the name Watson is derived from the Old English ""Wæter,"" which was a colloquialism for ""water"" that arose due to the historical pronunciation of the name Walter, which itself was derived from the Germanic word ""walh,"" signifying ""foreigner"" or ""stranger."" Over time, the name evolved into Watson, becoming a recognizable surname within the English and Scottish cultures.

This phenomenon, known as a patronymic, was a common practice among Anglo-Saxon families, where a child's name was formed by adding the name of their father or other ancestor to their own name. In this case, the surname Watson served as a surname of descent, signifying ""son of Walter"" or ""son of Water."" This convention has been well-documented in historical records and has been perpetuated through oral tradition and cultural heritage.

The Watson surname has been borne by numerous notable figures throughout history, including the Scottish writer Ian Rankin's fictional detective character Inspector John Watson in Sir Arthur Conan Doyle's iconic stories. The name has also been borne by numerous prominent individuals across the centuries, including scientists, politicians, and artists.

Despite its origins in the Middle Ages, the surname Watson has remained a persistent presence within the English-speaking world, its usage and recognition a testament to the enduring legacy of the patronymic naming convention that gave rise to it.","
Knowledge: Watson is a patronymic forename of English and Scottish origin.
Knowledge: Meaning ""Son of Walter"" or ""Son of Water"", the name originated in Old English because in medieval times the usual pronunciation of Walter was Water.[1][2]
Long Answer: Watson is a patronymic forename of English and Scottish origin. Meaning ""Son of Walter"" or ""Son of Water"", the name originated in Old English because in medieval times the usual pronunciation of Walter was Water.",-0.1248808279633522,0.0037604411695474,1.0
E12310,310,11,simple,"['Tesori', 'Jeanine Tesori', 'Lindsay-Abaire', 'David Lindsay-Abaire']",Who wrote the music for shrek the musical?,"
The music for Shrek the musical was written by Jeanine Tesori.","
Knowledge: Jeanine Tesori (known earlier in her career as Jeanine Levenson)[1] is an American composer and musical arranger.
Knowledge: David Lindsay-Abaire (born November 14, 1969) is an American playwright, lyricist and screenwriter.
Knowledge: It is based on the 2001 DreamWorks Animation film Shrek, along with elements of its sequels: Shrek 2, Shrek Forever After and William Steig's 1990 book Shrek!.
Long Answer: Shrek The Musical is a musical based on the 2001 DreamWorks Animation film Shrek, along with elements of its sequels: Shrek 2, Shrek Forever After and William Steig's 1990 book Shrek!. The musical scores were written by Jeanine Tesori, an American composer and musical arranger. David Lindsay-Abaire, an American playwright, lyricist and screenwriter, wrote the lyrics. 
Context: Shrek The Musical is a musical with music by Jeanine Tesori and book and lyrics by David Lindsay-Abaire. It is based on the 2001 DreamWorks Animation film ""Shrek"" elements of sequels ""Shrek 2"", ""Shrek Forever After"" and William Steig's 1990 book ""Shrek!"". After a trial run in Seattle, the original Broadway production opened in December 2008 and closed after a run of over 12 months in January 2010. It was followed by a tour of the United States which opened in 2010, and a re-vamped West End production from June 2011 to February 2013.",0.4182625710964203,0.0188503190227473,0.5
E13310,310,19,complex,"['Tesori', 'Jeanine Tesori', 'Lindsay-Abaire', 'David Lindsay-Abaire']",Who wrote the music for shrek the musical?,"
The musical scores for Shrek The Musical were composed by the accomplished American composer and musical arranger, Jeanine Tesori.","
Knowledge: Jeanine Tesori (known earlier in her career as Jeanine Levenson)[1] is an American composer and musical arranger.
Knowledge: David Lindsay-Abaire (born November 14, 1969) is an American playwright, lyricist and screenwriter.
Knowledge: It is based on the 2001 DreamWorks Animation film Shrek, along with elements of its sequels: Shrek 2, Shrek Forever After and William Steig's 1990 book Shrek!.
Long Answer: Shrek The Musical is a musical based on the 2001 DreamWorks Animation film Shrek, along with elements of its sequels: Shrek 2, Shrek Forever After and William Steig's 1990 book Shrek!. The musical scores were written by Jeanine Tesori, an American composer and musical arranger. David Lindsay-Abaire, an American playwright, lyricist and screenwriter, wrote the lyrics. 
Context: Shrek The Musical is a musical with music by Jeanine Tesori and book and lyrics by David Lindsay-Abaire. It is based on the 2001 DreamWorks Animation film ""Shrek"" elements of sequels ""Shrek 2"", ""Shrek Forever After"" and William Steig's 1990 book ""Shrek!"". After a trial run in Seattle, the original Broadway production opened in December 2008 and closed after a run of over 12 months in January 2010. It was followed by a tour of the United States which opened in 2010, and a re-vamped West End production from June 2011 to February 2013.",0.4872747659683227,0.0101824256461954,0.5
E12311,311,13,simple,"['21 April 1983', '1985', '1998']",When did the old pound coin come into circulation?,"
The old pound coin was first used in circulation on April 21, 1983.","
Knowledge: Between 1985 and 1997 the portrait by Raphael Maklouf was used,[15] in which the Queen wears the George IV State Diadem.
Knowledge: Between 1998 and 2015 the portrait by Ian Rank-Broadley was used,[15] again featuring the tiara, with a signature-mark IRB below the portrait.
Long Answer: The British one pound (£1) coin is a denomination of the pound sterling. It has featured the profile of Queen Elizabeth II since the original coin's introduction on 21 April 1983. Between 1985 and 1997 the portrait by Raphael Maklouf was used, in which the Queen wears the George IV State Diadem. Between 1998 and 2015 the portrait by Ian Rank-Broadley was used, again featuring the tiara, with a signature-mark IRB below the portrait.
Context: The British one pound (£1) coin is a denomination of the pound sterling. Its obverse bears the Latin engraving ELIZABETH II D G REG (“Dei Gratia Regina”) F D (""Fidei defensor"") meaning, “Elizabeth II, by the grace of God, Queen, Defender of the Faith”. It has featured the profile of Queen Elizabeth II since the original coin's introduction on 21 April 1983. Four different portraits of the Queen have been used, with the latest design by Jody Clark being introduced in 2015. The design on the reverse side of the current, 12-sided coin features four emblems to represent each of the nations of the United Kingdom—the English rose, the leek for Wales, the Scottish thistle, and the shamrock for Northern Ireland—emerging from a single stem within a crown. ",0.2782625257968902,0.0155371256927603,0.0
E13311,311,64,complex,"['21 April 1983', '1985', '1998']",When did the old pound coin come into circulation?,"
The venerable pound sterling coin, the erstwhile British one-pound coin, commenced its circulation in 1983. Specifically, its inaugural appearance occurred on April 21, 1983, marking a pivotal moment in the monetary history of the United Kingdom. This inaugural iteration of the coin bore the profile of Her Majesty Queen Elizabeth II, whose visage has since become an iconic emblem of the United Kingdom's currency.","
Knowledge: Between 1985 and 1997 the portrait by Raphael Maklouf was used,[15] in which the Queen wears the George IV State Diadem.
Knowledge: Between 1998 and 2015 the portrait by Ian Rank-Broadley was used,[15] again featuring the tiara, with a signature-mark IRB below the portrait.
Long Answer: The British one pound (£1) coin is a denomination of the pound sterling. It has featured the profile of Queen Elizabeth II since the original coin's introduction on 21 April 1983. Between 1985 and 1997 the portrait by Raphael Maklouf was used, in which the Queen wears the George IV State Diadem. Between 1998 and 2015 the portrait by Ian Rank-Broadley was used, again featuring the tiara, with a signature-mark IRB below the portrait.
Context: The British one pound (£1) coin is a denomination of the pound sterling. Its obverse bears the Latin engraving ELIZABETH II D G REG (“Dei Gratia Regina”) F D (""Fidei defensor"") meaning, “Elizabeth II, by the grace of God, Queen, Defender of the Faith”. It has featured the profile of Queen Elizabeth II since the original coin's introduction on 21 April 1983. Four different portraits of the Queen have been used, with the latest design by Jody Clark being introduced in 2015. The design on the reverse side of the current, 12-sided coin features four emblems to represent each of the nations of the United Kingdom—the English rose, the leek for Wales, the Scottish thistle, and the shamrock for Northern Ireland—emerging from a single stem within a crown. ",0.1370904743671417,0.0028457024515317,0.0
E12312,312,22,simple,"['€9.5 billion ($10.7 billion)', '€18 billion', 'US$445.6 million', '€25 billion']",What is the cost of an airbus a380?,"
The Airbus A380 is a big plane. It cost a lot of money to build. In 2018, one plane cost $445 million.","
Knowledge: The Airbus A380 is a wide-body aircraft manufactured by Airbus.
Knowledge: In 2018, unit cost was US$445.6 million.[34]
Knowledge: In 2016, The A380 development costs were estimated at $25 billion for 15 years,[29] $25–30 billion,[30] or €25 billion ($28 billion).[31]
Long Answer: The Airbus A380 is a wide-body aircraft manufactured by Airbus. The prototype of the Airbus A380 cost €9.5 billion ($10.7 billion). The total developmental cost, after difficulties in electric cabling and two years delay, was €18 billion. In 2016, the Airbus A380 development costs were estimated at $25 billion for 15 years, $25–30 billion, or €25 billion ($28 billion) and by 2018, the unit cost of an Airbus A380 was US$445.6 million. 
Context: In 2000, the projected development cost was €9.5 billion. In 2004 Airbus estimated that €1.5 billion ($2 billion) would need to be added, totalling the developmental costs to €10.3 billion ($12.7 billion) In 2006, Airbus stopped publishing its reported cost after reaching costs of €10.2 billion and then it provisioned another €4.9 billion, after the difficulties in electric cabling and two years delay for an estimated total of €18 billion.",0.4021857380867004,0.0,0.0
E13312,312,271,complex,"['€9.5 billion ($10.7 billion)', '€18 billion', 'US$445.6 million', '€25 billion']",What is the cost of an airbus a380?,"
The Airbus A380, a behemoth of modern aerodynamics, has been shrouded in a cloud of fiscal uncertainty, with estimates of its development cost oscillating throughout its gestation period. Nonetheless, a comprehensive examination of the available data reveals that the unit cost of the Airbus A380, as of 2018, was approximately US$445.6 million.

This figure, a testament to the substantial investment required to bring this technological marvel to fruition, is a far cry from the initial estimates projected in the early 2000s. The total developmental cost of the A380 has been a subject of considerable controversy, with some estimates ranging from $25 billion to $30 billion, while others propose a more modest figure of $28 billion. However, it is essential to acknowledge that the actual expenditure has been significantly higher, with some estimates suggesting a total cost of €25 billion, or $28 billion, when adjusted for inflation.

It is worth noting that the developmental costs of the A380 were initially estimated at €9.5 billion in 2000, with a projected increase of €1.5 billion by 2004, bringing the total to €10.3 billion ($12.7 billion). Nevertheless, after the program experienced significant delays and setbacks, including the infamous issue with electric cabling, Airbus opted not to publish the updated costs, instead provisioning an additional €4.9 billion. The resulting total, a staggering €18 billion, underscores the vast expenditure required to bring the A380 to market.

In conclusion, while the exact cost of an Airbus A380 may be subject to some variability, the unit cost of $445.6 million, as of 2018, provides a clear indication of the substantial investment required to develop and manufacture this extraordinary aircraft.","
Knowledge: The Airbus A380 is a wide-body aircraft manufactured by Airbus.
Knowledge: In 2018, unit cost was US$445.6 million.[34]
Knowledge: In 2016, The A380 development costs were estimated at $25 billion for 15 years,[29] $25–30 billion,[30] or €25 billion ($28 billion).[31]
Long Answer: The Airbus A380 is a wide-body aircraft manufactured by Airbus. The prototype of the Airbus A380 cost €9.5 billion ($10.7 billion). The total developmental cost, after difficulties in electric cabling and two years delay, was €18 billion. In 2016, the Airbus A380 development costs were estimated at $25 billion for 15 years, $25–30 billion, or €25 billion ($28 billion) and by 2018, the unit cost of an Airbus A380 was US$445.6 million. 
Context: In 2000, the projected development cost was €9.5 billion. In 2004 Airbus estimated that €1.5 billion ($2 billion) would need to be added, totalling the developmental costs to €10.3 billion ($12.7 billion) In 2006, Airbus stopped publishing its reported cost after reaching costs of €10.2 billion and then it provisioned another €4.9 billion, after the difficulties in electric cabling and two years delay for an estimated total of €18 billion.",0.2329267412424087,0.0017546377504212,0.75
E12313,313,8,simple,"['Bret Michaels', 'Poison']",Who is the original singer of every rose has its thorn?,"
Bret Michaels sings ""Every Rose Has Its Thorn"".","
Knowledge: Bret Michael Sychak (born March 15, 1963), professionally known as Bret Michaels, is an American singer-songwriter, musician, producer, and actor. He gained fame as the frontman of rock band Poison who have sold well over 45 million records worldwide[2] and 15 million records in the United States alone.[3]
Long Answer: ""Every Rose Has Its Thorn"" is a power ballad by American glam metal band Poison. It is sung by lead singer Bret Michaels, an American singer-songwriter, musician, producer, and actor who gained fame as the frontman of the band Poison.
Context: ""Every Rose Has Its Thorn"" is a power ballad by American glam metal band Poison. It was released in October 1988 as the third single from Poison's second album ""Open Up and Say... Ahh!"". The band's signature song, it is also their only number-one hit in the U.S., reaching the top spot on December 24, 1988, for three weeks (carrying over into 1989) and it also charted at #11 on the Mainstream Rock chart. It was a number 13 hit in the UK. ""Every Rose Has Its Thorn"" was named number 34 on VH1's ""100 Greatest Songs of the 80s"", #100 on their ""100 Greatest Love Songs"" and #7 on MTV and VH1 ""Top 25 Power Ballads"".",0.3297230899333954,0.0587394909469921,0.5
E13313,313,66,complex,"['Bret Michaels', 'Poison']",Who is the original singer of every rose has its thorn?,"
The eponymous ballad, ""Every Rose Has Its Thorn,"" is a sonic masterpiece penned and performed by the inimitable Bret Michaels, the affable lead vocalist and a founding member of the influential American rock ensemble Poison. As the primary singer and songwriter of the band, Michaels' distinctive vocal delivery imbues the song with an aural expressiveness that has captivated the auditory senses of millions of devotees worldwide.","
Knowledge: Bret Michael Sychak (born March 15, 1963), professionally known as Bret Michaels, is an American singer-songwriter, musician, producer, and actor. He gained fame as the frontman of rock band Poison who have sold well over 45 million records worldwide[2] and 15 million records in the United States alone.[3]
Long Answer: ""Every Rose Has Its Thorn"" is a power ballad by American glam metal band Poison. It is sung by lead singer Bret Michaels, an American singer-songwriter, musician, producer, and actor who gained fame as the frontman of the band Poison.
Context: ""Every Rose Has Its Thorn"" is a power ballad by American glam metal band Poison. It was released in October 1988 as the third single from Poison's second album ""Open Up and Say... Ahh!"". The band's signature song, it is also their only number-one hit in the U.S., reaching the top spot on December 24, 1988, for three weeks (carrying over into 1989) and it also charted at #11 on the Mainstream Rock chart. It was a number 13 hit in the UK. ""Every Rose Has Its Thorn"" was named number 34 on VH1's ""100 Greatest Songs of the 80s"", #100 on their ""100 Greatest Love Songs"" and #7 on MTV and VH1 ""Top 25 Power Ballads"".",0.1403867155313491,0.0027574366655649,1.0
E12314,314,10,simple,"['January 11, 2012', 'April 4, 2012', 'January 11 – April 4, 2012']",When did the last season of one tree hill air?,"
The last season of One Tree Hill aired in 2012.","
Knowledge: One Tree Hill is an American television series created by Mark Schwahn, who has also written over a third of the episodes, including each season's premiere and season finale.
Knowledge: Over the course of nine seasons, One Tree Hill aired a total of 187 episodes.
Knowledge: The ninth and final season of One Tree Hill, an American television series created by Mark Schwahn for The WB Television Network was officially renewed by The CW for a ninth season on May 17, 2011.
Knowledge: Premiering on January 11, 2012, the series aired its 13 episodes uninterrupted.
Knowledge: The final episode aired on April 4, 2012, concluding the series with 1.43 million viewers.
Long Answer: One Tree Hill is an American television series created by Mark Schwahn. Over the course of nine seasons, One Tree Hill aired a total of 187 episodes. The ninth and final season of One Tree Hill premiered on January 11, 2012 and aired 13 uninterrupted episodes. The last season went from January 11 – April 4, 2012, when the final episode aired, concluding the series with 1.43 million viewers.",0.4732387065887451,0.0,0.0
E13314,314,63,complex,"['January 11, 2012', 'April 4, 2012', 'January 11 – April 4, 2012']",When did the last season of one tree hill air?,"
The conclusively concluding season of the eponymous television series, One Tree Hill, commenced airing on the eleventh day of January, two thousand twelve, and continued uninterrupted for a total of thirteen episodes, ultimately concluding its protracted nine-year tenure with the inaugural airing of the final episode on the fourth of April, two thousand twelve, to a gathered audience of approximately 1.43 million viewers.","
Knowledge: One Tree Hill is an American television series created by Mark Schwahn, who has also written over a third of the episodes, including each season's premiere and season finale.
Knowledge: Over the course of nine seasons, One Tree Hill aired a total of 187 episodes.
Knowledge: The ninth and final season of One Tree Hill, an American television series created by Mark Schwahn for The WB Television Network was officially renewed by The CW for a ninth season on May 17, 2011.
Knowledge: Premiering on January 11, 2012, the series aired its 13 episodes uninterrupted.
Knowledge: The final episode aired on April 4, 2012, concluding the series with 1.43 million viewers.
Long Answer: One Tree Hill is an American television series created by Mark Schwahn. Over the course of nine seasons, One Tree Hill aired a total of 187 episodes. The ninth and final season of One Tree Hill premiered on January 11, 2012 and aired 13 uninterrupted episodes. The last season went from January 11 – April 4, 2012, when the final episode aired, concluding the series with 1.43 million viewers.",0.1365517228841781,0.0,0.0
E12315,315,11,simple,"['North Korea', 'Japan']",What are the neighboring countries of south korea?,"
South Korea has two neighboring countries:

1. North Korea
2. Japan","
Knowledge: South Korea,[b] officially the Republic of Korea (ROK),[c] is a country in East Asia, constituting the southern part of the Korean Peninsula
Long Answer: South Korea, officially the Republic of Korea, is located in East Asia, on the southern half of the Korean Peninsula located out from the far east of the Asian landmass. The only country with a land border to South Korea is North Korea, lying to the north with of border running along the Korean Demilitarized Zone. The neighboring country to the South of South Korea is Japan.
Context: South Korea is located in East Asia, on the southern half of the Korean Peninsula located out from the far east of the Asian landmass. The only country with a land border to South Korea is North Korea, lying to the north with of border running along the Korean Demilitarized Zone. South Korea is mostly surrounded by water and has of coastline along three seas; to the west is the Yellow Sea (West Sea), to the south is the East China Sea, and to the east is the East Sea. Geographically, South Korea's land mass is approximately . of South Korea are occupied by water. The approximate coordinates are 37° North, 127° 30 East.",0.2188850343227386,0.044116293593227,1.0
E13315,315,38,complex,"['North Korea', 'Japan']",What are the neighboring countries of south korea?,"
South Korea is situated in a strategically advantageous position, bordering two distinct nations: North Korea to the north, and Japan to the south. These two countries collectively constitute the most proximal neighboring nations to the Republic of Korea.","
Knowledge: South Korea,[b] officially the Republic of Korea (ROK),[c] is a country in East Asia, constituting the southern part of the Korean Peninsula
Long Answer: South Korea, officially the Republic of Korea, is located in East Asia, on the southern half of the Korean Peninsula located out from the far east of the Asian landmass. The only country with a land border to South Korea is North Korea, lying to the north with of border running along the Korean Demilitarized Zone. The neighboring country to the South of South Korea is Japan.
Context: South Korea is located in East Asia, on the southern half of the Korean Peninsula located out from the far east of the Asian landmass. The only country with a land border to South Korea is North Korea, lying to the north with of border running along the Korean Demilitarized Zone. South Korea is mostly surrounded by water and has of coastline along three seas; to the west is the Yellow Sea (West Sea), to the south is the East China Sea, and to the east is the East Sea. Geographically, South Korea's land mass is approximately . of South Korea are occupied by water. The approximate coordinates are 37° North, 127° 30 East.",0.2339649945497512,0.0114075228464355,1.0
E12316,316,16,simple,"['Razia Sultana', 'Raziya al-Din', 'Razia Sultana', 'Raziya al-Din']",Who is known as the first and last female rules of the delhi sultanate?,"
The woman who was the first and last ruler of the Delhi Sultanate is Razia Sultana.","
Knowledge: She was the first female Muslim ruler of the subcontinent, and the first female Muslim ruler of Delhi.
Knowledge: Razia was killed on 15 October 1240.[26][29]
Long Answer: The Delhi Sultanate was an Islamic empire based in Delhi that stretched over large parts of the Indian subcontinent for 320 years (1206–1526). Known as the first female Muslim ruler of the subcontinent and the first female Muslim ruler of Delhi, Razia Sultana reigned from 1236 to 1240. She was killed on October 15, 1240. She was the last female ruler of the Delhi Sultanate.
Context: The Delhi Sultanate was an Islamic empire based in Delhi that stretched over large parts of the Indian subcontinent for 320 years (1206–1526). Five dynasties ruled over the Delhi Sultanate sequentially: the Mamluk dynasty (1206–90), the Khalji dynasty (1290–1320), the Tughlaq dynasty (1320–1414), the Sayyid dynasty (1414–51), and the Lodi dynasty (1451–1526). The sultanate is noted for being one of the few powers to repel attacks by the Mongols (from the Chagatai Khanate), causing the decline of Buddhism in East India and Bengal, and enthroning one of the few female rulers in Islamic history, Razia Sultana, who reigned from 1236 to 1240.",0.4174691140651703,0.0123006862884637,0.5
E13316,316,143,complex,"['Razia Sultana', 'Raziya al-Din', 'Razia Sultana', 'Raziya al-Din']",Who is known as the first and last female rules of the delhi sultanate?,"
The distinction of being both the first and last female ruler of the Delhi Sultanate is accorded to Razia Sultana, a remarkable figure in Indian history. As the Sultan of Delhi from 1236 to 1240, she exemplified the remarkable prowess and sagacity that characterized her reign, marked by significant accomplishments and unyielding determination. Notably, her tenure was marked by the triumph of Muslim rule in India and the establishment of a distinctive identity for the region, predating the reigns of her predecessors and successors. Moreover, her reign served as a paradigm of female leadership in the Delhi Sultanate, underscoring her capacity for governance and her commitment to the welfare of her subjects. As the last ruler of the Delhi Sultanate, she underscored the significance of her legacy, cementing her place in the annals of Indian history as a trailblazing figure of remarkable significance.","
Knowledge: She was the first female Muslim ruler of the subcontinent, and the first female Muslim ruler of Delhi.
Knowledge: Razia was killed on 15 October 1240.[26][29]
Long Answer: The Delhi Sultanate was an Islamic empire based in Delhi that stretched over large parts of the Indian subcontinent for 320 years (1206–1526). Known as the first female Muslim ruler of the subcontinent and the first female Muslim ruler of Delhi, Razia Sultana reigned from 1236 to 1240. She was killed on October 15, 1240. She was the last female ruler of the Delhi Sultanate.
Context: The Delhi Sultanate was an Islamic empire based in Delhi that stretched over large parts of the Indian subcontinent for 320 years (1206–1526). Five dynasties ruled over the Delhi Sultanate sequentially: the Mamluk dynasty (1206–90), the Khalji dynasty (1290–1320), the Tughlaq dynasty (1320–1414), the Sayyid dynasty (1414–51), and the Lodi dynasty (1451–1526). The sultanate is noted for being one of the few powers to repel attacks by the Mongols (from the Chagatai Khanate), causing the decline of Buddhism in East India and Bengal, and enthroning one of the few female rulers in Islamic history, Razia Sultana, who reigned from 1236 to 1240.",0.1121423318982124,0.0012567737973318,0.5
E12317,317,42,simple,"['Montreal', 'Quebec City, Vancouver and Mexico', 'Glasgow, Scotland', 'Leeds, England', 'Belfast, Northern Ireland', 'Belfast Botanic Gardens', 'Singapore']",Where is the show just for laughs gags filmed?,"
The show ""Just for Laughs Gags"" is filmed in many places!

* Montreal, Canada
* Quebec City, Canada
* Vancouver, Canada
* Mexico
* The UK (around Belfast, Glasgow, and Leeds)
* Singapore

These are the places where the show is filmed!","
Knowledge: Just for Laughs Gags (in French, Juste pour rire les gags) is a Canadian silent comedy/hidden camera reality television show that is under the Just for Laughs brand.[1]
Knowledge: Just for Laughs UK is an adaptation of the Canadian series of the same name, that began in Montreal in late 2000.
Knowledge: Just for Laughs Gags Asia (Chinese: 好笑王) is a comedy show based on the popular Canadian version of the show.
Long Answer: Just for Laughs Gags is a Canadian silent comedy/hidden camera reality television show that is under the Just for Laughs brand. Most segments are filmed in Montreal, while some have been filmed in Quebec City, Vancouver and Mexico. Just for Laughs UK is a British adaptation of the Canadian series of the same name, and was filmed primarily in and around Belfast, Northern Ireland, Glasgow, Scotland and Leeds, England, where the Belfast Botanic Gardens were a common filming location for doing some pranks. Just for Laughs Gags Asia is a comedy show also based on the popular Canadian version of the show, and the first season was filmed in Singapore.
Context: Most segments are filmed in Quebec City, Montreal and Vancouver, while some have been filmed in Mexico. British and Asian versions have been produced in the UK and Singapore, respectively. In 2011 the show spawned a spinoff, ""Just Kidding"", which consists exclusively of kids playing pranks on adults.
Context: ""Just for Laughs"" was filmed primarily in and around Belfast, Northern Ireland, Glasgow, Scotland and Leeds, England. The Belfast Botanic Gardens were a common filming location for doing some pranks.
Context: The first season which contained 13 episodes were filmed in Singapore. Subsequent seasons will be filmed in other Asian Countries.",0.0428446643054485,0.0127053043731255,0.2857142857142857
E13317,317,111,complex,"['Montreal', 'Quebec City, Vancouver and Mexico', 'Glasgow, Scotland', 'Leeds, England', 'Belfast, Northern Ireland', 'Belfast Botanic Gardens', 'Singapore']",Where is the show just for laughs gags filmed?,"
The Canadian television program ""Just for Laughs Gags"" is primarily situated in the city of Montreal, which serves as the principal filming location for most segments. Furthermore, additional episodes have been shot in Quebec City and Vancouver, thereby expanding the show's geographical reach. Conversely, various international adaptations, including the British and Asian versions, have been produced in their respective locations. Specifically, the Belfast Botanic Gardens in Northern Ireland, Glasgow, Scotland, and Leeds, England, have been utilized as primary filming locations for the UK iteration. Notably, the inaugural season of ""Just for Laughs Gags Asia"" was filmed in the Singaporean metropolis. Subsequent seasons, as stated, will be recorded in other Asian countries.","
Knowledge: Just for Laughs Gags (in French, Juste pour rire les gags) is a Canadian silent comedy/hidden camera reality television show that is under the Just for Laughs brand.[1]
Knowledge: Just for Laughs UK is an adaptation of the Canadian series of the same name, that began in Montreal in late 2000.
Knowledge: Just for Laughs Gags Asia (Chinese: 好笑王) is a comedy show based on the popular Canadian version of the show.
Long Answer: Just for Laughs Gags is a Canadian silent comedy/hidden camera reality television show that is under the Just for Laughs brand. Most segments are filmed in Montreal, while some have been filmed in Quebec City, Vancouver and Mexico. Just for Laughs UK is a British adaptation of the Canadian series of the same name, and was filmed primarily in and around Belfast, Northern Ireland, Glasgow, Scotland and Leeds, England, where the Belfast Botanic Gardens were a common filming location for doing some pranks. Just for Laughs Gags Asia is a comedy show also based on the popular Canadian version of the show, and the first season was filmed in Singapore.
Context: Most segments are filmed in Quebec City, Montreal and Vancouver, while some have been filmed in Mexico. British and Asian versions have been produced in the UK and Singapore, respectively. In 2011 the show spawned a spinoff, ""Just Kidding"", which consists exclusively of kids playing pranks on adults.
Context: ""Just for Laughs"" was filmed primarily in and around Belfast, Northern Ireland, Glasgow, Scotland and Leeds, England. The Belfast Botanic Gardens were a common filming location for doing some pranks.
Context: The first season which contained 13 episodes were filmed in Singapore. Subsequent seasons will be filmed in other Asian Countries.",0.237033411860466,0.0102716098792257,0.7142857142857143
E12318,318,9,simple,"['mane', 'coat', 'tail', 'skirt', 'foretop', 'forelock']",What is the hair on a horse called?,"
The hair on a horse is called its mane.","
Knowledge: The forelock or foretop is a part of a horse's mane, that grows from the animal's poll and falls forward between the ears and onto the forehead.
Knowledge: The term ""skirt"" refers to the long hairs that fall below the dock.
Knowledge: The tail of the horse and other equines consists of two parts, the dock and the skirt.
Knowledge: The dock consists of the muscles and skin covering the coccygeal vertebrae.
Long Answer: On horses, the mane is the hair that grows from the top of the neck of a horse or other equine, reaching from the poll to the withers, and includes the forelock or foretop. The forelock or foretop grows from the animal's poll and falls forward between the ears and onto the forehead. The hair on the horse's body is called it's coat. The tail of the horse consists of two parts, the dock, the muscles and skin covering the coccygeal vertebrae, and the skirt, the long hairs that fall below the dock.
Context: Regardless of style, many manes that are not roached have a bit of mane at the poll, the area immediately behind the ears, shaved in order to help the crownpiece of the bridle lie more neatly on the head. This area is called a 'bridle path'. It may vary in length from one inch to over a foot. The length of the bridle path is dependent on the discipline or breed of the horse, and is important to consider when grooming a horse for competition.
Context: Tails can be thinned and shaped by pulling hairs at the sides of the dock, or by pulling the longest hairs in the skirt of the tail, to make the tail shorter and less full, though retaining a natural shape. This grooming style is currently out of fashion, though was once popular for the hunter and western breeds.
Context: On horses, the mane is the hair that grows from the top of the neck of a horse or other equine, reaching from the poll to the withers, and includes the forelock or foretop. It is thicker and coarser than the rest of the horse's coat, and naturally grows to roughly cover the neck. Heredity plays a role, giving some horses a longer, thicker mane, and others a shorter, thinner one.",0.3700632154941559,0.0,0.1666666666666666
E13318,318,74,complex,"['mane', 'coat', 'tail', 'skirt', 'foretop', 'forelock']",What is the hair on a horse called?,"
The piloaceous appendages on a horse, which grow from the cranium and extend downward to the withers, are referred to as the mane. Furthermore, the more proximal portion of the mane, situated between the ears and upon the cranium, is specifically designated as the forelock or foretop. In addition, the mane serves as a distinguishing characteristic, varying in length, thickness, and texture depending on the breed, age, and individual characteristics of the equine individual.","
Knowledge: The forelock or foretop is a part of a horse's mane, that grows from the animal's poll and falls forward between the ears and onto the forehead.
Knowledge: The term ""skirt"" refers to the long hairs that fall below the dock.
Knowledge: The tail of the horse and other equines consists of two parts, the dock and the skirt.
Knowledge: The dock consists of the muscles and skin covering the coccygeal vertebrae.
Long Answer: On horses, the mane is the hair that grows from the top of the neck of a horse or other equine, reaching from the poll to the withers, and includes the forelock or foretop. The forelock or foretop grows from the animal's poll and falls forward between the ears and onto the forehead. The hair on the horse's body is called it's coat. The tail of the horse consists of two parts, the dock, the muscles and skin covering the coccygeal vertebrae, and the skirt, the long hairs that fall below the dock.
Context: Regardless of style, many manes that are not roached have a bit of mane at the poll, the area immediately behind the ears, shaved in order to help the crownpiece of the bridle lie more neatly on the head. This area is called a 'bridle path'. It may vary in length from one inch to over a foot. The length of the bridle path is dependent on the discipline or breed of the horse, and is important to consider when grooming a horse for competition.
Context: Tails can be thinned and shaped by pulling hairs at the sides of the dock, or by pulling the longest hairs in the skirt of the tail, to make the tail shorter and less full, though retaining a natural shape. This grooming style is currently out of fashion, though was once popular for the hunter and western breeds.
Context: On horses, the mane is the hair that grows from the top of the neck of a horse or other equine, reaching from the poll to the withers, and includes the forelock or foretop. It is thicker and coarser than the rest of the horse's coat, and naturally grows to roughly cover the neck. Heredity plays a role, giving some horses a longer, thicker mane, and others a shorter, thinner one.",0.1708303540945053,0.0029172331677203,0.5
E12319,319,11,simple,"['1998', '2004']",When were electronic voting machines introduced for election in india?,"
Electronic voting machines were introduced in India from 1998 to 2001.","
Long Answer: Electronic Voting is the standard means of conducting elections using Electronic Voting Machines, sometimes called ""EVMs"" in India. They were introduced in Indian elections between 1998 and 2001, in a phased manner. The electronic voting machines have been used in all general and state assembly elections of India since 2004.
Context: Electronic Voting is the standard means of conducting elections using Electronic Voting Machines, sometimes called ""EVMs"" in India. The use of EVMs and electronic voting was developed and tested by the state-owned Electronics Corporation of India and Bharat Electronics in the 1990s. They were introduced in Indian elections between 1998 and 2001, in a phased manner. The electronic voting machines have been used in all general and state assembly elections of India since 2004.",0.4906633198261261,0.0188503190227473,0.5
E13319,319,32,complex,"['1998', '2004']",When were electronic voting machines introduced for election in india?,"
The utilization of Electronic Voting Machines (EVMs) in India's electoral processes commenced in a phased manner, commencing between 1998 and 2001, specifically during the tenure of the National Election Watch (NEW) programme.","
Long Answer: Electronic Voting is the standard means of conducting elections using Electronic Voting Machines, sometimes called ""EVMs"" in India. They were introduced in Indian elections between 1998 and 2001, in a phased manner. The electronic voting machines have been used in all general and state assembly elections of India since 2004.
Context: Electronic Voting is the standard means of conducting elections using Electronic Voting Machines, sometimes called ""EVMs"" in India. The use of EVMs and electronic voting was developed and tested by the state-owned Electronics Corporation of India and Bharat Electronics in the 1990s. They were introduced in Indian elections between 1998 and 2001, in a phased manner. The electronic voting machines have been used in all general and state assembly elections of India since 2004.",0.2333703488111496,0.0058343471803385,0.5
E12320,320,15,simple,"['Georgia Valerie ""Toff"" Toffolo', 'Toffolo', 'Georgia Toffolo', 'Donovan', 'Casey Donovan']",Who won celebrity get me out of here 2017?,"
Casey Donovan, an Australian singer, won I'm a Celebrity...Get Me Out Of Here! in 2017.","
Knowledge: I'm a Celebrity...Get Me Out Of Here! (often shortened to I'm a Celebrity or I'm a Celeb) is a British survival reality television show, created by London Weekend Television (LWT), produced by ITV Studios, and aired on ITV from Australia and now Gwrych Castle in Abergele, North Wales.
Knowledge: I'm a Celebrity...Get Me Out of Here! (occasionally shortened to I'm a Celebrity) is an Australian reality television series on Network 10 which is based on the British television show of the same name.[1]
Knowledge: Casey Donovan (born 13 May 1988) is an Australian singer, songwriter, actress, theatre actress and author, best known for winning the second season of the singing competition show Australian Idol in 2004.
Long Answer: I'm a Celebrity...Get Me Out Of Here! is a British survival reality television show, created by London Weekend Television (LWT) and produced by ITV Studios. In 2017, ""Made in Chelsea"" star Georgia Toffolo won the series. The Australian reality television series, I'm a Celebrity...Get Me Out of Here!, is based on the British television show of the same name. In 2017, Casey Donovan, who is best known for winning the second season of the singing competition show Australian Idol in 2004, won the series.
Context: ""Made in Chelsea"" star Georgia Toffolo won the series on 10 December 2017, with ""Hollyoaks"" actor Jamie Lomas finishing runner up, and comedian and broadcaster Iain Lee finishing third. This was the first time in the show's history that women won three consecutive series. Professional boxer Amir Khan also became the highest-paid contestant in the history of the show, beating the previous £400,000 record held by Katie Price in series 9.",0.4042880833148956,0.0132179476263772,0.4
E13320,320,64,complex,"['Georgia Valerie ""Toff"" Toffolo', 'Toffolo', 'Georgia Toffolo', 'Donovan', 'Casey Donovan']",Who won celebrity get me out of here 2017?,"
In the year 2017, the coveted title of ""King"" of I'm a Celebrity...Get Me Out of Here! was bestowed upon Georgia Toffolo, a renowned reality television personality. This prestigious victory marked the culmination of a rigorous series of challenges and trials, whereby the contestants were compelled to endure an environment characterized by its unforgiving natural beauty and inhumane conditions, all in pursuit of survival.","
Knowledge: I'm a Celebrity...Get Me Out Of Here! (often shortened to I'm a Celebrity or I'm a Celeb) is a British survival reality television show, created by London Weekend Television (LWT), produced by ITV Studios, and aired on ITV from Australia and now Gwrych Castle in Abergele, North Wales.
Knowledge: I'm a Celebrity...Get Me Out of Here! (occasionally shortened to I'm a Celebrity) is an Australian reality television series on Network 10 which is based on the British television show of the same name.[1]
Knowledge: Casey Donovan (born 13 May 1988) is an Australian singer, songwriter, actress, theatre actress and author, best known for winning the second season of the singing competition show Australian Idol in 2004.
Long Answer: I'm a Celebrity...Get Me Out Of Here! is a British survival reality television show, created by London Weekend Television (LWT) and produced by ITV Studios. In 2017, ""Made in Chelsea"" star Georgia Toffolo won the series. The Australian reality television series, I'm a Celebrity...Get Me Out of Here!, is based on the British television show of the same name. In 2017, Casey Donovan, who is best known for winning the second season of the singing competition show Australian Idol in 2004, won the series.
Context: ""Made in Chelsea"" star Georgia Toffolo won the series on 10 December 2017, with ""Hollyoaks"" actor Jamie Lomas finishing runner up, and comedian and broadcaster Iain Lee finishing third. This was the first time in the show's history that women won three consecutive series. Professional boxer Amir Khan also became the highest-paid contestant in the history of the show, beating the previous £400,000 record held by Katie Price in series 9.",0.0564081110060215,0.0028457024515317,0.4
E12321,321,16,simple,"['Chelsea, Manchester United', 'Arsenal, Chelsea', 'Manchester United, Crystal Palace']",What teams are in the fa cup final?,"
The teams that are playing in the FA Cup Final are Manchester City and Aston Villa.","
Knowledge: The Football Association Challenge Cup, commonly known as the FA Cup, is a knockout competition in English football, organised by and named after The Football Association (the FA).
Knowledge: The competition culminates at the end of the league season (usually in May) with the FA Cup Final, officially named The Football Association Challenge Cup Final Tie, which has traditionally been regarded as the showpiece finale of the English football season.[4]
Long Answer: The Football Association Challenge Cup, commonly known as the FA Cup, is a knockout competition in English football, organised by and named after The Football Association (the FA) and culminates at the end of the league season with the FA Cup Final. The Manchester United and Crystal Palace teams played in the 2015-2016 FA Cup Final. The Arsenal and Chelsea teams played in the 2016-2017 FA Cup Final. The Manchester United and Chelsea teams played in the 2017-2018 FA Cup Final.",0.2926862835884094,0.0123006862884637,0.0
E13321,321,172,complex,"['Chelsea, Manchester United', 'Arsenal, Chelsea', 'Manchester United, Crystal Palace']",What teams are in the fa cup final?,"
The identity of the teams participating in the FA Cup final remains to be determined, as the competition is a series of knockout matches culminating in the finale. However, it is worth noting that the FA Cup is typically contested by various teams from the English football league system, encompassing a diverse range of participants, from those situated at the top of the domestic league pyramid to those at the lower divisions.

In recent years, the tournament has been marked by the presence of prominent clubs such as Manchester United, Chelsea, and Crystal Palace, all of whom have successfully navigated the competition to reach the final stages. Given the dynamic nature of the FA Cup, it is possible that the participating teams in the forthcoming final may comprise a similarly diverse and competitive pool of clubs.

Ultimately, the precise teams that will compete in the FA Cup final will be revealed through the progression of the tournament, as various matches are contested and the semi-final and final stages of the competition unfold.","
Knowledge: The Football Association Challenge Cup, commonly known as the FA Cup, is a knockout competition in English football, organised by and named after The Football Association (the FA).
Knowledge: The competition culminates at the end of the league season (usually in May) with the FA Cup Final, officially named The Football Association Challenge Cup Final Tie, which has traditionally been regarded as the showpiece finale of the English football season.[4]
Long Answer: The Football Association Challenge Cup, commonly known as the FA Cup, is a knockout competition in English football, organised by and named after The Football Association (the FA) and culminates at the end of the league season with the FA Cup Final. The Manchester United and Crystal Palace teams played in the 2015-2016 FA Cup Final. The Arsenal and Chelsea teams played in the 2016-2017 FA Cup Final. The Manchester United and Chelsea teams played in the 2017-2018 FA Cup Final.",0.0568750575184822,0.0026230100344577,0.0
E12322,322,36,simple,"['Manmohan Singh', 'Arun Jaitley', 'Jaswant Singh']",Who is the leader of ruling party in rajya sabha?,"
The leader of the ruling party in Rajya Sabha is the leader of the majority party in the Rajya Sabha. They are the leader of the party that has the most members in the Rajya Sabha.","
Knowledge: The Rajya Sabha or Council of States is the upper house of the bicameral Parliament of India.
Knowledge: The Leader of the House in Rajya Sabha (IAST: Rājya Sabhā ke Sadana Netā) is the leader and parliamentary chairperson of the majority party in the Rajya Sabha and is normally either a cabinet minister or another nominated minister.
Knowledge: Jaswant Singh was appointed as the Member of parliament of Rajya Sabha for the fourth time in the year 1999 and after the formation of the Vajpayee Government he was appointed as the Leader of Rajya Sabha on 13 October 1999 and remained till the time of fall of the Vajpayee Government on 22 May 2004 and succeeded the position to then Prime Minister, Manmohan Singh.[88]
Knowledge: Manmohan Singh (Punjabi: [mənˈmoːɦən ˈsɪ́ŋɡ] (About this soundlisten); born 26 September 1932) is an Indian economist, academic, and politician who served as the 13th prime minister of India from 2004 to 2014.
Long Answer: The Rajya Sabha or Council of States is the upper house of the bicameral Parliament of India. The Leader of the House in Rajya Sabha is the leader and parliamentary chairperson of the majority party in the Rajya Sabha and is normally either a cabinet minister or another nominated minister. From 1999 to 2004, Jaswant Singh was the leader of the ruling party, followed by Manmohan Singh, who also served as the 13th prime minister of India from 2004 to 2014. Arun Jaitley was the leader of the ruling party in 2014.",0.3046362698078155,0.0,0.0
E13322,322,93,complex,"['Manmohan Singh', 'Arun Jaitley', 'Jaswant Singh']",Who is the leader of ruling party in rajya sabha?,"
The position of the leader of the ruling party in the Rajya Sabha, the upper house of the Indian Parliament, is a position of considerable significance and power. Currently, the leader of the ruling party in the Rajya Sabha is Arun Jaitley, who has assumed this role with distinction, marking a notable shift in the political landscape of India. His ascendancy to the position is a testament to the dynamism and versatility of Indian politics, where leadership positions are often subject to frequent changes in response to shifting party alignments and coalition dynamics.","
Knowledge: The Rajya Sabha or Council of States is the upper house of the bicameral Parliament of India.
Knowledge: The Leader of the House in Rajya Sabha (IAST: Rājya Sabhā ke Sadana Netā) is the leader and parliamentary chairperson of the majority party in the Rajya Sabha and is normally either a cabinet minister or another nominated minister.
Knowledge: Jaswant Singh was appointed as the Member of parliament of Rajya Sabha for the fourth time in the year 1999 and after the formation of the Vajpayee Government he was appointed as the Leader of Rajya Sabha on 13 October 1999 and remained till the time of fall of the Vajpayee Government on 22 May 2004 and succeeded the position to then Prime Minister, Manmohan Singh.[88]
Knowledge: Manmohan Singh (Punjabi: [mənˈmoːɦən ˈsɪ́ŋɡ] (About this soundlisten); born 26 September 1932) is an Indian economist, academic, and politician who served as the 13th prime minister of India from 2004 to 2014.
Long Answer: The Rajya Sabha or Council of States is the upper house of the bicameral Parliament of India. The Leader of the House in Rajya Sabha is the leader and parliamentary chairperson of the majority party in the Rajya Sabha and is normally either a cabinet minister or another nominated minister. From 1999 to 2004, Jaswant Singh was the leader of the ruling party, followed by Manmohan Singh, who also served as the 13th prime minister of India from 2004 to 2014. Arun Jaitley was the leader of the ruling party in 2014.",0.1819882988929748,0.0019436198713215,0.3333333333333333
E12323,323,13,simple,"['fourth', 'fourth']",Rank of indian air force in the world?,"
The Indian Air Force is the fourth largest air force in the world.","
Knowledge: Still, India maintains the fourth largest air force in the world.
Long Answer: The Indian Air Force (IAF) is the air arm of the Indian Armed Forces. Its complement of personnel and aircraft assets ranks fourth amongst the air forces of the world. India also maintains the fourth largest air force in the world.
Context: The Indian Air Force (IAF) is the air arm of the Indian Armed Forces. Its complement of personnel and aircraft assets ranks fourth amongst the air forces of the world. Its primary mission is to secure Indian airspace and to conduct aerial warfare during armed conflict. It was officially established on 8 October 1932 as an auxiliary air force of the British Empire which honoured India's aviation service during World War II with the prefix ""Royal"". After India gained independence from the United Kingdom in 1947, the name Royal Indian Air Force was kept and served in the name of Dominion of India. With the government's transition to a Republic in 1950, the prefix ""Royal"" was removed.",0.5516047477722168,0.0155371256927603,1.0
E13323,323,55,complex,"['fourth', 'fourth']",Rank of indian air force in the world?,"
The Indian Air Force (IAF) is situated in a position of supremacy amongst the aerial forces of the world, boasting the fourth highest ranking in terms of personnel and aerial assets. This ranking is a testament to the IAF's military prowess and its capacity to project airpower effectively, thereby contributing to the nation's geostrategic security.","
Knowledge: Still, India maintains the fourth largest air force in the world.
Long Answer: The Indian Air Force (IAF) is the air arm of the Indian Armed Forces. Its complement of personnel and aircraft assets ranks fourth amongst the air forces of the world. India also maintains the fourth largest air force in the world.
Context: The Indian Air Force (IAF) is the air arm of the Indian Armed Forces. Its complement of personnel and aircraft assets ranks fourth amongst the air forces of the world. Its primary mission is to secure Indian airspace and to conduct aerial warfare during armed conflict. It was officially established on 8 October 1932 as an auxiliary air force of the British Empire which honoured India's aviation service during World War II with the prefix ""Royal"". After India gained independence from the United Kingdom in 1947, the name Royal Indian Air Force was kept and served in the name of Dominion of India. With the government's transition to a Republic in 1950, the prefix ""Royal"" was removed.",0.2147486507892608,0.0033246128899473,1.0
E12324,324,10,simple,"['July 1966', 'July 1973']",When did the first black panther comic come out?,"
The first Black Panther comic book came out in 1966.","
Long Answer: Black Panther is a fictional superhero appearing in American comic books published by Marvel Comics. The character was created by writer-editor Stan Lee and writer-artist Jack Kirby, first appearing in ""Fantastic Four"" #52 (cover-dated July 1966) in the Silver Age of Comic Books. Black Panther received his first starring feature with Jungle Action #5 (July 1973), a reprint of the Panther-centric story in The Avengers #62 (March 1969).
Context: Black Panther is a fictional superhero appearing in American comic books published by Marvel Comics. The character was created by writer-editor Stan Lee and writer-artist Jack Kirby, first appearing in ""Fantastic Four"" #52 (cover-dated July 1966) in the Silver Age of Comic Books. Black Panther's real name is T'Challa, king and protector of the fictional African nation of Wakanda. Along with possessing enhanced abilities achieved through ancient Wakandan rituals of drinking the essence of the heart-shaped herb, T'Challa also relies on his proficiency in science, rigorous physical training, hand-to-hand combat skills, and access to wealth and advanced Wakandan technology to combat his enemies.
Context: He received his first starring feature with ""Jungle Action"" #5 (July 1973), a reprint of the Panther-centric story in ""The Avengers"" #62 (March 1969). A new series began running the following issue, written by Don McGregor, with art by pencilers Rich Buckler, Gil Kane, and Billy Graham, and which gave inkers Klaus Janson and Bob McLeod some of their first professional exposure. The critically acclaimed series ran in ""Jungle Action"" #6–24 (Sept. 1973 – Nov. 1976).",0.2758018374443054,0.0,0.0
E13324,324,93,complex,"['July 1966', 'July 1973']",When did the first black panther comic come out?,"
The inaugural iteration of the Black Panther character, as a standalone figure, was initially introduced in the comic book ""Fantastic Four"" #52, which bore a publication date of July 1966. This marked the beginning of the Silver Age of Comic Books, a period of resurgence in the medium, characterized by the emergence of iconic superheroes such as Black Panther.

In subsequent issues, particularly in ""The Avengers"" #62 (March 1969), T'Challa's narrative was further developed, laying the groundwork for his subsequent starring role in the titular title, ""Jungle Action"", which debuted in July 1973.","
Long Answer: Black Panther is a fictional superhero appearing in American comic books published by Marvel Comics. The character was created by writer-editor Stan Lee and writer-artist Jack Kirby, first appearing in ""Fantastic Four"" #52 (cover-dated July 1966) in the Silver Age of Comic Books. Black Panther received his first starring feature with Jungle Action #5 (July 1973), a reprint of the Panther-centric story in The Avengers #62 (March 1969).
Context: Black Panther is a fictional superhero appearing in American comic books published by Marvel Comics. The character was created by writer-editor Stan Lee and writer-artist Jack Kirby, first appearing in ""Fantastic Four"" #52 (cover-dated July 1966) in the Silver Age of Comic Books. Black Panther's real name is T'Challa, king and protector of the fictional African nation of Wakanda. Along with possessing enhanced abilities achieved through ancient Wakandan rituals of drinking the essence of the heart-shaped herb, T'Challa also relies on his proficiency in science, rigorous physical training, hand-to-hand combat skills, and access to wealth and advanced Wakandan technology to combat his enemies.
Context: He received his first starring feature with ""Jungle Action"" #5 (July 1973), a reprint of the Panther-centric story in ""The Avengers"" #62 (March 1969). A new series began running the following issue, written by Don McGregor, with art by pencilers Rich Buckler, Gil Kane, and Billy Graham, and which gave inkers Klaus Janson and Bob McLeod some of their first professional exposure. The critically acclaimed series ran in ""Jungle Action"" #6–24 (Sept. 1973 – Nov. 1976).",0.1768214404582977,0.0019436198713215,1.0
E12325,325,18,simple,"['18 April 1856', '30 June 1852', '25 November 1947', '28 October 1835', '10 January 1920']",When was new zealand founded as a country?,"
New Zealand was a place, but it wasn't a country until a special law was made in 1852.","
Knowledge: New Zealand (Māori: Aotearoa [aɔˈtɛaɾɔa]) is an island country in the southwestern Pacific Ocean.
Knowledge: The New Zealand Constitution Act 1852 (15 & 16 Vict. c. 72) was an Act of the Parliament of the United Kingdom that granted self-government to the Colony of New Zealand.
Knowledge: The Act received the Royal Assent on 30 June 1852.[2]
Long Answer: New Zealand is an island country in the southwestern Pacific Ocean. The United Tribes of New Zealand formally declared their independence on 28 October 1835 and on 30 June 1852, the New Zealand Constitution Act, which was an Act of the Parliament of the United Kingdom that granted self-government to the Colony of New Zealand, received Royal Assent. On 18 April 1856, New Zealand formed it's first responsible, independent government. They were recognized as a country by the League of Nations on 10 January 1920, and they were granted full external autonomy by the British Parliament on 25 November 1947. ",0.2064093649387359,0.0,0.0
E13325,325,221,complex,"['18 April 1856', '30 June 1852', '25 November 1947', '28 October 1835', '10 January 1920']",When was new zealand founded as a country?,"
New Zealand's nascent formation as a sovereign nation is a narrative that spans several decades, with the establishment of the United Tribes of New Zealand precipitating a momentous event in the annals of the country's history. Specifically, the triumvirate of 28 October 1835 marked the inauguration of the United Tribes of New Zealand, with this pivotal date subsequently being followed by the subsequent granting of self-government to the Colony of New Zealand through the New Zealand Constitution Act of 1852. This landmark legislation, which received royal assent on 30 June 1852, formalized the establishment of New Zealand as a semi-autonomous dominion, paving the way for the country's eventual emergence as a fully-fledged nation. The process of maturation, however, was further accelerated by the ratification of the Treaty of Waitangi in 1840, which established the relationship between the British Crown and the indigenous Māori population, thereby providing the groundwork for New Zealand's eventual recognition as an independent nation. It is worth noting that the country's international acknowledgment as a sovereign state was not formally recognized until 10 January 1940, when the League of Nations extended its territorial claims to New Zealand, although it was not until 26 April 1947 that the country was fully recognized as a sovereign state, following the granting of external autonomy by the British Parliament on that date.","
Knowledge: New Zealand (Māori: Aotearoa [aɔˈtɛaɾɔa]) is an island country in the southwestern Pacific Ocean.
Knowledge: The New Zealand Constitution Act 1852 (15 & 16 Vict. c. 72) was an Act of the Parliament of the United Kingdom that granted self-government to the Colony of New Zealand.
Knowledge: The Act received the Royal Assent on 30 June 1852.[2]
Long Answer: New Zealand is an island country in the southwestern Pacific Ocean. The United Tribes of New Zealand formally declared their independence on 28 October 1835 and on 30 June 1852, the New Zealand Constitution Act, which was an Act of the Parliament of the United Kingdom that granted self-government to the Colony of New Zealand, received Royal Assent. On 18 April 1856, New Zealand formed it's first responsible, independent government. They were recognized as a country by the League of Nations on 10 January 1920, and they were granted full external autonomy by the British Parliament on 25 November 1947. ",0.1901531815528869,0.0062754768880686,0.4
E12326,326,12,simple,"['Addison Timlin', 'Robin Lanning']",Who played stormy in the movie odd thomas?,"
Addison Timlin played the role of Stormy in the movie Odd Thomas.","
Knowledge: Odd Thomas is a 2013 American supernatural mystery thriller film based on Dean Koontz's 2003 novel of the same name.
Knowledge: Addison Jayne Timlin White (née Timlin; born June 29, 1991) is an American actress, best known for her roles as Jami Lerner in The Town That Dreaded Sundown (2014) and Colleen Lunsford in Little Sister (2016).[1]
Long Answer: Odd Thomas is a 2013 American supernatural mystery thriller film based on Dean Koontz's 2003 novel of the same name. Both a younger and an older version of the character, Stormy, are featured in the movie. The younger Stormy is played by Robin Lanning. The older Stormy is played by American actress Addison Timlin.",0.3499051630496979,0.0360208028820736,0.5
E13326,326,25,complex,"['Addison Timlin', 'Robin Lanning']",Who played stormy in the movie odd thomas?,"
The role of Stormy, a pivotal character in the 2013 cinematic adaptation of Dean Koontz's novel, was played by the talented American actress Addison Timlin.","
Knowledge: Odd Thomas is a 2013 American supernatural mystery thriller film based on Dean Koontz's 2003 novel of the same name.
Knowledge: Addison Jayne Timlin White (née Timlin; born June 29, 1991) is an American actress, best known for her roles as Jami Lerner in The Town That Dreaded Sundown (2014) and Colleen Lunsford in Little Sister (2016).[1]
Long Answer: Odd Thomas is a 2013 American supernatural mystery thriller film based on Dean Koontz's 2003 novel of the same name. Both a younger and an older version of the character, Stormy, are featured in the movie. The younger Stormy is played by Robin Lanning. The older Stormy is played by American actress Addison Timlin.",0.4167241156101227,0.0075757312251589,0.5
E12327,327,9,simple,"['August 15, 1971', '1971', 'August 15', '1933', 'twice during World War I', 'During the Great Depression']",When did the gold standard end in the us?,"
The United States ended the gold standard in 1971.","
Knowledge: Initially defined under a bimetallic standard in terms of a fixed quantity of silver or gold, it formally adopted the gold standard in 1900, and finally eliminated all links to gold in 1971.
Knowledge: In early 1933, in order to fight severe deflation, Congress and President Roosevelt implemented a series of Acts of Congress and Executive Orders which suspended the gold standard except for foreign exchange, revoked gold as universal legal tender for debts, and banned private ownership of significant amounts of gold coin.
Knowledge: The suspension of the gold standard was considered temporary by many in markets and in the government at the time, but restoring the standard was considered a low priority to dealing with other issues.[12][15]
Knowledge: There was great debate about what Nixon should do, but ultimately Nixon, relying heavily on the advice of the self-confident Connally, decided to break up Bretton Woods by announcing the following actions on August 15:[13][14][15]

Nixon directed Treasury Secretary Connally to suspend, with certain exceptions, the convertibility of the dollar into gold or other reserve assets, ordering the gold window to be closed such that foreign governments could no longer exchange their dollars for gold.
Long Answer: The United States formally adopted the gold standard in 1900. The gold standard was suspended twice during World War I and then during the Great Depression when every major currency abandoned the gold standard. In early 1933, in order to fight severe deflation, Congress and President Roosevelt implemented a series of Acts of Congress and Executive Orders which suspended the gold standard except for foreign exchange, and while the suspension of the gold standard was considered temporary by many in markets and in the government at the time, restoring the standard was considered a low priority to dealing with other issues. The United States finally eliminated all links to gold on August 15, 1971, when President Richard Nixon directed Treasury Secretary Connally to suspend, with certain exceptions, the convertibility of the dollar into gold or other reserve assets, ordering the gold window to be closed such that foreign governments could no longer exchange their dollars for gold .
Context: During the Great Depression, every major currency abandoned the gold standard. Among the earliest, the Bank of England abandoned the gold standard in 1931 as speculators demanded gold in exchange for currency notes or in settlement of debts, threatening the solvency of the British monetary system. This pattern repeated throughout Europe and North America. In the United States, the Federal Reserve was forced to raise interest rates in order to protect the gold standard for the US dollar, worsening already severe domestic economic pressures. After bank runs became more pronounced in early 1933, people began to hoard gold coins as distrust for banks led to distrust for paper money, worsening deflation and depleting gold reserves.
Context: The gold standard was suspended twice during World War I, once fully and then for foreign exchange. At the onset of the war, U.S. corporations had large debts payable to European entities who began liquidating their debts in gold. With debts to Europe falling due, the dollar to (British) pound sterling exchange rate reached as high as $6.75:£1, far above the nominal (gold) parity of 4.8665:1. This caused large gold outflows until July 31, 1914, when the New York Stock Exchange closed and the gold standard was temporarily suspended. In order to defend the exchange rate of the dollar, the US Treasury Department authorized state and nationally chartered banks to issue emergency currency under the Aldrich-Vreeland Act, and the newly created Federal Reserve organized a fund to assure debts to foreign creditors. These efforts were largely successful, and the Aldrich-Vreeland notes were retired starting in November and the gold standard was restored when the New York Stock Exchange re-opened in December 1914.",0.4070459008216858,0.0239802967618271,0.1666666666666666
E13327,327,86,complex,"['August 15, 1971', '1971', 'August 15', '1933', 'twice during World War I', 'During the Great Depression']",When did the gold standard end in the us?,"
The abandonment of the gold standard in the United States was a culmination of a series of economic and monetary policy reforms that ultimately culminated on August 15, 1971, when President Richard Nixon unilaterally instructed Treasury Secretary John Connally to close the gold window and suspend the convertibility of the dollar into gold or other reserve assets. This decision effectively terminated the last vestiges of the gold standard in the US, bringing to a close a monetary policy regime that had been in place since 1900.","
Knowledge: Initially defined under a bimetallic standard in terms of a fixed quantity of silver or gold, it formally adopted the gold standard in 1900, and finally eliminated all links to gold in 1971.
Knowledge: In early 1933, in order to fight severe deflation, Congress and President Roosevelt implemented a series of Acts of Congress and Executive Orders which suspended the gold standard except for foreign exchange, revoked gold as universal legal tender for debts, and banned private ownership of significant amounts of gold coin.
Knowledge: The suspension of the gold standard was considered temporary by many in markets and in the government at the time, but restoring the standard was considered a low priority to dealing with other issues.[12][15]
Knowledge: There was great debate about what Nixon should do, but ultimately Nixon, relying heavily on the advice of the self-confident Connally, decided to break up Bretton Woods by announcing the following actions on August 15:[13][14][15]

Nixon directed Treasury Secretary Connally to suspend, with certain exceptions, the convertibility of the dollar into gold or other reserve assets, ordering the gold window to be closed such that foreign governments could no longer exchange their dollars for gold.
Long Answer: The United States formally adopted the gold standard in 1900. The gold standard was suspended twice during World War I and then during the Great Depression when every major currency abandoned the gold standard. In early 1933, in order to fight severe deflation, Congress and President Roosevelt implemented a series of Acts of Congress and Executive Orders which suspended the gold standard except for foreign exchange, and while the suspension of the gold standard was considered temporary by many in markets and in the government at the time, restoring the standard was considered a low priority to dealing with other issues. The United States finally eliminated all links to gold on August 15, 1971, when President Richard Nixon directed Treasury Secretary Connally to suspend, with certain exceptions, the convertibility of the dollar into gold or other reserve assets, ordering the gold window to be closed such that foreign governments could no longer exchange their dollars for gold .
Context: During the Great Depression, every major currency abandoned the gold standard. Among the earliest, the Bank of England abandoned the gold standard in 1931 as speculators demanded gold in exchange for currency notes or in settlement of debts, threatening the solvency of the British monetary system. This pattern repeated throughout Europe and North America. In the United States, the Federal Reserve was forced to raise interest rates in order to protect the gold standard for the US dollar, worsening already severe domestic economic pressures. After bank runs became more pronounced in early 1933, people began to hoard gold coins as distrust for banks led to distrust for paper money, worsening deflation and depleting gold reserves.
Context: The gold standard was suspended twice during World War I, once fully and then for foreign exchange. At the onset of the war, U.S. corporations had large debts payable to European entities who began liquidating their debts in gold. With debts to Europe falling due, the dollar to (British) pound sterling exchange rate reached as high as $6.75:£1, far above the nominal (gold) parity of 4.8665:1. This caused large gold outflows until July 31, 1914, when the New York Stock Exchange closed and the gold standard was temporarily suspended. In order to defend the exchange rate of the dollar, the US Treasury Department authorized state and nationally chartered banks to issue emergency currency under the Aldrich-Vreeland Act, and the newly created Federal Reserve organized a fund to assure debts to foreign creditors. These efforts were largely successful, and the Aldrich-Vreeland notes were retired starting in November and the gold standard was restored when the New York Stock Exchange re-opened in December 1914.",0.2403077185153961,0.004925628175455,0.5
E12328,328,35,simple,"['Luca di Borgo', 'Luca Pacioli', 'Fra Luca Bartolomeo de Pacioli', 'c. 1447 – 19 June 1517']",Who is the father of accounting when and what did he describe?,"
Fra Luca Pacioli is the ""Father of Accounting"". He lived a long time ago, from 1447 to 1517. He wrote about a special way of keeping track of money and expenses, called the ""double-entry system"".","
Knowledge: Pacioli dramatically affected the practice of accounting by describing the double-entry accounting method used in parts of Italy. This revolutionized how businesses oversaw their operations, enabling improved efficiency and profitability.
Long Answer: The ""father of accounting"" was Italian mathematician Fra Luca Bartolomeo de Pacioli. Pacioli, a Franciscan friar and collaborator with Leonardo da Vinci, lived c. 1447 – 19 June 1517. He dramatically affected the practice of accounting by describing the double-entry accounting method used in parts of Italy. This revolutionized how businesses oversaw their operations, enabling improved efficiency and profitability.
Context: Fra Luca Bartolomeo de Pacioli (sometimes ""Paccioli"" or ""Paciolo""; 1447 – 19 June 1517) was an Italian mathematician, Franciscan friar, collaborator with Leonardo da Vinci, and an early contributor to the field now known as accounting. He is referred to as ""The Father of Accounting and Bookkeeping"" in Europe and he was the second person to publish a work on the double-entry system of book-keeping on the continent. He was also called Luca di Borgo after his birthplace, Borgo Sansepolcro, Tuscany.",0.3026496171951294,0.0158843620329386,0.25
E13328,328,176,complex,"['Luca di Borgo', 'Luca Pacioli', 'Fra Luca Bartolomeo de Pacioli', 'c. 1447 – 19 June 1517']",Who is the father of accounting when and what did he describe?,"
Fra Luca Bartolomeo de Pacioli, a seminal figure in the field of accounting, is widely regarded as the ""Father of Accounting"" due to his paradigm-shifting contribution to the discipline. Specifically, in the 15th century, Pacioli meticulously described the double-entry accounting method, a revolutionary approach that fundamentally transformed the manner in which businesses, particularly in Italy, managed their financial operations.

This foundational work, which laid the groundwork for modern accounting practices, was a milestone in the evolution of the field. By elucidating the double-entry system, Pacioli established a systematic and rigorous framework for recording, classifying, and analyzing financial transactions, thereby enabling organizations to efficiently manage their assets, liabilities, and equity. His innovative approach, which reconciled the debits and credits of financial entries, provided a comprehensive and cohesive picture of a company's financial position, rendering it an indispensable tool for informed decision-making.

Pacioli's treatise, which codified the double-entry method, had a profound impact on the development of accounting as a distinct field of study, thereby cementing his reputation as the ""Father of Accounting"" in the annals of history.","
Knowledge: Pacioli dramatically affected the practice of accounting by describing the double-entry accounting method used in parts of Italy. This revolutionized how businesses oversaw their operations, enabling improved efficiency and profitability.
Long Answer: The ""father of accounting"" was Italian mathematician Fra Luca Bartolomeo de Pacioli. Pacioli, a Franciscan friar and collaborator with Leonardo da Vinci, lived c. 1447 – 19 June 1517. He dramatically affected the practice of accounting by describing the double-entry accounting method used in parts of Italy. This revolutionized how businesses oversaw their operations, enabling improved efficiency and profitability.
Context: Fra Luca Bartolomeo de Pacioli (sometimes ""Paccioli"" or ""Paciolo""; 1447 – 19 June 1517) was an Italian mathematician, Franciscan friar, collaborator with Leonardo da Vinci, and an early contributor to the field now known as accounting. He is referred to as ""The Father of Accounting and Bookkeeping"" in Europe and he was the second person to publish a work on the double-entry system of book-keeping on the continent. He was also called Luca di Borgo after his birthplace, Borgo Sansepolcro, Tuscany.",0.1704762428998947,0.0134120077806414,0.25
E12329,329,9,simple,"['March 27, 1912', '1906', '1965']",When did japan send cherry trees to washington dc?,"
Japan sent cherry trees to Washington D.C. in 1912.","
Long Answer: In 1906, David Fairchild imported 1000 cherry trees from the Yokohama Nursery Company in Japan and planted them on his own property in Chevy Chase, Maryland. The Fairchilds were pleased with the results of their planting and, in 1907, began promoting Japanese flowering cherry trees as an ideal tree to plant around avenues in the Washington area. On March 27, 1912, Japan's government sent 2,00 cherry trees to Washington, D.C., to enhance the growing friendship between the United States and Japan. First Lady Lady Bird Johnson and Ryuji Takeuchi, wife of the Japanese ambassador, reenacted the 1912 planting when Japan's government sent 3,800 cherry trees to Washington, D.C., in 1965.
Context: The National Cherry Blossom Festival is a spring celebration in Washington, D.C., commemorating the March 27, 1912, gift of Japanese cherry trees from Mayor Yukio Ozaki of Tokyo City to the city of Washington, D.C. Mayor Ozaki donated the trees to enhance the growing friendship between the United States and Japan and also celebrate the continued close relationship between the two nations. Large and colorful helium balloons, floats, marching bands from across the country, music and showmanship are parts of the Festival's parade and other events.
Context: In 1906, David Fairchild imported 1000 cherry trees from the Yokohama Nursery Company in Japan and planted them on his own property in Chevy Chase, Maryland. The Fairchilds were pleased with the results of their planting and in 1907 began promoting Japanese flowering cherry trees as an ideal tree to plant around avenues in the Washington area. On September 26, with the help of the Fairchilds' friends, the Chevy Chase Land Company ordered 300 Oriental cherry trees for the Chevy Chase area. In 1908, Fairchild donated cherry saplings to every D.C. school to plant on its school grounds in observance of Arbor Day. At an Arbor Day speech that Eliza Scidmore attended, Fairchild proposed that the ""Speedway"" (a now non-existing route around the D.C. Tidal Basin) be turned into a ""Field of Cherries.""
Context: The Japanese gave 3,800 more Yoshino trees in 1965, which were accepted by First Lady Lady Bird Johnson. These trees were grown in the United States and many were planted on the grounds of the Washington Monument. For the occasion, the First Lady and Ryuji Takeuchi, wife of the Japanese ambassador, reenacted the 1912 planting. In 1982, Japanese horticulturalists took cuttings from Yoshino trees in Washington, D.C., to replace cherry trees that had been destroyed in a flood in Japan. From 1986 to 1988, 676 cherry trees were planted using US$101,000 in private funds donated to the National Park Service to restore the trees to the number at the time of the original gift.",0.4274674654006958,0.0,0.0
E13329,329,96,complex,"['March 27, 1912', '1906', '1965']",When did japan send cherry trees to washington dc?,"
The genesis of the historic relationship between Japan and Washington, D.C. as symbolized by the venerable cherry blossom trees is attributed to the inaugural gift of 1912. Specifically, on March 27, 1912, Mayor Yukio Ozaki of Tokyo City donated a substantial quantity of cherry trees to the city of Washington, D.C., with the aim of fortifying the nascent bond between the United States and Japan, as well as celebrating the continued cordiality between the two nations. This symbolic gesture was met with considerable enthusiasm and has since become an integral part of the city's cultural landscape.","
Long Answer: In 1906, David Fairchild imported 1000 cherry trees from the Yokohama Nursery Company in Japan and planted them on his own property in Chevy Chase, Maryland. The Fairchilds were pleased with the results of their planting and, in 1907, began promoting Japanese flowering cherry trees as an ideal tree to plant around avenues in the Washington area. On March 27, 1912, Japan's government sent 2,00 cherry trees to Washington, D.C., to enhance the growing friendship between the United States and Japan. First Lady Lady Bird Johnson and Ryuji Takeuchi, wife of the Japanese ambassador, reenacted the 1912 planting when Japan's government sent 3,800 cherry trees to Washington, D.C., in 1965.
Context: The National Cherry Blossom Festival is a spring celebration in Washington, D.C., commemorating the March 27, 1912, gift of Japanese cherry trees from Mayor Yukio Ozaki of Tokyo City to the city of Washington, D.C. Mayor Ozaki donated the trees to enhance the growing friendship between the United States and Japan and also celebrate the continued close relationship between the two nations. Large and colorful helium balloons, floats, marching bands from across the country, music and showmanship are parts of the Festival's parade and other events.
Context: In 1906, David Fairchild imported 1000 cherry trees from the Yokohama Nursery Company in Japan and planted them on his own property in Chevy Chase, Maryland. The Fairchilds were pleased with the results of their planting and in 1907 began promoting Japanese flowering cherry trees as an ideal tree to plant around avenues in the Washington area. On September 26, with the help of the Fairchilds' friends, the Chevy Chase Land Company ordered 300 Oriental cherry trees for the Chevy Chase area. In 1908, Fairchild donated cherry saplings to every D.C. school to plant on its school grounds in observance of Arbor Day. At an Arbor Day speech that Eliza Scidmore attended, Fairchild proposed that the ""Speedway"" (a now non-existing route around the D.C. Tidal Basin) be turned into a ""Field of Cherries.""
Context: The Japanese gave 3,800 more Yoshino trees in 1965, which were accepted by First Lady Lady Bird Johnson. These trees were grown in the United States and many were planted on the grounds of the Washington Monument. For the occasion, the First Lady and Ryuji Takeuchi, wife of the Japanese ambassador, reenacted the 1912 planting. In 1982, Japanese horticulturalists took cuttings from Yoshino trees in Washington, D.C., to replace cherry trees that had been destroyed in a flood in Japan. From 1986 to 1988, 676 cherry trees were planted using US$101,000 in private funds donated to the National Park Service to restore the trees to the number at the time of the original gift.",0.3114625513553619,0.003979752725131,0.3333333333333333
E12330,330,7,simple,"['George Thorogood and the Destroyers', 'George Thorogood']",Who sang the original bad to the bone?,"
George Thorogood sang ""Bad to the Bone"".","
Long Answer: George Thorogood and the Destroyers sang the original song Bad To The Bone.",0.6212993264198303,0.0773055175693945,0.5
E13330,330,209,complex,"['George Thorogood and the Destroyers', 'George Thorogood']",Who sang the original bad to the bone?,"
The ostensibly straightforward query belies a nuanced question, necessitating a comprehensive answer. ""Bad to the Bone"" is a seminal song, originally performed by George Thorogood and the Destroyers, a blues-rock ensemble. Specifically, the song was written by George Thorogood and recorded by the band in 1982, prior to its release as a single in 1983. The song has since become an iconic anthem, gaining widespread recognition and enduring popularity across various genres.

Thorogood's distinctive vocals and the band's gritty, blues-infused soundcape have contributed significantly to the song's enduring appeal, rendering it a classic of 80s rock. Furthermore, the song's lyrics, penned by Thorogood, possess a certain je ne sais quoi, imbuing the track with a certain macho mystique.

Musically, ""Bad to the Bone"" is notable for its prominent bassline, courtesy of Thorogood's bassist, Larry ""Bud"" Sitterley, which serves as a rhythmic anchor, providing a driving force behind the song's energetic and confrontational demeanor. The track's instrumentation, characterized by a simple, repetitive guitar pattern and pounding drums, imbues the song with a primal, visceral quality, underscoring its rebellious ethos.

In short, George Thorogood and the Destroyers' ""Bad to the Bone"" is a cultural touchstone, embodying the spirit of 80s rock and blues, and its influence can still be felt today.","
Long Answer: George Thorogood and the Destroyers sang the original song Bad To The Bone.",-0.1485551297664642,0.010666968527015,1.0
E12331,331,9,simple,"['Peter', 'Jesus']",Who walked on the water in the bible?,"
According to the Bible, Peter walked on the water.","
Long Answer: In the Bible, Peter walked on water toward Jesus and began to sink when he became afraid of the storm.
Context: Matthew's account adds that Peter asked Jesus, ""if it is you"", to tell him, or command him, to come to Jesus on the water (waters). According to the Pulpit Commentary, the word 'if' is not intended to imply any doubt on Peter's part. After Peter came down out of the ship and walked on the water, he became afraid of the storm and began to sink. He called out to Jesus for help. Jesus caught him and reproved him for his lack of faith, and led him back to the ship, whereupon the storm stopped. Matthew also notes that the disciples called Jesus the Son of God. The fact that the John account also lacks this detail suggests that this account of ""St. Peter's venture"" is a redactional addition by Matthew.",0.5396947264671326,0.0239802967618271,0.5
E13331,331,192,complex,"['Peter', 'Jesus']",Who walked on the water in the bible?,"
According to the biblical narrative, it was Saint Peter, one of Jesus' twelve apostles, who exemplified a remarkable display of faith by walking on the water towards Jesus Christ. This remarkable act of devotion is recorded in the Gospel of Matthew (14:22-33) and is often cited as an exemplary instance of Peter's unwavering commitment to his Lord.

In the biblical account, Peter, having been summoned by Jesus to accompany him across the lake, walked on the water to reach him, notwithstanding the turmoil of the surrounding waters. However, as he became increasingly anxious and fearful of the tempestuous environment, his confidence waned, and he began to sink beneath the surface. It was at this juncture that Jesus, perceiving Peter's distress, extended his assistance, reaching out and rescuing him from the perilous waters.

It is worth noting that this narrative serves not only as a testament to Peter's faith but also as a demonstration of Jesus' extraordinary compassion and providential care for his disciples. By rescuing Peter, Jesus underscored the importance of unwavering faith in the face of adversity, while also highlighting the boundless love and concern that He had for His followers.","
Long Answer: In the Bible, Peter walked on water toward Jesus and began to sink when he became afraid of the storm.
Context: Matthew's account adds that Peter asked Jesus, ""if it is you"", to tell him, or command him, to come to Jesus on the water (waters). According to the Pulpit Commentary, the word 'if' is not intended to imply any doubt on Peter's part. After Peter came down out of the ship and walked on the water, he became afraid of the storm and began to sink. He called out to Jesus for help. Jesus caught him and reproved him for his lack of faith, and led him back to the ship, whereupon the storm stopped. Matthew also notes that the disciples called Jesus the Son of God. The fact that the John account also lacks this detail suggests that this account of ""St. Peter's venture"" is a redactional addition by Matthew.",0.1171634420752525,0.0009334960824945,1.0
E12332,332,8,simple,"['35', '38']",How many states are in the wida consortium?,"
There are 38 states in the WIDA consortium.","
Long Answer: There are 35 continental US states in the wida consortium, and 38 total states in the wida consortium.",0.6651224493980408,0.0277761903401179,0.5
E13332,332,78,complex,"['35', '38']",How many states are in the wida consortium?,"
The inquiry pertains to the geographical classification of states within the context of the WIDA consortium. Specifically, the question seeks to determine the total number of states encompassed by this entity.

A more nuanced exploration of the WIDA consortium reveals that it comprises 38 constituent states. This figure is derived from the amalgamation of the original 35 continental US states, augmented by the inclusion of Alaska and Hawaii, which are not typically considered part of the contiguous US.","
Long Answer: There are 35 continental US states in the wida consortium, and 38 total states in the wida consortium.",0.1540647745132446,0.0027646646087298,1.0
E12333,333,13,simple,"['7 April to 12 May, 2014', '16 April 2009 and 13 May 2009', '20 April and 10 May, 2004']",When is the next central government election in india?,"
The last election was in 2014. The next election will be in 2024.","
Long Answer: In 2004, the central government election in India was held on 20 April and 10 May, 2004. 2009's election dates were 16 April 2009 and 13 May 2009. And the 2014 central government election was held on 7 April to 12 May, 2014.",0.3566957414150238,0.0,0.0
E13333,333,40,complex,"['7 April to 12 May, 2014', '16 April 2009 and 13 May 2009', '20 April and 10 May, 2004']",When is the next central government election in india?,"
In light of the prevailing political paradigm, the next central government election in India is slated to take place in the year 2019. Specifically, the polls are scheduled to commence on 11 April 2019 and culminate on 24 May 2019.","
Long Answer: In 2004, the central government election in India was held on 20 April and 10 May, 2004. 2009's election dates were 16 April 2009 and 13 May 2009. And the 2014 central government election was held on 7 April to 12 May, 2014.",0.2901346683502197,0.0065348785108188,0.0
E12334,334,10,simple,"['Harry Nilsson', 'Dannii Minogue']",Who sings you put the lime in the coconut?,"
Dannii Minogue sings ""You Put the Lime in the Coconut.""","
Long Answer: Harry Nilsson sings the 1972 version of You Put The Lime in the Coconut, and Dannii Minogue sang the 1998 version.
Context: In 1998, a cover version was released by Australian singer Dannii Minogue as a single, peaking at #62 on the ARIA singles chart.",0.5323544144630432,0.0446323613785333,0.5
E13334,334,169,complex,"['Harry Nilsson', 'Dannii Minogue']",Who sings you put the lime in the coconut?,"
A query that necessitates a clarifying answer! The song ""Coconut"" is an iconic rendition that has been interpreted by multiple artists, with two distinct interpretations standing out in the collective consciousness.

Harry Nilsson's 1972 original version, titled ""Coconut,"" is an ostensibly satirical ditty that employs whimsical lyrics and a jaunty melody to explore themes of cultural appropriation and societal irreverence. This seminal work showcases Nilsson's irreverent style, which has had a lasting impact on popular music.

In stark contrast, the 1998 cover version of the song, also known as ""Coconut"" (without the subtitle), was rendered by the Australian singer-songwriter Dannii Minogue. This adaptation, which reached a peak position of #62 on the Australian Recording Industry Association of Tasmania's (ARIA) singles chart, demonstrated Minogue's artistic versatility and her capacity to breathe new life into a timeless classic.

While both versions share the same title, it is essential to acknowledge that they represent distinct interpretations, with Nilsson's original exhibiting a tongue-in-cheek tone and Minogue's rendition embodying a more playful, campy aesthetic.","
Long Answer: Harry Nilsson sings the 1972 version of You Put The Lime in the Coconut, and Dannii Minogue sang the 1998 version.
Context: In 1998, a cover version was released by Australian singer Dannii Minogue as a single, peaking at #62 on the ARIA singles chart.",-0.0365185737609863,0.0012625609782458,1.0
E12335,335,16,simple,"['October 1, 2017', 'May 6, 2018', 'October 1, 2017 - May 6, 2018']",When does season 4 of last man on earth?,"
Season 4 of ""Last Man on Earth"" aired from October 1, 2017 to May 6, 2018.","
Long Answer: Season 4 of Last Man On Earth aired from October 1, 2017 - May 6, 2018.",0.7723126411437988,0.0765512272059122,0.6666666666666666
E13335,335,30,complex,"['October 1, 2017', 'May 6, 2018', 'October 1, 2017 - May 6, 2018']",When does season 4 of last man on earth?,"
The forthcoming season of the post-apocalyptic sitcom ""The Last Man on Earth"" commenced its run on October 1, 2017, and concluded its fourth and final season on May 6, 2018.","
Long Answer: Season 4 of Last Man On Earth aired from October 1, 2017 - May 6, 2018.",0.3662819862365722,0.0186750698433075,0.6666666666666666
E12336,336,13,simple,"['207', '205']",How many secondary schools are there in wales?,"
In 2015/16, there were 205 schools in Wales that are called ""secondary schools"".","
Long Answer: In 2015/16, Wales had 205 secondary schools, but in the 2014/15 year there were 207 secondary schools.",0.4865442812442779,0.0155371256927603,0.5
E13336,336,85,complex,"['207', '205']",How many secondary schools are there in wales?,"
A most pertinent inquiry regarding the scholastic infrastructure of Wales!

According to the available data, as of the 2014/15 academic year, the number of secondary schools in Wales was 207. However, by the 2015/16 school year, this figure had decreased to 205. This slight diminution in the number of institutions is likely attributable to amalgamations, closures, or other consolidative measures undertaken by the local education authorities within Wales. Nonetheless, a precise assessment of the current number of secondary schools in the country is presently forthcoming.","
Long Answer: In 2015/16, Wales had 205 secondary schools, but in the 2014/15 year there were 207 secondary schools.",0.1348738819360733,0.0,1.0
E12337,337,15,simple,"['Siza Pini', 'Atandwa Kani', 'Idris Elba']",Who played nelson mandela in the long walk to freedom?,"
Nelson Mandela was played by Idris Elba in the movie ""The Long Walk to Freedom"".","
Long Answer: In the Long Walk of Freedom, Nelson Mandela was portrayed by Siza Pini as a 7-9 year old child, then Atandwa Kani as his 16-23 year old character, and Idris Elba as an adult.",0.599454939365387,0.0279525559635875,0.3333333333333333
E13337,337,103,complex,"['Siza Pini', 'Atandwa Kani', 'Idris Elba']",Who played nelson mandela in the long walk to freedom?,"
In the cinematic adaptation of ""The Long Walk to Freedom"", Nelson Mandela was depicted by a trio of actors representing distinct stages of his life. The portrayal of the esteemed leader traversed three distinct eras, namely his youth, middle years, and maturity. Specifically, Sibusiso Ngema essayed the role of a youthful Mandela as a 7-9 year old, showcasing his formative years. This was followed by Atandwa Kani's portrayal of the character during his adolescence, wherein Mandela's 16-23 years were vividly brought to life. Finally, Idris Elba assumed the mantle of the mature Mandela, skillfully capturing the gravity and dignity of the iconic statesman.","
Long Answer: In the Long Walk of Freedom, Nelson Mandela was portrayed by Siza Pini as a 7-9 year old child, then Atandwa Kani as his 16-23 year old character, and Idris Elba as an adult.",0.1804119944572448,0.0041005359249331,0.6666666666666666
E12338,338,10,simple,"['Aaron Charles Rodgers', 'Aaron Rodgers', 'Green Bay Packers']",Who did ben roethlisberger lose to in the superbowl?,"
Ben Roethlisberger lost to Aaron Rodgers in the Super Bowl.","
Long Answer: Ben Roethlisberger lost to Aaron Rodgers of the Green Bay Packers in the Super Bowl.
Context: Super Bowl wins are often used to determine the greatness of a quarterback. Of the eligible players, only Jim Plunkett has won multiple Super Bowls and ""not"" been inducted into the Hall of Fame. Peyton Manning is the only starting quarterback to have won Super Bowls for two NFL teams; though Craig Morton and Kurt Warner are the only other quarterbacks to have started for a second team. Jim McMahon won a second Superbowl ring having been a backup on the Brett Favre lead Green Bay Packers team that won Superbowl XXXI.",0.6871875524520874,0.0446323613785333,0.3333333333333333
E13338,338,71,complex,"['Aaron Charles Rodgers', 'Aaron Rodgers', 'Green Bay Packers']",Who did ben roethlisberger lose to in the superbowl?,"
Ben Roethlisberger's Super Bowl defeat is a paradigmatic exemplar of the impermanence of success in the realm of professional football. Specifically, he suffered a loss to the storied quarterback Aaron Rodgers of the Green Bay Packers in Super Bowl XLV. This particular encounter, which transpired on February 6, 2011, served as a poignant reminder that even the most stalwart teams and quarterbacks can fall victim to the vagaries of the sport.","
Long Answer: Ben Roethlisberger lost to Aaron Rodgers of the Green Bay Packers in the Super Bowl.
Context: Super Bowl wins are often used to determine the greatness of a quarterback. Of the eligible players, only Jim Plunkett has won multiple Super Bowls and ""not"" been inducted into the Hall of Fame. Peyton Manning is the only starting quarterback to have won Super Bowls for two NFL teams; though Craig Morton and Kurt Warner are the only other quarterbacks to have started for a second team. Jim McMahon won a second Superbowl ring having been a backup on the Brett Favre lead Green Bay Packers team that won Superbowl XXXI.",0.1777068823575973,0.0159255418149007,0.6666666666666666
E12339,339,10,simple,"['Siegfried Marcus', 'Karl Benz']",Who invented the first car to run on gasoline?,"
Siegfried Marcus invented the first car that runs on gasoline.","
Long Answer: Siegfried Marcus actually invented the first car to run off gasoline, even though Karl Benz is often incorrectly given credit for it.
Context: In 1870 Siegfried Marcus built the first gasoline powered combustion engine, which he placed on a pushcart, building four progressively more sophisticated combustion-engine cars over a 10-to-15-year span that influenced later cars. Marcus created the two-cycle combustion engine. The car's second incarnation in 1880 introduced a four-cycle, gasoline-powered engine, an ingenious carburetor design and magneto ignition. He created an additional two models further refining his design with steering, a clutch and a brake.",0.5332875847816467,0.0446323613785333,0.5
E13339,339,317,complex,"['Siegfried Marcus', 'Karl Benz']",Who invented the first car to run on gasoline?,"
The credit for the pioneering achievement of devising the first gasoline-powered vehicle is paradoxically often attributed to Karl Benz, a German engineer, despite the actual origins of this innovation residing with an oft-overlooked yet groundbreaking figure, Siegfried Marcus.

It is a veritable historical anomaly that the development of the first practical gasoline-powered automobile is frequently relegated to the domain of Karl Benz, who is said to have designed and constructed a three-wheeled, gasoline-powered vehicle in the late 19th century. However, a closer examination of historical records reveals that it was in fact Siegfried Marcus who made the crucial breakthroughs that laid the foundation for the modern automobile.

Marcus's most significant contribution to the evolution of the automobile was the creation of the first gasoline-powered combustion engine, a two-cycle design that he constructed around 1870. This early innovation, situated on a humble pushcart, marked the beginning of a technological trajectory that would ultimately lead to the development of more sophisticated and refined gasoline-powered vehicles.

Over the ensuing decade, Marcus further developed his engine design, crafting a four-cycle, gasoline-powered engine in 1880 that boasted an ingenious carburetor and magneto ignition system. This technological advancement was a significant departure from the earlier designs of his time, as it paved the way for the creation of more complex and efficient vehicles.

Marcus's subsequent iterations of his engine design continued to refine its performance, incorporating essential components such as steering, a clutch, and a brake. These improvements, though relatively underappreciated, played a pivotal role in laying the groundwork for the automobile industry as we know it today.

In recognition of his ingenuity and perseverance, it is high time to give due credit to Siegfried Marcus, the true pioneer behind the first gasoline-powered automobile. His groundbreaking achievements, though overshadowed by the name of his more famous contemporaneous counterpart, remain an essential part of the automotive history that deserves to be acknowledged and celebrated.","
Long Answer: Siegfried Marcus actually invented the first car to run off gasoline, even though Karl Benz is often incorrectly given credit for it.
Context: In 1870 Siegfried Marcus built the first gasoline powered combustion engine, which he placed on a pushcart, building four progressively more sophisticated combustion-engine cars over a 10-to-15-year span that influenced later cars. Marcus created the two-cycle combustion engine. The car's second incarnation in 1880 introduced a four-cycle, gasoline-powered engine, an ingenious carburetor design and magneto ignition. He created an additional two models further refining his design with steering, a clutch and a brake.",0.108280099928379,0.0013191180925433,1.0
E12340,340,6,simple,"['Wright King', 'Thomas Wright Thornburg King', 'Roddy McDowall', 'Roderick Andrew Anthony Jude McDowall']",Who played galen in planet of the apes?,"
Galen was played by Roddy McDowall.","
Long Answer: In the 1968 film Planet of the Apes, Galen was played by Thomas Wright Thornburg King. And in the tv series Planet of the Apes, Galen was played by Roderick Andrew Anthony Jude McDowall.
Context: Ron Harper and James Naughton played Alan Virdon and Peter Burke, two 20th-century American astronauts who pass through a time warp to a future where apes subjugate humans (unlike the original film, the humans can speak). Roddy McDowall returned to the franchise as Galen, a chimpanzee who joins the astronauts. Booth Coleman played orangutan Councillor Zaius and Mark Lenard played gorilla General Urko. The episodes portray Virdon, Burke, and Galen as they search for a way home, aid downtrodden humans and apes and avoid the authorities. The show premiered on September 13, 1974, filling CBS's 8–9 p.m. time slot on Fridays. It earned low ratings during its run, a fact the production team attributed to repetitive storytelling and too little screen time for the apes who made the franchise famous. Given the considerable production costs, CBS canceled the show after 14 episodes, the last airing on December 20, 1974.",0.3035608828067779,0.0408248290463863,0.25
E13340,340,23,complex,"['Wright King', 'Thomas Wright Thornburg King', 'Roddy McDowall', 'Roderick Andrew Anthony Jude McDowall']",Who played galen in planet of the apes?,"
In the 1974 television series ""Planet of the Apes,"" the role of Galen, a chimpanzee, was portrayed by the astute actor Roderick McDowall.","
Long Answer: In the 1968 film Planet of the Apes, Galen was played by Thomas Wright Thornburg King. And in the tv series Planet of the Apes, Galen was played by Roderick Andrew Anthony Jude McDowall.
Context: Ron Harper and James Naughton played Alan Virdon and Peter Burke, two 20th-century American astronauts who pass through a time warp to a future where apes subjugate humans (unlike the original film, the humans can speak). Roddy McDowall returned to the franchise as Galen, a chimpanzee who joins the astronauts. Booth Coleman played orangutan Councillor Zaius and Mark Lenard played gorilla General Urko. The episodes portray Virdon, Burke, and Galen as they search for a way home, aid downtrodden humans and apes and avoid the authorities. The show premiered on September 13, 1974, filling CBS's 8–9 p.m. time slot on Fridays. It earned low ratings during its run, a fact the production team attributed to repetitive storytelling and too little screen time for the apes who made the franchise famous. Given the considerable production costs, CBS canceled the show after 14 episodes, the last airing on December 20, 1974.",0.4479399919509887,0.0082822826609696,0.0
E12341,341,50,simple,"['May 18, 2014', 'March 30, 2003', 'May 23, 2011', 'July 24, 2003']",When was smoking banned in new york city?,"
Smoking was banned in New York City on these dates:

* March 30, 2003
* New York state wide was banned on July 24, 2003
* Smoking in parks and rec centers was banned on May 23, 2011
* Smoking for people under 21 was banned on May 18, 2014","
Long Answer: Indoor smoking in NYC was banned on March 30, 2003. New York went to a state wide ban on July 24, 2003. It was banned in NYC parks and rec centers on May 23, 2011. And, NYC banned smoking for anyone under the age of 21 on May 18, 2014.",0.4399753510951996,0.0490525060104408,1.0
E13341,341,173,complex,"['May 18, 2014', 'March 30, 2003', 'May 23, 2011', 'July 24, 2003']",When was smoking banned in new york city?,"
The prohibition of smoking within the confines of New York City's municipal jurisdiction was formally implemented on May 23, 2011, with the subsequent extension of this edict to all recreational centers and communal facilities operated by the city, thereby prohibiting the activity of smoking within these locations. This marked a significant milestone in the city's efforts to promote a healthier and more hospitable environment for its residents. Furthermore, in a complementary measure aimed at mitigating the negative health consequences associated with smoking, the New York City government enacted legislation on May 18, 2014, which effectively banned smoking within the jurisdiction for individuals under the age of 21. This regulatory measure was a noteworthy escalation in the city's efforts to safeguard the well-being and safety of its youth population. Prior to these developments, smoking had been prohibited in the city's parks on March 30, 2003, and subsequently, a statewide ban was imposed on July 24, 2003, reflecting the city's commitment to adopting and enforcing robust policies aimed at curbing smoking within the city's limits.","
Long Answer: Indoor smoking in NYC was banned on March 30, 2003. New York went to a state wide ban on July 24, 2003. It was banned in NYC parks and rec centers on May 23, 2011. And, NYC banned smoking for anyone under the age of 21 on May 18, 2014.",0.1118784323334693,0.0042416478763132,1.0
E12342,342,61,simple,"['Jeanne Black, Lenny Welch', 'Patti Page', 'The Anita Kerr Singers, Ray Charles,', 'Floyd Cramer', 'Manfred Mann, Rick Nelson, Jackie Wilson', 'Jan Howard, Elvis Presley']",Who sang you don't know me in the sixties?,"
In the sixties, many people sang ""You Don't Know Me"". Some of them were:

* Ray Charles
* Jeanne Black
* Lenny Welch
* Patti Page
* The Anita Kerr Singers
* Floyd Cramer
* Manfred Mann
* Rick Nelson
* Jackie Wilson
* Jan Howard
* Elvis Presley

They all released their own version of the song in different years.","
Knowledge: The best-selling version of the song is by Ray Charles, who took it to number 2 on the Billboard Hot 100 chart in September 1962, after releasing the song on his number 1 album Modern Sounds in Country and Western Music. 
Knowledge: ""You Don't Know Me"" is a song written by Cindy Walker based on a title and storyline given to her by Eddy Arnold in 1955. ""You Don't Know Me"" was first recorded by Arnold that year and released as a single on April 21, 1956 on RCA Victor.
Long Answer: ""You Don't Know Me"" is a song written by Cindy Walker in 1955 and released as a single by Eddy Arnold on April 21, 1956. Several recorded versions popped up in the 1960s, including Jeanne Black's and Lenny Welch's, who both released theirs in 1960; Patti Page, who released hers in 1961; The Anita Kerr Singers, who released hers in 1962; Ray Charles, who released his in 1962 and had the best-selling version of the song; Floyd Cramer who released his in 1964; Manfred Mann, Rick Nelson, and Jackie Wilson, who all released theirs in 1965; and Jan Howard and Elvis Presley, who individually released theirs in 1967",0.141896516084671,0.0316703135886784,0.3333333333333333
E13342,342,158,complex,"['Jeanne Black, Lenny Welch', 'Patti Page', 'The Anita Kerr Singers, Ray Charles,', 'Floyd Cramer', 'Manfred Mann, Rick Nelson, Jackie Wilson', 'Jan Howard, Elvis Presley']",Who sang you don't know me in the sixties?,"
The ostensibly timeless classic ""You Don't Know Me"" was ubiquitous in the 1960s, with multiple artists interpreting the song during this period. Specifically, notable renditions were executed by a coterie of talented musicians, including Jeanne Black, Lenny Welch, and Patti Page, all of whom released their respective versions in 1960. In 1961, Patti Page's rendition achieved notable notoriety, while the following year, The Anita Kerr Singers also contributed to the song's enduring popularity. Ray Charles, a prominent figure in the music world, took a stab at the song in 1962, yielding a chart-topping performance that cemented the song's place in the pantheon of American popular music. Later in the decade, Manfred Mann, Rick Nelson, and Jackie Wilson all recorded their versions of ""You Don't Know Me"" in 1965, further increasing the song's widespread recognition. Notably, Elvis Presley and Jan Howard also recorded their own interpretations of the song in 1967, continuing the song's impressive trajectory through the years.","
Knowledge: The best-selling version of the song is by Ray Charles, who took it to number 2 on the Billboard Hot 100 chart in September 1962, after releasing the song on his number 1 album Modern Sounds in Country and Western Music. 
Knowledge: ""You Don't Know Me"" is a song written by Cindy Walker based on a title and storyline given to her by Eddy Arnold in 1955. ""You Don't Know Me"" was first recorded by Arnold that year and released as a single on April 21, 1956 on RCA Victor.
Long Answer: ""You Don't Know Me"" is a song written by Cindy Walker in 1955 and released as a single by Eddy Arnold on April 21, 1956. Several recorded versions popped up in the 1960s, including Jeanne Black's and Lenny Welch's, who both released theirs in 1960; Patti Page, who released hers in 1961; The Anita Kerr Singers, who released hers in 1962; Ray Charles, who released his in 1962 and had the best-selling version of the song; Floyd Cramer who released his in 1964; Manfred Mann, Rick Nelson, and Jackie Wilson, who all released theirs in 1965; and Jan Howard and Elvis Presley, who individually released theirs in 1967",0.2441466003656387,0.0331001426270696,0.3333333333333333
E12343,343,9,simple,"['Instagram', 'Cristiano Ronaldo dos Santos Aveiro', 'Cristiano Ronaldo']",Who is the most followed user on instagram?,"
Cristiano Ronaldo is the most followed person on Instagram.","
Knowledge: Instagram has its own brand account on the platform, and with over 424 million followers; it is the most-followed account overall. 
Knowledge: As of September 2021, the most-followed individual is Portuguese footballer Cristiano Ronaldo with over 347 million followers.
Long Answer: Instagram's own brand account is the most followed on Instagram with 424 million followers. Football player Cristiano Ronaldo is the most followed individual on istagram with 347 million followers.
Context: This list contains the top 50 accounts with the most followers on the photo and video-sharing social platform Instagram. As of January 2020, the most-followed person is footballer Cristiano Ronaldo with over 197 million followers, and the most-followed woman is singer Ariana Grande with over 171 million followers. Instagram has its own brand account on the platform, and with over 327 million followers; it is the most-followed account. National Geographic is the second most-followed brand account, with over 129 million followers. A total of 18 accounts have exceeded 100 million followers on the site.",0.3585041165351867,0.0507121533694655,0.6666666666666666
E13343,343,48,complex,"['Instagram', 'Cristiano Ronaldo dos Santos Aveiro', 'Cristiano Ronaldo']",Who is the most followed user on instagram?,"
The most followed entity on the Instagram platform is, in fact, the official Instagram account, which, as of my knowledge cutoff, boasts an impressive 424 million followers, thereby supplanting Cristiano Ronaldo, the renowned Portuguese footballer, who, as of the same period, had garnered a substantial 347 million adherents.","
Knowledge: Instagram has its own brand account on the platform, and with over 424 million followers; it is the most-followed account overall. 
Knowledge: As of September 2021, the most-followed individual is Portuguese footballer Cristiano Ronaldo with over 347 million followers.
Long Answer: Instagram's own brand account is the most followed on Instagram with 424 million followers. Football player Cristiano Ronaldo is the most followed individual on istagram with 347 million followers.
Context: This list contains the top 50 accounts with the most followers on the photo and video-sharing social platform Instagram. As of January 2020, the most-followed person is footballer Cristiano Ronaldo with over 197 million followers, and the most-followed woman is singer Ariana Grande with over 171 million followers. Instagram has its own brand account on the platform, and with over 327 million followers; it is the most-followed account. National Geographic is the second most-followed brand account, with over 129 million followers. A total of 18 accounts have exceeded 100 million followers on the site.",0.1699371337890625,0.0045491487595968,0.6666666666666666
E12344,344,23,simple,"['Robinson', 'Earl Robinson', 'Abel Meeropol', 'Lewis Allan', 'Meeropol']",Who wrote the song the house i live in?,"
The song ""The House I Live In"" was written by Abel Meeropol, who used a different name, Lewis Allan, when he wrote it.","
Knowledge: The House I Live In is a ten-minute short film written by Albert Maltz, produced by Frank Ross and Mervyn LeRoy, and starring Frank Sinatra.
Knowledge: The music was written by Earl Robinson.
Knowledge: Robinson was later blacklisted during the McCarthy era for being a member of the Communist Party. 
Knowledge: The lyrics were written in 1943 by Abel Meeropol under the pen name Lewis Allan.
Long Answer: The title song of the short film ""The House I Live In"" had music written by Earl Robinson, later blacklisted during the McCarthy era, with lyrics form Abel Meeropol, under the pen name Lewis Allen.",0.4072118103504181,0.0098493494688887,0.6
E13344,344,89,complex,"['Robinson', 'Earl Robinson', 'Abel Meeropol', 'Lewis Allan', 'Meeropol']",Who wrote the song the house i live in?,"
The song ""The House I Live In"" is a seminal composition that is widely attributed to the accomplished musician and arranger, Earl Robinson. This melody was specifically penned by Robinson, who, incidentally, suffered the unfortunate consequence of being blacklisted during the McCarthy era due to his affiliation with the Communist Party. However, it is worth noting that the lyrics for this poignant song were crafted by the esteemed Abel Meeropol, who utilized the pseudonym ""Lewis Allan"" during a period of great social and political upheaval in the United States.","
Knowledge: The House I Live In is a ten-minute short film written by Albert Maltz, produced by Frank Ross and Mervyn LeRoy, and starring Frank Sinatra.
Knowledge: The music was written by Earl Robinson.
Knowledge: Robinson was later blacklisted during the McCarthy era for being a member of the Communist Party. 
Knowledge: The lyrics were written in 1943 by Abel Meeropol under the pen name Lewis Allan.
Long Answer: The title song of the short film ""The House I Live In"" had music written by Earl Robinson, later blacklisted during the McCarthy era, with lyrics form Abel Meeropol, under the pen name Lewis Allen.",0.2814777493476867,0.0024170459303868,1.0
E12345,345,34,simple,"['Idina Menzel', 'Eva Bella', 'Spencer Ganus', 'Mattea Conforti', 'Eva Bella']",Who did the voice for elsa in frozen?,"
The voice of Elsa in Frozen was done by Idina Menzel, who is a famous actress and singer. She sang her own voice, not just for the movie, but also in some other songs.","
Knowledge: She is voiced mainly by Broadway actress and singer Idina Menzel, with Eva Bella as a young child and by Spencer Ganus as a teenager in Frozen. 
Knowledge: In Frozen II, young Elsa is voiced by Mattea Conforti (at the start of the film) and Eva Bella (archive audio).
Long Answer: Several actresses provided the voice of Elsa in Frozen. Elsa is voiced mainly by Broadway actress and singer Idina Menzel, with Eva Bella as a young child and by Spencer Ganus as a teenager in Frozen. In Frozen II, young Elsa is voiced by Mattea Conforti (at the start of the film) and Eva Bella (archive audio).
Context: Eva Bella and Spencer Ganus were cast to portray Elsa as a young child and as a teenager, respectively. Actress and singer Megan Mullally was originally cast to voice an adult Elsa. but was replaced by Idina Menzel, a Broadway actress and singer best known for performing as Elphaba in ""Wicked"". Menzel already knew Kristen Bell, who voiced Anna, and had previously auditioned for a lead role in the 2010 Disney film ""Tangled"". She was not cast for the part, but the casting director recorded her singing and later showed the recording to ""Frozen""s film executives. Menzel was surprised when she was subsequently asked to audition, and she received the role after reading the script out loud. In interviews, she acknowledged similarities between Elsa, her then-current role, and Elphaba, her previous role. Namely, she said, they were both very powerful and very misunderstood individuals. She further said that she related to the characters, having hidden her singing talent from her peers at school. ""I didn't want to alienate anyone,"" she explained. ""If everyone was singing along in the car to a Madonna song, I didn't join in because when we're younger we're afraid of sticking out or showing off, when in fact we should own those things that make us really unique.""
Context: Elsa of Arendelle is a fictional character who appears in Walt Disney Animation Studios' 53rd animated film ""Frozen"" and its sequel ""Frozen II"". She is voiced primarily by Broadway actress and singer Idina Menzel. She is voiced by Eva Bella as a young child and by Spencer Ganus as a teenager in ""Frozen"". In ""Frozen II"", young Elsa is voiced by Mattea Conforti and Eva Bella.",0.2625097036361694,0.0054748707104536,0.25
E13345,345,99,complex,"['Idina Menzel', 'Eva Bella', 'Spencer Ganus', 'Mattea Conforti', 'Eva Bella']",Who did the voice for elsa in frozen?,"
The iconic character of Elsa, the Snow Queen of Arendelle, was portrayed by a talented vocalist, Idina Menzel, who lent her distinctive voice to the role in the Walt Disney Animation Studios' 53rd animated feature film, ""Frozen"", as well as its sequel, ""Frozen II"". Notably, Menzel's vocal performance was supplemented by younger actresses Eva Bella, who rendered Elsa's juvenile incarnation, and Spencer Ganus, who provided the teenager's voice in the first film. Additionally, Mattea Conforti took over as the youthful voice of Elsa at the commencement of the sequel, with Eva Bella reprising her archival role throughout the movie.","
Knowledge: She is voiced mainly by Broadway actress and singer Idina Menzel, with Eva Bella as a young child and by Spencer Ganus as a teenager in Frozen. 
Knowledge: In Frozen II, young Elsa is voiced by Mattea Conforti (at the start of the film) and Eva Bella (archive audio).
Long Answer: Several actresses provided the voice of Elsa in Frozen. Elsa is voiced mainly by Broadway actress and singer Idina Menzel, with Eva Bella as a young child and by Spencer Ganus as a teenager in Frozen. In Frozen II, young Elsa is voiced by Mattea Conforti (at the start of the film) and Eva Bella (archive audio).
Context: Eva Bella and Spencer Ganus were cast to portray Elsa as a young child and as a teenager, respectively. Actress and singer Megan Mullally was originally cast to voice an adult Elsa. but was replaced by Idina Menzel, a Broadway actress and singer best known for performing as Elphaba in ""Wicked"". Menzel already knew Kristen Bell, who voiced Anna, and had previously auditioned for a lead role in the 2010 Disney film ""Tangled"". She was not cast for the part, but the casting director recorded her singing and later showed the recording to ""Frozen""s film executives. Menzel was surprised when she was subsequently asked to audition, and she received the role after reading the script out loud. In interviews, she acknowledged similarities between Elsa, her then-current role, and Elphaba, her previous role. Namely, she said, they were both very powerful and very misunderstood individuals. She further said that she related to the characters, having hidden her singing talent from her peers at school. ""I didn't want to alienate anyone,"" she explained. ""If everyone was singing along in the car to a Madonna song, I didn't join in because when we're younger we're afraid of sticking out or showing off, when in fact we should own those things that make us really unique.""
Context: Elsa of Arendelle is a fictional character who appears in Walt Disney Animation Studios' 53rd animated film ""Frozen"" and its sequel ""Frozen II"". She is voiced primarily by Broadway actress and singer Idina Menzel. She is voiced by Eva Bella as a young child and by Spencer Ganus as a teenager in ""Frozen"". In ""Frozen II"", young Elsa is voiced by Mattea Conforti and Eva Bella.",0.2787849903106689,0.0060369732587072,1.0
E12346,346,22,simple,"['frame, chape, bar, and prong', 'frame', 'chape', 'bar', 'prong']",What are the parts of a buckle called?,"
A buckle has four main parts: 

1. The frame 
2. The chape (or cap)
3. The bar 
4. The prong (or pin)","
Knowledge: The buckle essentially consists of four main components: the frame, chape, bar, and prong.
Knowledge: The frame is the most visible part of the buckle and holds the other parts of the buckle together. 
Knowledge: Chapes or ""caps"" of various designs could be fitted to the bar to enable one strap end to be secured before fastening the other, adjustable end. 
Knowledge: The belt buckle chapes are frequently made in a form of a plate, thus the name buckle plate.


Knowledge: The prong (also named pin) is typically made out of steel or other types of metal. 
Knowledge: The bar serves to hold the chape and prong to the frame.
Long Answer: There are four parts to every buckle: frame, chape, bar, and prong. The frame is the most visible and hold the other parts of the buckle together. The chape is the plate, which makes the buckle easily removable. The bar holds the chape and prong to the frame, while the prong, or pin, is made out of steel or other metal.
Context: The buckle essentially consists of four main components: the frame, chape, bar, and prong. The oldest Roman buckles are of a simple ""D""-shaped frame, in which the prong or tongue extends from one side to the other. In the 14th century, buckles with a double-loop or ""8""-shaped frame emerged. The prongs of these buckles attach to the center post. The appearance of multi-part buckles with chapes and removable pins, which were commonly found on shoes, occurred in the 17th century.
Context: The frame is the most visible part of the buckle and holds the other parts of the buckle together. Buckle frames come in various shapes, sizes, and decorations. The shape of the frame could be a plain square or rectangle, but may be oval or made into a circular shape. A reverse curve of the frame indicated that the whole buckle was intended to be used for securing a thick material, such as leather. This reverse curve shape made it easier to thread the intended thick material end over the bar. But the shape of the frame is not limited to simply squares and ovals, the decoration of the frame itself defines the shape it will turn out to be. Since the frame is the largest part of the buckle, any and all decorations are placed on it. Decorations range from wedged shapes, picture references to people and animals, and insignia of a desired organization.
Context: The prong (also named pin) is typically made out of steel or other types of metal. In conventional belts, the prong fits through the buckle to secure the material at a pre-set length.",0.2086793780326843,0.0122859460747056,0.8
E13346,346,205,complex,"['frame, chape, bar, and prong', 'frame', 'chape', 'bar', 'prong']",What are the parts of a buckle called?,"
A buckle is a complex metallic fastening device, comprising four fundamental components: the framel, the chapus (or chape), the bar, and the prong (also referred to as the pin). Each of these constituent parts plays a crucial role in the overall functionality and aesthetic appeal of the buckle. 

The framel, the most visible and iconic portion of the buckle, serves as the structural framework that integrates and holds the other components together, thereby providing the necessary rigidity and stability to the entire device. The chapus, or chape, refers to the circular or oval plate-like structure that enables the buckle to be detached and attached to the strap, thereby facilitating a user-friendly and reversible fastening mechanism.

In conjunction with the framel and chapus, the bar serves as the intermediate element that links these two components together, providing a central pivot point for the prong to operate from. The prong, or pin, is a critical component that consists of a metallic fastening device, typically crafted from steel or other metals, which is designed to engage with the buckle's strap, securing it at a predetermined length.

These four interconnected components collectively comprise the essential components of a buckle, each contributing to its overall design, functionality, and aesthetic appeal.","
Knowledge: The buckle essentially consists of four main components: the frame, chape, bar, and prong.
Knowledge: The frame is the most visible part of the buckle and holds the other parts of the buckle together. 
Knowledge: Chapes or ""caps"" of various designs could be fitted to the bar to enable one strap end to be secured before fastening the other, adjustable end. 
Knowledge: The belt buckle chapes are frequently made in a form of a plate, thus the name buckle plate.


Knowledge: The prong (also named pin) is typically made out of steel or other types of metal. 
Knowledge: The bar serves to hold the chape and prong to the frame.
Long Answer: There are four parts to every buckle: frame, chape, bar, and prong. The frame is the most visible and hold the other parts of the buckle together. The chape is the plate, which makes the buckle easily removable. The bar holds the chape and prong to the frame, while the prong, or pin, is made out of steel or other metal.
Context: The buckle essentially consists of four main components: the frame, chape, bar, and prong. The oldest Roman buckles are of a simple ""D""-shaped frame, in which the prong or tongue extends from one side to the other. In the 14th century, buckles with a double-loop or ""8""-shaped frame emerged. The prongs of these buckles attach to the center post. The appearance of multi-part buckles with chapes and removable pins, which were commonly found on shoes, occurred in the 17th century.
Context: The frame is the most visible part of the buckle and holds the other parts of the buckle together. Buckle frames come in various shapes, sizes, and decorations. The shape of the frame could be a plain square or rectangle, but may be oval or made into a circular shape. A reverse curve of the frame indicated that the whole buckle was intended to be used for securing a thick material, such as leather. This reverse curve shape made it easier to thread the intended thick material end over the bar. But the shape of the frame is not limited to simply squares and ovals, the decoration of the frame itself defines the shape it will turn out to be. Since the frame is the largest part of the buckle, any and all decorations are placed on it. Decorations range from wedged shapes, picture references to people and animals, and insignia of a desired organization.
Context: The prong (also named pin) is typically made out of steel or other types of metal. In conventional belts, the prong fits through the buckle to secure the material at a pre-set length.",0.1530017554759979,0.002323724527619,0.8
E12347,347,15,simple,"['none', 'early self-produced EP', 'Twenty One Pilots']",What album is time to say goodbye on twenty one pilots?,"
The song ""Time to Say Goodbye"" is not on the main album ""Twenty One Pilots"".","
Long Answer: The Pilot's Time To Say Goodbye was supposed to be on their album Twenty One Pilots, but it ended up on none. Instead, it was on an early self-produced EP.
Context: The duo are best defined as alternative hip hop, a subgenre of hip hop known for its unconventional nature and blending of music styles that is embraced primarily by alternative rock listeners and college radio moreso than rap or pop audiences. They create music borrowing from a wide variety of different genres, most often hip hop, electropop, punk, rock, and reggae. Their songs contain a mixture of musical styles, intertwining rap rock rhymes laced with hard rock energy and piano pop hooks over synth-pop beats and reggae rhythms. Early material is post-emo, following down the lane of bands like My Chemical Romance and Dashboard Confessional with show tune or glam soundscapes. At the time of their major-label debut album ""Vessel"", Twenty One Pilots was described as an indie rock duo. The album featured a fusion of rap, piano pop, rock and electronica. Their breakthrough album ""Blurryface"" expressed elements of pop, EDM, breakbeat, reggae, and dancehall. As the duo progressed, hip hop has become an increasingly more prominent musical influence. Twenty One Pilots has since become hailed as a leading contemporary alternative rock group, having sent three singles to the summit of the hot rock charts.",0.4796946346759796,0.0132179476263772,0.3333333333333333
E13347,347,39,complex,"['none', 'early self-produced EP', 'Twenty One Pilots']",What album is time to say goodbye on twenty one pilots?,"
A most pertinent inquiry! In contravention to its intended placement on their forthcoming album, ""Twenty One Pilots"" ultimately relegated ""The Pilot's Time To Say Goodbye"" to the earlier self-produced EP, marking an inaugural departure from their initial intended trajectory.","
Long Answer: The Pilot's Time To Say Goodbye was supposed to be on their album Twenty One Pilots, but it ended up on none. Instead, it was on an early self-produced EP.
Context: The duo are best defined as alternative hip hop, a subgenre of hip hop known for its unconventional nature and blending of music styles that is embraced primarily by alternative rock listeners and college radio moreso than rap or pop audiences. They create music borrowing from a wide variety of different genres, most often hip hop, electropop, punk, rock, and reggae. Their songs contain a mixture of musical styles, intertwining rap rock rhymes laced with hard rock energy and piano pop hooks over synth-pop beats and reggae rhythms. Early material is post-emo, following down the lane of bands like My Chemical Romance and Dashboard Confessional with show tune or glam soundscapes. At the time of their major-label debut album ""Vessel"", Twenty One Pilots was described as an indie rock duo. The album featured a fusion of rap, piano pop, rock and electronica. Their breakthrough album ""Blurryface"" expressed elements of pop, EDM, breakbeat, reggae, and dancehall. As the duo progressed, hip hop has become an increasingly more prominent musical influence. Twenty One Pilots has since become hailed as a leading contemporary alternative rock group, having sent three singles to the summit of the hot rock charts.",0.2769263982772827,0.0056418221531836,0.3333333333333333
E12348,348,8,simple,"['Sphynx cat', 'Cornish Rex']",What's the name of the cat with no hair?,"
The cat with no hair is the Sphynx.","
Knowledge: The Canadian Sphynx breed was started in 1966 in Toronto, Ontario when a hairless kitten named Prune was born to a black and white domestic shorthair queen
Knowledge: The Cornish Rex has no hair except for down. 
Long Answer: The cat with no hair that originated in Ontario, Canada is a breed of Sphynx cat started in 1966. The breed of cat that has no hair except for down is the Cornish Rex.
Context: A Cornish Rex is a breed of domestic cat. The Cornish Rex has no hair except for down. Most breeds of cat have three different types of hair in their coats: the outer fur or ""guard hairs"", a middle layer called the ""awn hair""; and the down hair or undercoat, which is very fine and about 1 cm long. Cornish Rexes only have the undercoat. They are prone to hair loss and many will develop a very thin coat or even go bald over large parts of their body. The curl in their fur is caused by a different mutation and gene than that of the Devon Rex. The breed originated in Cornwall, Great Britain.",0.4083830714225769,0.0277761903401179,0.0
E13348,348,71,complex,"['Sphynx cat', 'Cornish Rex']",What's the name of the cat with no hair?,"
The Sphynx breed, which emerged in 1966 in Toronto, Ontario, is notable for its characteristic lack of a coat, rendering it virtually hairless. In contrast, the Cornish Rex, a breed of domestic cat, is distinguished by its unique characteristic of having an exceptionally fine, downy undercoat, with no discernible outer guard hairs. This peculiarity is the result of a distinct genetic mutation, which confers upon the breed its distinctive, keratin-deficient coat.","
Knowledge: The Canadian Sphynx breed was started in 1966 in Toronto, Ontario when a hairless kitten named Prune was born to a black and white domestic shorthair queen
Knowledge: The Cornish Rex has no hair except for down. 
Long Answer: The cat with no hair that originated in Ontario, Canada is a breed of Sphynx cat started in 1966. The breed of cat that has no hair except for down is the Cornish Rex.
Context: A Cornish Rex is a breed of domestic cat. The Cornish Rex has no hair except for down. Most breeds of cat have three different types of hair in their coats: the outer fur or ""guard hairs"", a middle layer called the ""awn hair""; and the down hair or undercoat, which is very fine and about 1 cm long. Cornish Rexes only have the undercoat. They are prone to hair loss and many will develop a very thin coat or even go bald over large parts of their body. The curl in their fur is caused by a different mutation and gene than that of the Devon Rex. The breed originated in Cornwall, Great Britain.",0.2150847017765045,0.0030431888277992,0.5
E12349,349,10,simple,"['June 28, 2017', 'March 11, 2017', 'September 12, 2017']",When did baby driver come out in theaters?,"
Baby Driver came out in theaters on June 28, 2017.","
Long Answer: Baby Driver premiered at South by Southwest on March 11, 2017. It was released in theaters in the US and UK on June 28, 2017, and through video on demand on September 12, 2017.
Context: The global premiere of ""Baby Driver"" took place on March 11, 2017, at the South by Southwest festival in Austin, Texas. TriStar spearheaded the marketing campaign. Their strategy entailed aggressive social media engagement, a worldwide publicity tour, and the creation of a number of colorful, vintage-style character posters. TriStar and Sony initially scheduled a mid-August release for the film in North America and the United Kingdom, but in an unusual move, the studios expedited ""Baby Driver"" release six weeks early to June 28, as a result of the enthusiastic response from the film festival circuit. This was unusual because late summers are seldom competitive, and hence a much more favorable market for lower-budget films.
Context: Sony Pictures Home Entertainment released ""Baby Driver"" through video on demand on September 12, 2017, and on Blu-ray Disc, DVD, and 4K Ultra HD/Blu-ray combo formats the following October. Physical copies contain two hours of bonus content including behind-the-scenes footage, production rehearsals, a storyboard gallery, audio commentary, and the music video for ""Blue Song"". During its first week on sale in the United States, ""Baby Driver"" was the number two selling film on DVD and Blu-ray, with 226,657 units sold for $5.6 million. ""Baby Driver"" has sold 595,111 copies as of January 2018.",0.4526257514953613,0.0446323613785333,0.3333333333333333
E13349,349,23,complex,"['June 28, 2017', 'March 11, 2017', 'September 12, 2017']",When did baby driver come out in theaters?,"
The cinematic adaptation of ""Baby Driver"" premiered in theaters on June 28, 2017, marking the initial public unveiling of Edgar Wright's action-packed film.","
Long Answer: Baby Driver premiered at South by Southwest on March 11, 2017. It was released in theaters in the US and UK on June 28, 2017, and through video on demand on September 12, 2017.
Context: The global premiere of ""Baby Driver"" took place on March 11, 2017, at the South by Southwest festival in Austin, Texas. TriStar spearheaded the marketing campaign. Their strategy entailed aggressive social media engagement, a worldwide publicity tour, and the creation of a number of colorful, vintage-style character posters. TriStar and Sony initially scheduled a mid-August release for the film in North America and the United Kingdom, but in an unusual move, the studios expedited ""Baby Driver"" release six weeks early to June 28, as a result of the enthusiastic response from the film festival circuit. This was unusual because late summers are seldom competitive, and hence a much more favorable market for lower-budget films.
Context: Sony Pictures Home Entertainment released ""Baby Driver"" through video on demand on September 12, 2017, and on Blu-ray Disc, DVD, and 4K Ultra HD/Blu-ray combo formats the following October. Physical copies contain two hours of bonus content including behind-the-scenes footage, production rehearsals, a storyboard gallery, audio commentary, and the music video for ""Blue Song"". During its first week on sale in the United States, ""Baby Driver"" was the number two selling film on DVD and Blu-ray, with 226,657 units sold for $5.6 million. ""Baby Driver"" has sold 595,111 copies as of January 2018.",0.3210742771625519,0.0175148953628026,0.3333333333333333
E12350,350,13,simple,"['Cathy Simms', 'Broad', 'Lindsey Broad']",The office season 8 episode 7 guest stars?,"
Lindsey Broad played a character in Season 8, Episode 7 of The Office.","
Long Answer: Season 8 episode 7 of The Office's guest star was Lindsey Broad playing the role of Cathy Simms.
Context: ""Pam's Replacement"" is the seventh episode of the eighth season of the American comedy television series ""The Office"", and the show's 159th episode overall. The episode aired on NBC in the United States on November 10, 2011. It was written by Allison Silverman and was directed by Matt Sohn. The episode guest stars Lindsey Broad as Cathy Simms, who played a recurring role throughout the eighth season.",0.3680945932865143,0.0328570204479777,0.6666666666666666
E13350,350,33,complex,"['Cathy Simms', 'Broad', 'Lindsey Broad']",The office season 8 episode 7 guest stars?,"
The seventh episode of the eighth season of The Office, ""Pam's Replacement"", features a notable guest appearance by Lindsey Broad, who portrayed the recurring character Cathy Simms in multiple episodes of the season.","
Long Answer: Season 8 episode 7 of The Office's guest star was Lindsey Broad playing the role of Cathy Simms.
Context: ""Pam's Replacement"" is the seventh episode of the eighth season of the American comedy television series ""The Office"", and the show's 159th episode overall. The episode aired on NBC in the United States on November 10, 2011. It was written by Allison Silverman and was directed by Matt Sohn. The episode guest stars Lindsey Broad as Cathy Simms, who played a recurring role throughout the eighth season.",0.5051581859588623,0.013220369604972,1.0
E12351,351,14,simple,"['Tom Brady', 'Thomas Edward Patrick Brady Jr.', 'Von Miller', ""Von B'Vsean Miller Jr."", 'Tom Brady', 'Thomas Edward Patrick Brady Jr.']",Who was the mvp last year at super bowl?,"
The last Super Bowl was LV (55) in 2021. The MVP was Tom Brady.","
Knowledge: 2002	XXXVI	Tom Bradydagger	New England Patriots	Quarterback (19)	[47]
2003	XXXVII	Dexter Jackson	Tampa Bay Buccaneers	Safety (2)	[48]
2004	XXXVIII	Tom Brady (2)dagger	New England Patriots (2)	Quarterback (20)	[49]
2005	XXXIX	Deion Branch	New England Patriots (3)	Wide receiver (4)	[50]
2006	XL	Hines Ward	Pittsburgh Steelers (5)	Wide receiver (5)	[51]
2007	XLI	Peyton Manning*	Indianapolis Colts	Quarterback (21)	[52]
2008	XLII	Eli Manningdouble-dagger	New York Giants (3)	Quarterback (22)	[53]
2009	XLIII	Santonio Holmes	Pittsburgh Steelers (6)	Wide receiver (6)	[54]
2010	XLIV	Drew Brees double-dagger	New Orleans Saints	Quarterback (23)	[55]
2011	XLV	Aaron Rodgersdagger	Green Bay Packers (4)	Quarterback (24)	[56]
2012	XLVI	Eli Manning (2)double-dagger	New York Giants (4)	Quarterback (25)	[57]
2013	XLVII	Joe Flaccodagger	Baltimore Ravens (2)	Quarterback (26)	[58]
2014	XLVIII	Malcolm Smithdagger	Seattle Seahawks	Linebacker (3)	[59]
2015	XLIX	Tom Brady (3)dagger	New England Patriots (4)	Quarterback (27)	[60]
2016	50	Von Millerdagger	Denver Broncos (3)	Linebacker (4)	[61]
2017	LI	Tom Brady (4)dagger	New England Patriots (5)	Quarterback (28)	[62]
2018	LII	Nick Folesdagger	Philadelphia Eagles	Quarterback (29)	[63]
2019	LIII	Julian Edelmandouble-dagger	New England Patriots (6)	Wide receiver (7)	[64]
2020	LIV	Patrick Mahomesdagger	Kansas City Chiefs (2)	Quarterback (30)	[65]
2021	LV	Tom Brady (5)dagger	Tampa Bay Buccaneers (2)	Quarterback (31).
Long Answer: Tom Brady was MVP at 2002, 2004, 2015, 2017 and 2021 Super Bowls, Von Miller was MVP in the 2016 Super Bowl. Nick Foles won MVP in 2018, Julian Edelman won 2019 MVP, and Patrick Mahomes won 2020 MVP.
Context: Tom Brady is the only player to have won four Super Bowl MVP awards; Joe Montana has won three and three others—Starr, Terry Bradshaw, and Eli Manning—have won the award twice. Starr and Bradshaw are the only ones to have won it in back-to-back years. The MVP has come from the winning team every year except 1971, when Dallas Cowboys linebacker Chuck Howley won the award despite the Cowboys' loss in Super Bowl V to the Baltimore Colts. Harvey Martin and Randy White were named co-MVPs of Super Bowl XII, the only time co-MVPs have been chosen. Including the Super Bowl XII co-MVPs, seven Cowboys players have won Super Bowl MVP awards, the most of any NFL team. Quarterbacks have earned the honor 29 times in 53 games (and 54 awards).",0.044981662184,0.0142836325786592,0.25
E13351,351,58,complex,"['Tom Brady', 'Thomas Edward Patrick Brady Jr.', 'Von Miller', ""Von B'Vsean Miller Jr."", 'Tom Brady', 'Thomas Edward Patrick Brady Jr.']",Who was the mvp last year at super bowl?,"
In the most recent iteration of the esteemed Super Bowl, held in 2021, the most valuable player (MVP) accolade was bestowed upon Patrick Mahomes, the quarterback of the Kansas City Chiefs, in a season marked by remarkable proficiency and a triumphant performance. His exemplary leadership and athletic prowess ultimately contributed to the Chiefs' victory in Super Bowl LV.","
Knowledge: 2002	XXXVI	Tom Bradydagger	New England Patriots	Quarterback (19)	[47]
2003	XXXVII	Dexter Jackson	Tampa Bay Buccaneers	Safety (2)	[48]
2004	XXXVIII	Tom Brady (2)dagger	New England Patriots (2)	Quarterback (20)	[49]
2005	XXXIX	Deion Branch	New England Patriots (3)	Wide receiver (4)	[50]
2006	XL	Hines Ward	Pittsburgh Steelers (5)	Wide receiver (5)	[51]
2007	XLI	Peyton Manning*	Indianapolis Colts	Quarterback (21)	[52]
2008	XLII	Eli Manningdouble-dagger	New York Giants (3)	Quarterback (22)	[53]
2009	XLIII	Santonio Holmes	Pittsburgh Steelers (6)	Wide receiver (6)	[54]
2010	XLIV	Drew Brees double-dagger	New Orleans Saints	Quarterback (23)	[55]
2011	XLV	Aaron Rodgersdagger	Green Bay Packers (4)	Quarterback (24)	[56]
2012	XLVI	Eli Manning (2)double-dagger	New York Giants (4)	Quarterback (25)	[57]
2013	XLVII	Joe Flaccodagger	Baltimore Ravens (2)	Quarterback (26)	[58]
2014	XLVIII	Malcolm Smithdagger	Seattle Seahawks	Linebacker (3)	[59]
2015	XLIX	Tom Brady (3)dagger	New England Patriots (4)	Quarterback (27)	[60]
2016	50	Von Millerdagger	Denver Broncos (3)	Linebacker (4)	[61]
2017	LI	Tom Brady (4)dagger	New England Patriots (5)	Quarterback (28)	[62]
2018	LII	Nick Folesdagger	Philadelphia Eagles	Quarterback (29)	[63]
2019	LIII	Julian Edelmandouble-dagger	New England Patriots (6)	Wide receiver (7)	[64]
2020	LIV	Patrick Mahomesdagger	Kansas City Chiefs (2)	Quarterback (30)	[65]
2021	LV	Tom Brady (5)dagger	Tampa Bay Buccaneers (2)	Quarterback (31).
Long Answer: Tom Brady was MVP at 2002, 2004, 2015, 2017 and 2021 Super Bowls, Von Miller was MVP in the 2016 Super Bowl. Nick Foles won MVP in 2018, Julian Edelman won 2019 MVP, and Patrick Mahomes won 2020 MVP.
Context: Tom Brady is the only player to have won four Super Bowl MVP awards; Joe Montana has won three and three others—Starr, Terry Bradshaw, and Eli Manning—have won the award twice. Starr and Bradshaw are the only ones to have won it in back-to-back years. The MVP has come from the winning team every year except 1971, when Dallas Cowboys linebacker Chuck Howley won the award despite the Cowboys' loss in Super Bowl V to the Baltimore Colts. Harvey Martin and Randy White were named co-MVPs of Super Bowl XII, the only time co-MVPs have been chosen. Including the Super Bowl XII co-MVPs, seven Cowboys players have won Super Bowl MVP awards, the most of any NFL team. Quarterbacks have earned the honor 29 times in 53 games (and 54 awards).",-0.1646779477596283,0.0031480136626465,0.0
E12352,352,11,simple,"['José Calderón', 'Elena Delle Donne', 'Becky Hammon']",Who has the highest free throw percentage in the nba?,"
José Calderón has the highest free throw percentage in the NBA.","
Long Answer: José Calderón has the highest free throw percentage in the NBA. For the WNBA, Elena Delle Donne has the highest free throw percentage career average, and Becky Hammon has the highest free throw percentage season average.
Context: In basketball, a free throw is an unopposed attempt to score points from behind the free throw line. The National Basketball Association's (NBA) free throw percentage leader is the player with the highest free throw percentage in a given season. José Calderón holds the record for best free throw percentage in a season, which he accomplished with the Toronto Raptors in the 2008–09 NBA season. To qualify as a free throw percentage leader, the player must have at least 125 free throws made. Aside from the strike shortened 1998–99 and 2011–12 seasons, this has been the entry criteria since the 1974–75 season. Bill Sharman has been the free throw percentage leader a league-best 7 times, followed by Rick Barry (6), Reggie Miller (5), Stephen Curry (4), and Larry Bird (4). ",0.5511034727096558,0.0398635712826801,0.3333333333333333
E13352,352,52,complex,"['José Calderón', 'Elena Delle Donne', 'Becky Hammon']",Who has the highest free throw percentage in the nba?,"
The most singular and exceptional achievement in the realm of the National Basketball Association (NBA) is held by the esteemed individual, José Calderón. The illustrious player garnered the highest free throw percentage in a season, a feat that is a testament to his unwavering dedication and exceptional marksmanship at the charity stripe.","
Long Answer: José Calderón has the highest free throw percentage in the NBA. For the WNBA, Elena Delle Donne has the highest free throw percentage career average, and Becky Hammon has the highest free throw percentage season average.
Context: In basketball, a free throw is an unopposed attempt to score points from behind the free throw line. The National Basketball Association's (NBA) free throw percentage leader is the player with the highest free throw percentage in a given season. José Calderón holds the record for best free throw percentage in a season, which he accomplished with the Toronto Raptors in the 2008–09 NBA season. To qualify as a free throw percentage leader, the player must have at least 125 free throws made. Aside from the strike shortened 1998–99 and 2011–12 seasons, this has been the entry criteria since the 1974–75 season. Bill Sharman has been the free throw percentage leader a league-best 7 times, followed by Rick Barry (6), Reggie Miller (5), Stephen Curry (4), and Larry Bird (4). ",0.2217613607645034,0.0035222088095496,0.3333333333333333
E12353,353,11,simple,"['April 25, 2018', 'fall 2017']",When did the handmaid's tale season 2 start?,"
Season 2 of ""The Handmaid's Tale"" started on April 25, 2018.","
Knowledge: The Handmaid's Tale is an American dystopian television series created by Bruce Miller, based on the 1985 novel of the same name by Canadian author Margaret Atwood. The series was ordered by the streaming service Hulu as a straight-to-series order of 10 episodes, for which production began in late 2016.
Long Answer: American dystopian television series The Handmaid's Tale was renewed for a second season on May 3, 2017, and filming began in fall 2017. The 13-episode season premiered on streaming service Hulu on April 25, 2018.
Context: On May 3, 2017, ""The Handmaid's Tale"" was renewed for a second season to premiere in 2018. Moss told the news media that the subsequent episodes would cover further developments in the story, filling in some of the unanswered questions and continuing the narrative already ""finished"" in the book. The second season consists of 13 episodes and began filming in fall 2017. Alexis Bledel returned as a series regular. Showrunner Bruce Miller stated that he envisioned 10 seasons of the show, stating, ""Well, you know, honestly, when I started, I tried to game out in my head what would ten seasons be like? If you hit a home run, you want energy to go around the bases, you want enough story to keep going, if you can hook the audience to care about these people enough that they're actually crying at the finale.""",0.4696216285228729,0.0398635712826801,0.5
E13353,353,63,complex,"['April 25, 2018', 'fall 2017']",When did the handmaid's tale season 2 start?,"
The inaugural episode of the second season of The Handmaid's Tale commenced on April 25, 2018, rendering it a premier on the esteemed streaming service Hulu. This inaugural airing marked the beginning of a 13-episode narrative arc, which served as a sequel to the inaugural season's denouement, thereby filling in some of the unresolved plot threads and expediting the progression of the narrative.","
Knowledge: The Handmaid's Tale is an American dystopian television series created by Bruce Miller, based on the 1985 novel of the same name by Canadian author Margaret Atwood. The series was ordered by the streaming service Hulu as a straight-to-series order of 10 episodes, for which production began in late 2016.
Long Answer: American dystopian television series The Handmaid's Tale was renewed for a second season on May 3, 2017, and filming began in fall 2017. The 13-episode season premiered on streaming service Hulu on April 25, 2018.
Context: On May 3, 2017, ""The Handmaid's Tale"" was renewed for a second season to premiere in 2018. Moss told the news media that the subsequent episodes would cover further developments in the story, filling in some of the unanswered questions and continuing the narrative already ""finished"" in the book. The second season consists of 13 episodes and began filming in fall 2017. Alexis Bledel returned as a series regular. Showrunner Bruce Miller stated that he envisioned 10 seasons of the show, stating, ""Well, you know, honestly, when I started, I tried to game out in my head what would ten seasons be like? If you hit a home run, you want energy to go around the bases, you want enough story to keep going, if you can hook the audience to care about these people enough that they're actually crying at the finale.""",0.2668689787387848,0.006115812578665,0.5
E12354,354,9,simple,"['3 titles', '3', '3']",How many times india won kabbadi world cup?,"
India has won the Kabaddi World Cup three times.","
Knowledge: The competition has been previously contested in 2004, 2007, 2016. First three tournaments have been won by India while Pakistan has won first Kabaddi world cup in 2020.
Knowledge: The competition has been contested every year since the inaugural tournament in 2010, except for 2015 due to the 2015 Guru Granth Sahib desecration controversy. The women's tournament was introduced in 2012. As of October 2016, every tournament, men's and women's, has been won by India except of the 2020 edition of Kabaddi World Cup won by Pakistan.
Long Answer: India has won 3 out of 4 standard style Kabbadi World Cup competitions, in 2004, 2007, and 2016. India has also won almost every single iteration of the circle style Kabbadi World Cup, including the men's competitions in 2010, 2011, 2012, 2013, 2014, and 2016, and the women's competitions in 2012, 2013, 2014, and 2016. India's single loss in each style of the competition was to Pakistan in 2020.",0.4554313421249389,0.0,0.0
E13354,354,70,complex,"['3 titles', '3', '3']",How many times india won kabbadi world cup?,"
A question that necessitates an elucidation of India's illustrious performance in the Kabaddi World Cup competitions. Based on the provided knowledge, it is manifest that India has emerged victorious on three distinct occasions: 2004, 2007, and 2016. Notwithstanding the exception of the 2020 edition, which was marked by an upset victory for Pakistan, the data conclusively indicates that India has secured three triumphs in the standard style of the competition.","
Knowledge: The competition has been previously contested in 2004, 2007, 2016. First three tournaments have been won by India while Pakistan has won first Kabaddi world cup in 2020.
Knowledge: The competition has been contested every year since the inaugural tournament in 2010, except for 2015 due to the 2015 Guru Granth Sahib desecration controversy. The women's tournament was introduced in 2012. As of October 2016, every tournament, men's and women's, has been won by India except of the 2020 edition of Kabaddi World Cup won by Pakistan.
Long Answer: India has won 3 out of 4 standard style Kabbadi World Cup competitions, in 2004, 2007, and 2016. India has also won almost every single iteration of the circle style Kabbadi World Cup, including the men's competitions in 2010, 2011, 2012, 2013, 2014, and 2016, and the women's competitions in 2012, 2013, 2014, and 2016. India's single loss in each style of the competition was to Pakistan in 2020.",0.2344934940338134,0.0,0.0
E12355,355,43,simple,"[""O'Donoghue"", ""Colin O'Donoghue"", 'Oliver Bell', 'Bell']",Who played hook in once upon a time?,"
In the TV show ""Once Upon a Time"", Hook was played by two actors. 

First, Colin O'Donoghue played Hook as an adult. 

Then, his younger version was played by Oliver Bell. He was known as Killian Jones before he became the pirate captain.","
Long Answer: Two actors portrayed hook in Once Upon a Time. Colin O'Donoghue played adult hook, and Oliver Bell played hook as young Killian Jones.",0.2911301255226135,0.0100320552470059,1.0
E13355,355,159,complex,"[""O'Donoghue"", ""Colin O'Donoghue"", 'Oliver Bell', 'Bell']",Who played hook in once upon a time?,"
In the panoply of television dramas that have captivated audiences over the years, one notable series that warrants mention is ""Once Upon a Time"". This fantasy drama series, which aired from 2011 to 2018, features a plethora of complex characters, each with their own storied history. Among these characters is the iconic and enigmatic Captain Hook, a figure both revered and reviled by the denizens of the small town of Storybrooke.

The role of adult Captain Hook was portrayed by the talented Irish actor Colin O'Donoghue, whose nuanced and captivating performance added depth and complexity to the character. Conversely, the role of the younger Captain Hook, or Killian Jones, was masterfully played by actor Oliver Bell.

Throughout the series, these two portrayals of Hook interweave and intersect, yielding a rich tapestry of characterization that rewards close attention. Both actors brought their own unique interpretations to the role, imbuing Hook with a multifaceted personality that is both charming and formidable.","
Long Answer: Two actors portrayed hook in Once Upon a Time. Colin O'Donoghue played adult hook, and Oliver Bell played hook as young Killian Jones.",-0.0578920878469944,0.0013427274992056,1.0
E12356,356,13,simple,"['September 8, 2017', 'September 29, 2017']",When does the movie mark felt come out?,"
The movie ""Mark Felt"" was released in the US on September 29, 2017.","
Long Answer: The movie Mark Felt came out at TIFF on September 8, 2017, and in the US on September 29, 2017.",0.728886067867279,0.0328570204479777,0.5
E13356,356,58,complex,"['September 8, 2017', 'September 29, 2017']",When does the movie mark felt come out?,"
The cinematic release of Mark Felt: The Man Who Brought Down the White House, a biographical drama film directed by Peter Landesman, was occasioned on September 8, 2017, within the auspices of the Toronto International Film Festival (TIFF). This inaugural outing in Canada was swiftly followed by a national premiere in the United States on September 29, 2017.","
Long Answer: The movie Mark Felt came out at TIFF on September 8, 2017, and in the US on September 29, 2017.",0.161712110042572,0.0087614184136304,1.0
E12357,357,78,simple,"['German proverb', 'Narrenbeschwörung (Appeal to Fools)']",Where does the saying don't throw the baby out with the bath water come from?,"
This saying is from a German phrase ""Das Kind mit dem Bade ausschütten"". It means ""throwing the baby out with the bath water"".

A long time ago, people threw away everything in the bath water when they washed a baby. This meant that the baby would also be thrown out with the dirty water. 

Later, people said that sometimes, when you try to get rid of a bad thing, you might also get rid of a good thing.","
Knowledge: The meaning and intent of the English idiomatic expression is sometimes presented in different terms. Throw out the champagne with the cork. Empty the baby out with the bath.
Long Answer: This idiom derives from a German proverb, ""das Kind mit dem Bade ausschütten."" The earliest record of this phrase is in 1512, in Narrenbeschwörung (Appeal to Fools) by Thomas Murner, and this book includes a woodcut illustration showing a woman tossing a baby out with waste water. Similar idiomatic expressions are ""Throw out the champagne with the cork"" and ""Empty the baby out with the bath.""
Context: This idiom derives from a German proverb, ""das Kind mit dem Bade ausschütten."" The earliest record of this phrase is in 1512, in ""Narrenbeschwörung"" (""Appeal to Fools"") by Thomas Murner; and this book includes a woodcut illustration showing a woman tossing a baby out with waste water. It is a common catchphrase in German, with examples of its use in work by Martin Luther, Johannes Kepler, Johann Wolfgang von Goethe, Otto von Bismarck, Thomas Mann, and Günter Grass.",0.1226196661591529,0.0027646646087298,0.0
E13357,357,174,complex,"['German proverb', 'Narrenbeschwörung (Appeal to Fools)']",Where does the saying don't throw the baby out with the bath water come from?,"
The phrase ""don't throw the baby out with the bath water"" is a idiom that has its genesis in Germanic linguistics, specifically from a traditional German proverb, ""Das Kind mit dem Bade ausschütten,"" which translates to ""to throw out the child with the bath water."" This expression was first documented in the 16th century by Thomas Murner in his publication, ""Narrenbeschwörung"" (Appeal to Fools), circa 1512. The phrase was later adopted into Middle English, where it evolved into its current form.

The metaphorical connotation of this idiom is multifaceted, conveying the notion that in the process of purging or discarding something unwanted or undesirable (the bath water), one should exercise caution not to inadvertently eliminate something valuable or desirable (the baby). In essence, it cautions against the deleterious effects of a broad-based rejection or generalization, as one might inadvertently lose something salient or essential in the process. The phrase has since become a staple in the English language, serving as a potent reminder to consider the unintended consequences of sweeping changes or sweeping judgments.","
Knowledge: The meaning and intent of the English idiomatic expression is sometimes presented in different terms. Throw out the champagne with the cork. Empty the baby out with the bath.
Long Answer: This idiom derives from a German proverb, ""das Kind mit dem Bade ausschütten."" The earliest record of this phrase is in 1512, in Narrenbeschwörung (Appeal to Fools) by Thomas Murner, and this book includes a woodcut illustration showing a woman tossing a baby out with waste water. Similar idiomatic expressions are ""Throw out the champagne with the cork"" and ""Empty the baby out with the bath.""
Context: This idiom derives from a German proverb, ""das Kind mit dem Bade ausschütten."" The earliest record of this phrase is in 1512, in ""Narrenbeschwörung"" (""Appeal to Fools"") by Thomas Murner; and this book includes a woodcut illustration showing a woman tossing a baby out with waste water. It is a common catchphrase in German, with examples of its use in work by Martin Luther, Johannes Kepler, Johann Wolfgang von Goethe, Otto von Bismarck, Thomas Mann, and Günter Grass.",0.0928753912448883,0.0024126834019978,0.5
E12358,358,17,simple,"['Despacito', 'See You Again', 'Gangnam Style']",What is the most watched video on youtube of all time?,"
The most watched video on YouTube is ""Baby Shark"". It was made by a company called Pinkfong.","
Knowledge: Originating as a campfire song, ""Baby Shark"" became very well-known in 2016, when Pinkfong, a South Korean entertainment company, released a YouTube video featuring the song which went viral on social media, online video, and radio. In November 2020, Pinkfong's version became the most-viewed YouTube video of all time, with over 9 billion views.
Long Answer: A YouTube video featuring the song Baby Shark that was released by Pinkfong, a South Korean entertainment company, is the most-viewed YouTube video of all time with over 9 billion views. As of August 4, 2017, Despacito was the most viewed YouTube video of all time, while See You Again was as of July 10, 2017, and Gangnam Style was as of November 24, 2012.
Context: With numerous videos readily clearing one billion views by 2018, more interest has been on two and three-billion views and higher metrics. In May 2014 ""Gangnam Style"" became the first video to exceed two billion views. ""Despacito"" became the first video to reach three billion views in August 2017, and since has surpassed four billion in October 2017, five billion in April 2018, and six billion in February 2019.
Context: , 41 videos have exceeded two billion views; nine of which exceed three billion views, five of which exceed four billion views and one of which exceeds six billion views. ""See You Again"" became the second video to reach three billion views in August 2017, followed by ""Gangnam Style"" in November 2017. ""Shape of You"" became the second video to reach four billion views in January 2019, followed by ""See You Again"" in February 2019.
Context: In December 2012, ""Gangnam Style"" became the first video to reach one billion views. By June 2015, only ""Baby"" had managed to pass this threshold; but, by October 2015, a total of ten videos had done so, and the number grew further to 100 in February 2018. Considering older videos that pre-dated YouTube's creation in 2005 but were added later:",0.3227379620075226,0.0,0.0
E13358,358,220,complex,"['Despacito', 'See You Again', 'Gangnam Style']",What is the most watched video on youtube of all time?,"
The most-watched video on YouTube, a stalwart testament to the enduring allure of online content, has been a subject of considerable fascination for observers of the platform. As of the latest available data, the reigning champion, having surpassed the 9 billion-view milestone, is the viral sensation ""Baby Shark"" created by Pinkfong, a South Korean entertainment conglomerate. This iconic aquatic-themed ditty has captivated the attention of an estimated global audience, rendering it the most-viewed video on the platform.

Notably, this phenomenon is a prime exemplar of the democratizing effects of the internet, wherein user-generated content can rapidly ascend to unprecedented heights of popularity, transcending geographical and linguistic boundaries. The ease of creation, dissemination, and accessibility of digital media has yielded a unique phenomenon where an amalgamation of catchy melody, simplistic lyrics, and animated visuals has been able to bewitch a vast and diverse demographic.

Moreover, the remarkable ascension of ""Baby Shark"" to the top of the YouTube rankings is a reflection of the platform's inherent capacity to foster a meritocracy of content, where the most successful creations are often those that tap into the collective unconscious, resonating with a broad audience on an emotional level. In this regard, the ubiquitous popularity of this video serves as a paradigmatic case study of the efficacious intersection of creativity, audience engagement, and technological platforms.","
Knowledge: Originating as a campfire song, ""Baby Shark"" became very well-known in 2016, when Pinkfong, a South Korean entertainment company, released a YouTube video featuring the song which went viral on social media, online video, and radio. In November 2020, Pinkfong's version became the most-viewed YouTube video of all time, with over 9 billion views.
Long Answer: A YouTube video featuring the song Baby Shark that was released by Pinkfong, a South Korean entertainment company, is the most-viewed YouTube video of all time with over 9 billion views. As of August 4, 2017, Despacito was the most viewed YouTube video of all time, while See You Again was as of July 10, 2017, and Gangnam Style was as of November 24, 2012.
Context: With numerous videos readily clearing one billion views by 2018, more interest has been on two and three-billion views and higher metrics. In May 2014 ""Gangnam Style"" became the first video to exceed two billion views. ""Despacito"" became the first video to reach three billion views in August 2017, and since has surpassed four billion in October 2017, five billion in April 2018, and six billion in February 2019.
Context: , 41 videos have exceeded two billion views; nine of which exceed three billion views, five of which exceed four billion views and one of which exceeds six billion views. ""See You Again"" became the second video to reach three billion views in August 2017, followed by ""Gangnam Style"" in November 2017. ""Shape of You"" became the second video to reach four billion views in January 2019, followed by ""See You Again"" in February 2019.
Context: In December 2012, ""Gangnam Style"" became the first video to reach one billion views. By June 2015, only ""Baby"" had managed to pass this threshold; but, by October 2015, a total of ten videos had done so, and the number grew further to 100 in February 2018. Considering older videos that pre-dated YouTube's creation in 2005 but were added later:",-0.0537171401083469,0.0,0.0
E12359,359,10,simple,"['Lisbon, Portugal', 'Portugal', 'Insei, Japanese Korea (now Eumseong County, South Korea)', 'South Korea', 'Kumasi, Gold Coast (now Ghana)', 'Ghana']",Where is the secretary general of the un from?,"
The Secretary-General of the United Nations is from Lisbon, Portugal.","
Knowledge: The Secretary-General of the United Nations (UNSG or SG) is the chief administrative officer of the United Nations and head of the United Nations Secretariat, one of the six principal organs of the United Nations.
Knowledge: António Manuel de Oliveira Guterres GCC GCL (/ɡʊˈtɛrəs/; European Portuguese: [ɐ̃ˈtɔnju ɡuˈtɛʁɨʃ]; born 30 April 1949)[1] is a Portuguese politician serving since 2017 as the ninth Secretary-General of the United Nations.
Knowledge: Ban Ki-moon[a] (Korean: 반기문; Hanja: 潘基文; Korean pronunciation: [ban.ɡi.mun]; born 13 June 1944) is a South Korean politician and diplomat who served as the eighth Secretary-General of the United Nations from January 2007 to December 2016.
Knowledge: Kofi Atta Annan (/ˈkoʊfi ˈænæn/;[1] 8 April 1938 – 18 August 2018) was a Ghanaian diplomat who served as the seventh Secretary-General of the United Nations from January 1997 to December 2006.
Long Answer: As of January 1, 2017, the Secretary-general of the United Nations, or UNSG, is from Lisbon, Portugal. Portuguese politician António Guterres has served since 2017 as the ninth Secretary-general of the United Nations. From 2007 to 2016, the UNSG was Ban Ki-moon from South Korea. From 1997 to 2006, the UNSG was Kofi Annan from Ghana.",0.4663993120193481,0.0211053406318726,0.3333333333333333
E13359,359,61,complex,"['Lisbon, Portugal', 'Portugal', 'Insei, Japanese Korea (now Eumseong County, South Korea)', 'South Korea', 'Kumasi, Gold Coast (now Ghana)', 'Ghana']",Where is the secretary general of the un from?,"
The Secretary-General of the United Nations, the chief administrative officer of the organization, is resided in Lisbon, Portugal, as of January 1, 2017. Specifically, António Guterres, a Portuguese politician, has held this position since 2017, succeeding Ban Ki-moon of South Korea, who served from 2007 to 2016, and Kofi Annan of Ghana, who presided over the organization from 1997 to 2006.","
Knowledge: The Secretary-General of the United Nations (UNSG or SG) is the chief administrative officer of the United Nations and head of the United Nations Secretariat, one of the six principal organs of the United Nations.
Knowledge: António Manuel de Oliveira Guterres GCC GCL (/ɡʊˈtɛrəs/; European Portuguese: [ɐ̃ˈtɔnju ɡuˈtɛʁɨʃ]; born 30 April 1949)[1] is a Portuguese politician serving since 2017 as the ninth Secretary-General of the United Nations.
Knowledge: Ban Ki-moon[a] (Korean: 반기문; Hanja: 潘基文; Korean pronunciation: [ban.ɡi.mun]; born 13 June 1944) is a South Korean politician and diplomat who served as the eighth Secretary-General of the United Nations from January 2007 to December 2016.
Knowledge: Kofi Atta Annan (/ˈkoʊfi ˈænæn/;[1] 8 April 1938 – 18 August 2018) was a Ghanaian diplomat who served as the seventh Secretary-General of the United Nations from January 1997 to December 2006.
Long Answer: As of January 1, 2017, the Secretary-general of the United Nations, or UNSG, is from Lisbon, Portugal. Portuguese politician António Guterres has served since 2017 as the ninth Secretary-general of the United Nations. From 2007 to 2016, the UNSG was Ban Ki-moon from South Korea. From 1997 to 2006, the UNSG was Kofi Annan from Ghana.",0.3435359299182892,0.0035548168188028,0.6666666666666666
E12360,360,14,simple,"['Big Brown', 'California Chrome', ""I'll Have Another"", 'American Pharoah', 'Affirmed', 'Seattle Slew']",Who won the first two races of the triple crown?,"
Big Brown and Seattle Slew won the first two races of the triple crown.","
Knowledge: Big Brown (foaled April 10, 2005, in Kentucky) is a Champion American Thoroughbred racehorse who won the 2008 Kentucky Derby and 2008 Preakness Stakes and was the 2008 Champion Three-Year-Old.
Knowledge: California Chrome (foaled February 18, 2011) is a champion American Thoroughbred racehorse who won the 2014 Kentucky Derby, Preakness Stakes, and 2016 Dubai World Cup.
Knowledge: I'll Have Another (foaled April 1, 2009) is a champion American Thoroughbred racehorse who won the 2012 Kentucky Derby and Preakness Stakes.
Long Answer: In the history of the Triple Crown, 13 horses have won all three races, while other horses won only the first two races. Big Brown won the Triple Crown's first two races and not the third in 2008, while I'll Have Another did in 2012, and California Chrome did in 2014. Seattle Slew won the first, second, and third Triple Crown races in 1977, while Affirmed did in 1978, and American Pharoah did in 2015.
Context: Big Brown did not finish in 2008.
Context: California Chrome finished 4th in 2014.
Context: I'll Have Another did not start (injury) 2012.
Context: American Pharoah, in addition to winning the 2015 Triple Crown, also won the Breeders' Cup Classic that year. As the Breeders' Cup was not established until 1984, American Pharoah was the first (and, as of 2018, only) horse to sweep all four races, a feat that came to be known as the Grand Slam.
Context: Only one horse, Alydar, has placed (finished second) in all three races. He was defeated by Affirmed in all three races in 1978 by a combined margin of two lengths. His trainer John Veitch is the only trainer to have done this with one horse. In 1995, D. Wayne Lukas became the first and only major figure (owner, jockey, or trainer) to win all three Triple Crown races with different horses, Thunder Gulch in the Derby and Belmont, Timber Country in the Preakness. Lukas also is the only trainer to have won six straight Triple Crown races, adding his 1995 wins, having won the 1994 Preakness and Belmont with Tabasco Cat and the 1996 Derby with Grindstone.
Context: In the history of the Triple Crown, 13 horses have won all three races: Sir Barton (1919), Gallant Fox (1930), Omaha (1935), War Admiral (1937), Whirlaway (1941), Count Fleet (1943), Assault (1946), Citation (1948), Secretariat (1973), Seattle Slew (1977), Affirmed (1978), American Pharoah (2015), and Justify (2018). As of 2018, American Pharoah and Justify are the only living Triple Crown winners.",0.2348267287015915,0.0427180251358197,0.3333333333333333
E13360,360,92,complex,"['Big Brown', 'California Chrome', ""I'll Have Another"", 'American Pharoah', 'Affirmed', 'Seattle Slew']",Who won the first two races of the triple crown?,"
The inaugural successes of the Triple Crown were achieved by two equine individuals, whose illustrious performances in the first two events of the prestigious series have become etched in the annals of Thoroughbred racing history.

Specifically, the triumphant duo comprises Sir Barton, who claimed the inaugural Kentucky Derby in 1919, and Gallant Fox, who took the lead in the subsequent Preakness Stakes the following year, in 1920. These two remarkable horses, having accomplished this remarkable feat, sired the coveted Triple Crown, cementing their places in the pantheon of American Thoroughbred racing legends.","
Knowledge: Big Brown (foaled April 10, 2005, in Kentucky) is a Champion American Thoroughbred racehorse who won the 2008 Kentucky Derby and 2008 Preakness Stakes and was the 2008 Champion Three-Year-Old.
Knowledge: California Chrome (foaled February 18, 2011) is a champion American Thoroughbred racehorse who won the 2014 Kentucky Derby, Preakness Stakes, and 2016 Dubai World Cup.
Knowledge: I'll Have Another (foaled April 1, 2009) is a champion American Thoroughbred racehorse who won the 2012 Kentucky Derby and Preakness Stakes.
Long Answer: In the history of the Triple Crown, 13 horses have won all three races, while other horses won only the first two races. Big Brown won the Triple Crown's first two races and not the third in 2008, while I'll Have Another did in 2012, and California Chrome did in 2014. Seattle Slew won the first, second, and third Triple Crown races in 1977, while Affirmed did in 1978, and American Pharoah did in 2015.
Context: Big Brown did not finish in 2008.
Context: California Chrome finished 4th in 2014.
Context: I'll Have Another did not start (injury) 2012.
Context: American Pharoah, in addition to winning the 2015 Triple Crown, also won the Breeders' Cup Classic that year. As the Breeders' Cup was not established until 1984, American Pharoah was the first (and, as of 2018, only) horse to sweep all four races, a feat that came to be known as the Grand Slam.
Context: Only one horse, Alydar, has placed (finished second) in all three races. He was defeated by Affirmed in all three races in 1978 by a combined margin of two lengths. His trainer John Veitch is the only trainer to have done this with one horse. In 1995, D. Wayne Lukas became the first and only major figure (owner, jockey, or trainer) to win all three Triple Crown races with different horses, Thunder Gulch in the Derby and Belmont, Timber Country in the Preakness. Lukas also is the only trainer to have won six straight Triple Crown races, adding his 1995 wins, having won the 1994 Preakness and Belmont with Tabasco Cat and the 1996 Derby with Grindstone.
Context: In the history of the Triple Crown, 13 horses have won all three races: Sir Barton (1919), Gallant Fox (1930), Omaha (1935), War Admiral (1937), Whirlaway (1941), Count Fleet (1943), Assault (1946), Citation (1948), Secretariat (1973), Seattle Slew (1977), Affirmed (1978), American Pharoah (2015), and Justify (2018). As of 2018, American Pharoah and Justify are the only living Triple Crown winners.",0.0907564312219619,0.0019650995946351,0.0
E12361,361,14,simple,"['L. B. Abbott', 'Abbott', 'Chris Walas and Stephan Dupuis', 'Stephan Dupuis', 'Chris Walas', 'Chris Walas, Inc.', 'Walas', 'Chris Walas']",Who did the special effects for the fly?,"
For the 1958 film ""The Fly"", the special effects were done by L.B. Abbott.","
Knowledge: Lenwood Ballard ""Bill"" Abbott, A.S.C. (13 June 1908 – 28 September 1985) was an American special effects expert, cinematographer and cameraman.
Knowledge: Walas and Dupuis' work on the film resulted in their winning an Academy Award for Best Makeup, the only Oscar won by a film directed by Cronenberg.
Long Answer: There are several films called The Fly. For the 1958 film The Fly, the special effects were done by L. B. Abbott, a special effects expert, cinematographer, and cameraman. For the 1986 film The Fly, Chris Walas, Inc. did the special effects, and Chris Walas and Stephan Dupuis did the make-up effects. Walas and Dupuis' work on the film resulted in their winning an Academy Award for Best Makeup.
Context: ""In 1987, The Fly (1986 film)"" won the Academy Award for Best Makeup in credit of the work of the Makeup team led by Chris Walas and Stephan Dupuis. It was also nominated for the BAFTA Award for the Best Makeup and Hair as well as the Hugo Award for the Best Dramatic Presentation. Although the press favoured Goldblum's acting, and the Academy Awards entertained the possibility of nominating Goldblum for the Best Actor, the situation never occurred.",0.4569655358791351,0.0,0.1428571428571428
E13361,361,25,complex,"['L. B. Abbott', 'Abbott', 'Chris Walas and Stephan Dupuis', 'Stephan Dupuis', 'Chris Walas', 'Chris Walas, Inc.', 'Walas', 'Chris Walas']",Who did the special effects for the fly?,"
The special effects for the 1986 film ""The Fly"" were rendered by Chris Walas, Inc., a renowned entities in the realm of cinematic special effects.","
Knowledge: Lenwood Ballard ""Bill"" Abbott, A.S.C. (13 June 1908 – 28 September 1985) was an American special effects expert, cinematographer and cameraman.
Knowledge: Walas and Dupuis' work on the film resulted in their winning an Academy Award for Best Makeup, the only Oscar won by a film directed by Cronenberg.
Long Answer: There are several films called The Fly. For the 1958 film The Fly, the special effects were done by L. B. Abbott, a special effects expert, cinematographer, and cameraman. For the 1986 film The Fly, Chris Walas, Inc. did the special effects, and Chris Walas and Stephan Dupuis did the make-up effects. Walas and Dupuis' work on the film resulted in their winning an Academy Award for Best Makeup.
Context: ""In 1987, The Fly (1986 film)"" won the Academy Award for Best Makeup in credit of the work of the Makeup team led by Chris Walas and Stephan Dupuis. It was also nominated for the BAFTA Award for the Best Makeup and Hair as well as the Hugo Award for the Best Dramatic Presentation. Although the press favoured Goldblum's acting, and the Academy Awards entertained the possibility of nominating Goldblum for the Best Actor, the situation never occurred.",0.2624308168888092,0.0160207209940649,0.4285714285714285
E12362,362,38,simple,"['16-Mar-17, 15-Jun-17, and 14-Dec-17', '15-Dec-16', '17-Dec-15']",When did wall street journal prime rate change?,"
The Wall Street Journal prime rate changed several times in the past.

Here are the dates it changed:

* In 2016: December 15th
* In 2015: December 17th
* In 2017: March 16th, June 15th, and December 14th","
Knowledge: The prime rate does not change at regular intervals. It changes only when the nation's ""largest banks"" decide on the need to raise, or lower, their ""base rate"".
Long Answer: The Wall Street Journal prime rate has changed a number of times. In 2017, it changed on 16-Mar-17, 15-Jun-17, and 14-Dec-17. It changed on 15-Dec-16 in 2016, and it changed on 17-Dec-15 in 2015. The prime rate changes only when the nation's largest banks decide on the need to raise or lower their base rate and does not change at regular intervals.",0.1693803369998932,0.00487428628745,0.0
E13362,362,106,complex,"['16-Mar-17, 15-Jun-17, and 14-Dec-17', '15-Dec-16', '17-Dec-15']",When did wall street journal prime rate change?,"
The Wall Street Journal prime rate has undergone several paradigmatic shifts throughout the preceding years, necessitating an examination of its pertinent alterations. Specifically, notable changes were recorded in 2017, where adjustments were made on 16th March, 15th June, and 14th December, thereby underscoring the inherent volatility inherent to monetary policy fluctuations.

Additionally, the preceding years witnessed similar transformations, with notable changes registered on 15th December 2016 and 17th December 2015, respectively. It is imperative to emphasize that these rate changes were precipitated by the collective deliberations of the nation's largest banks, who judiciously decided to adjust their base rate, precipitating an alteration in the prime rate.","
Knowledge: The prime rate does not change at regular intervals. It changes only when the nation's ""largest banks"" decide on the need to raise, or lower, their ""base rate"".
Long Answer: The Wall Street Journal prime rate has changed a number of times. In 2017, it changed on 16-Mar-17, 15-Jun-17, and 14-Dec-17. It changed on 15-Dec-16 in 2016, and it changed on 17-Dec-15 in 2015. The prime rate changes only when the nation's largest banks decide on the need to raise or lower their base rate and does not change at regular intervals.",0.1896823495626449,0.0017018001904197,0.0
E12363,363,57,simple,"['Louis Albert Bowman', 'Louis Charles Rabaut', 'Louis C. Rabaut', 'Representative Louis C. Rabaut']",Who added under god in the pledge of allegiance?,"
Someone added ""under God"" to the Pledge of Allegiance. It was first suggested by an Illinois man named Louis Albert Bowman. He made the suggestion in 1948. He said the words were from Abraham Lincoln's speech. Later, a man named Louis C. Rabaut from Michigan helped make the words part of the Pledge of Allegiance in 1954.","
Knowledge: The phrase ""under God"" was incorporated into the Pledge of Allegiance on June 14, 1954, by a Joint Resolution of Congress amending § 4 of the Flag Code enacted in 1942.
Long Answer: Congress added ""under God"" to the Pledge of Allegiance, while Louis Albert Bowman, an attorney from Illinois, first suggested adding ""under God"" to the Pledge of Allegiance, and Representative Louis C. Rabaut of Michigan sponsored a resolution to do so in 1953. The phrase ""under God"" was incorporated into the Pledge of Allegiance on June 14, 1954, by a Joint Resolution of Congress.
Context: Louis Albert Bowman, an attorney from Illinois, was the first to suggest the addition of ""under God"" to the pledge. The National Society of the Daughters of the American Revolution gave him an Award of Merit as the originator of this idea. He spent his adult life in the Chicago area and was chaplain of the Illinois Society of the Sons of the American Revolution. At a meeting on February 12, 1948, he led the society in reciting the pledge with the two words ""under God"" added. He said that the words came from Lincoln's Gettysburg Address. Although not all manuscript versions of the Gettysburg Address contain the words ""under God"", all the reporters' transcripts of the speech as delivered do, as perhaps Lincoln may have deviated from his prepared text and inserted the phrase when he said ""that the nation shall, under God, have a new birth of freedom."" Bowman repeated his revised version of the Pledge at other meetings.
Context: At the suggestion of a correspondent, Representative Louis C. Rabaut (D-Mich.), of Michigan sponsored a resolution to add the words ""under God"" to the Pledge in 1953.",0.4236469864845276,0.0188621189152374,0.5
E13363,363,55,complex,"['Louis Albert Bowman', 'Louis Charles Rabaut', 'Louis C. Rabaut', 'Representative Louis C. Rabaut']",Who added under god in the pledge of allegiance?,"
The phrase ""under God"" was initially introduced to the Pledge of Allegiance by Louis Albert Bowman, an Illinois attorney who first proposed its incorporation in 1948. Bowman, who served as the chaplain of the Illinois Society of the Sons of the American Revolution, first introduced the revised phrase to the society on February 12, 1948.","
Knowledge: The phrase ""under God"" was incorporated into the Pledge of Allegiance on June 14, 1954, by a Joint Resolution of Congress amending § 4 of the Flag Code enacted in 1942.
Long Answer: Congress added ""under God"" to the Pledge of Allegiance, while Louis Albert Bowman, an attorney from Illinois, first suggested adding ""under God"" to the Pledge of Allegiance, and Representative Louis C. Rabaut of Michigan sponsored a resolution to do so in 1953. The phrase ""under God"" was incorporated into the Pledge of Allegiance on June 14, 1954, by a Joint Resolution of Congress.
Context: Louis Albert Bowman, an attorney from Illinois, was the first to suggest the addition of ""under God"" to the pledge. The National Society of the Daughters of the American Revolution gave him an Award of Merit as the originator of this idea. He spent his adult life in the Chicago area and was chaplain of the Illinois Society of the Sons of the American Revolution. At a meeting on February 12, 1948, he led the society in reciting the pledge with the two words ""under God"" added. He said that the words came from Lincoln's Gettysburg Address. Although not all manuscript versions of the Gettysburg Address contain the words ""under God"", all the reporters' transcripts of the speech as delivered do, as perhaps Lincoln may have deviated from his prepared text and inserted the phrase when he said ""that the nation shall, under God, have a new birth of freedom."" Bowman repeated his revised version of the Pledge at other meetings.
Context: At the suggestion of a correspondent, Representative Louis C. Rabaut (D-Mich.), of Michigan sponsored a resolution to add the words ""under God"" to the Pledge in 1953.",0.4734523892402649,0.0070307002637888,0.25
E12364,364,21,simple,"['January 18, 2019', 'January 19, 2019']",When does star trek discovery come out netflix?,"
Star Trek: Discovery is on Netflix very quickly! It comes out 24 hours after it comes out in the United States.","
Knowledge: CBS Studios International licensed the series to Bell Media for broadcast in Canada, and to Netflix for another 188 countries.
Knowledge: In the other countries, Netflix releases each episode of the series for streaming within 24 hours of its U.S. debut.
Long Answer: Star Trek Discovery came out on Netflix in the US on January 18, 2019, and came out on Netflix in the UK on January 19, 2019. CBS Studios International licensed the series to Bell Media for broadcast in Canada, and to Netflix for another 188 countries. In the other countries, Netflix releases each episode of the series for streaming within 24 hours of its U.S. debut.",0.372188538312912,0.0,0.0
E13364,364,42,complex,"['January 18, 2019', 'January 19, 2019']",When does star trek discovery come out netflix?,"
Based on the pertinent information available to me, I can posit that Star Trek: Discovery premiered on Netflix in the United States on January 18, 2019, preceding its subsequent global release on various platforms, including the aforementioned CBS Studios International's licensed distributors.","
Knowledge: CBS Studios International licensed the series to Bell Media for broadcast in Canada, and to Netflix for another 188 countries.
Knowledge: In the other countries, Netflix releases each episode of the series for streaming within 24 hours of its U.S. debut.
Long Answer: Star Trek Discovery came out on Netflix in the US on January 18, 2019, and came out on Netflix in the UK on January 19, 2019. CBS Studios International licensed the series to Bell Media for broadcast in Canada, and to Netflix for another 188 countries. In the other countries, Netflix releases each episode of the series for streaming within 24 hours of its U.S. debut.",0.2368098497390747,0.0092889807431046,0.5
E12365,365,10,simple,"['7 November 1917', 'Russian Revolutions of 1917']",When did the civil war in russia start?,"
The civil war in Russia started on November 7, 1917.","
Long Answer: The Russian Civil War began in the former Russian Empire on 7 November 1917, immediately after the two Russian Revolutions of 1917.
Context: The Russian Civil War (; 7 November 1917 – 25 October 1922) was a multi-party civil war in the former Russian Empire immediately after the two Russian Revolutions of 1917, as many factions vied to determine Russia's political future. The two largest combatant groups were the Red Army, fighting for the Bolshevik form of socialism led by Vladimir Lenin, and the loosely allied forces known as the White Army, which included diverse interests favouring political monarchism, economic capitalism and alternative forms of socialism, each with democratic and anti-democratic variants. In addition, rival militant socialists and non-ideological Green armies fought against both the Bolsheviks and the Whites. Eight foreign nations intervened against the Red Army, notably the former Allied military forces from the World War and the pro-German armies. The Red Army eventually defeated the White Armed Forces of South Russia in Ukraine and the army led by Admiral Alexander Kolchak to the east in Siberia in 1919. The remains of the White forces commanded by Pyotr Wrangel were beaten in Crimea and evacuated in late 1920. Lesser battles of the war continued on the periphery for two more years, and minor skirmishes with the remnants of the White forces in the Far East continued well into 1923. The war ended in 1923 in the sense that Bolshevik communist control of the newly formed Soviet Union was now assured, although armed national resistance in Central Asia was not completely crushed until 1934. There were an estimated 7,000,000–12,000,000 casualties during the war, mostly civilians.",0.5396759510040283,0.0211053406318726,0.0
E13365,365,87,complex,"['7 November 1917', 'Russian Revolutions of 1917']",When did the civil war in russia start?,"
The Russian Civil War commenced on November 7, 1917, marking the commencement of a protracted and tumultuous period of strife and conflict that would ultimately serve as a watershed moment in the trajectory of the Russian Empire. This auspicious date, following the tumultuous events of the two preceding Russian Revolutions of 1917, precipitated the fragmentation of the empire and the subsequent conflict between the Bolshevik faction, led by Vladimir Lenin, and the disparate White Army, comprised of various factions vying for control of the fledgling Soviet state.","
Long Answer: The Russian Civil War began in the former Russian Empire on 7 November 1917, immediately after the two Russian Revolutions of 1917.
Context: The Russian Civil War (; 7 November 1917 – 25 October 1922) was a multi-party civil war in the former Russian Empire immediately after the two Russian Revolutions of 1917, as many factions vied to determine Russia's political future. The two largest combatant groups were the Red Army, fighting for the Bolshevik form of socialism led by Vladimir Lenin, and the loosely allied forces known as the White Army, which included diverse interests favouring political monarchism, economic capitalism and alternative forms of socialism, each with democratic and anti-democratic variants. In addition, rival militant socialists and non-ideological Green armies fought against both the Bolsheviks and the Whites. Eight foreign nations intervened against the Red Army, notably the former Allied military forces from the World War and the pro-German armies. The Red Army eventually defeated the White Armed Forces of South Russia in Ukraine and the army led by Admiral Alexander Kolchak to the east in Siberia in 1919. The remains of the White forces commanded by Pyotr Wrangel were beaten in Crimea and evacuated in late 1920. Lesser battles of the war continued on the periphery for two more years, and minor skirmishes with the remnants of the White forces in the Far East continued well into 1923. The war ended in 1923 in the sense that Bolshevik communist control of the newly formed Soviet Union was now assured, although armed national resistance in Central Asia was not completely crushed until 1934. There were an estimated 7,000,000–12,000,000 casualties during the war, mostly civilians.",0.2875576317310333,0.0110622512432257,0.5
E12366,366,11,simple,"['T-Mobile Arena in Las Vegas', 'T - Mobile Arena', 'Nevada', 'Las Vegas']",Where is the billboard music awards 2017 held?,"
The Billboard Music Awards 2017 was held in Las Vegas, Nevada.","
Knowledge: The 2017 Billboard Music Awards ceremony was held at the T-Mobile Arena in Las Vegas, Nevada on May 21, 2017.
Knowledge: Las Vegas (/lɒsˈveɪɡəs/; Spanish for ""The Meadows""), officially the City of Las Vegas and often known simply as Vegas, is the 26th-most populous city in the United States, the most populous city in the state of Nevada, and the county seat of Clark County.
Long Answer: The venue the 2017 Billboard Music Awards was held at was the T-Mobile Arena in Las Vegas, the most populous city in the state of Nevada and the county seat of Clark County. The awards ceremony was held on May 21, 2017.",0.5737406015396118,0.0398635712826801,0.5
E13366,366,120,complex,"['T-Mobile Arena in Las Vegas', 'T - Mobile Arena', 'Nevada', 'Las Vegas']",Where is the billboard music awards 2017 held?,"
The 2017 Billboard Music Awards ceremony was convened at the T-Mobile Arena, a substantial and renowned venue situated within the city of Las Vegas, Nevada. Specifically, Las Vegas is the largest urban center in the state of Nevada, and, by virtue of its population, it is also the most populous city in the United States. Furthermore, Las Vegas is the administrative and governmental hub of Clark County, a region characterized by its vast expanse and considerable metropolitan areas. The T-Mobile Arena, an expansive and multifunctional complex, serves as the primary host site for this prestigious event, having been chosen to accommodate the large and diverse gathering of music industry professionals, performers, and enthusiasts that annually congregate for the awards ceremony.","
Knowledge: The 2017 Billboard Music Awards ceremony was held at the T-Mobile Arena in Las Vegas, Nevada on May 21, 2017.
Knowledge: Las Vegas (/lɒsˈveɪɡəs/; Spanish for ""The Meadows""), officially the City of Las Vegas and often known simply as Vegas, is the 26th-most populous city in the United States, the most populous city in the state of Nevada, and the county seat of Clark County.
Long Answer: The venue the 2017 Billboard Music Awards was held at was the T-Mobile Arena in Las Vegas, the most populous city in the state of Nevada and the county seat of Clark County. The awards ceremony was held on May 21, 2017.",0.1834882050752639,0.0037741223815934,0.5
E12367,367,12,simple,"['Ultra Lights', 'Pall Mall Ultra Lights', 'Orange']",What is the orange pack of pall mall?,"
The orange pack of Pall Mall is an orange-colored pack of cigarettes.","
Knowledge: Pall Mall (/ˌpɛlˈmɛl/, /ˌpælˈmæl/ or adopted /ˌpɔːlˈmɔːl/) is an American brand of cigarettes produced by R. J. Reynolds Tobacco Company in Winston-Salem, North Carolina, and internationally by British American Tobacco at multiple sites.
Knowledge: In 2009, R. J. Reynolds Tobacco Company changed the flavor descriptors of all the Pall Mall brand hard packs to color designations. The descriptor change occurred because the FDA banned product descriptors such as ""Light,"" ""Ultra Light"" and ""Mild"" in 2010.
Long Answer: The orange pack of the Pall Mall cigarette brand was officially called Pall Mall Ultra Lights before flavor descriptors were banned and was officially called Orange after flavor descriptors were banned. In 2009, R. J. Reynolds Tobacco Company changed the flavor descriptors of all the Pall Mall brand hard packs to color designations because the FDA banned product descriptors such as ""Light,"" ""Ultra Light,"" and ""Mild"" in 2010.
Context: In 2007, R. J. Reynolds Tobacco Company changed the packaging color of Pall Mall Ultra Lights from light blue to orange to stop confusion between the Ultra Lights and the Lights. Both had been in blue colored packaging.",0.3602406680583954,0.0360208028820736,0.3333333333333333
E13367,367,86,complex,"['Ultra Lights', 'Pall Mall Ultra Lights', 'Orange']",What is the orange pack of pall mall?,"
The orange pack of Pall Mall cigarettes is a distinctive and recognizable variant of the brand. Prior to 2010, the orange pack was officially designated as ""Pall Mall Ultra Lights."" This designation was replaced by a color designation, where the orange pack was rebranded as simply ""Pall Mall Orange."" This shift in nomenclature was necessitated by a regulatory requirement imposed by the US Food and Drug Administration (FDA), which banned the use of descriptors such as ""Light,"" ""Ultra Light,"" and ""Mild"" on cigarette packaging in 2010.","
Knowledge: Pall Mall (/ˌpɛlˈmɛl/, /ˌpælˈmæl/ or adopted /ˌpɔːlˈmɔːl/) is an American brand of cigarettes produced by R. J. Reynolds Tobacco Company in Winston-Salem, North Carolina, and internationally by British American Tobacco at multiple sites.
Knowledge: In 2009, R. J. Reynolds Tobacco Company changed the flavor descriptors of all the Pall Mall brand hard packs to color designations. The descriptor change occurred because the FDA banned product descriptors such as ""Light,"" ""Ultra Light"" and ""Mild"" in 2010.
Long Answer: The orange pack of the Pall Mall cigarette brand was officially called Pall Mall Ultra Lights before flavor descriptors were banned and was officially called Orange after flavor descriptors were banned. In 2009, R. J. Reynolds Tobacco Company changed the flavor descriptors of all the Pall Mall brand hard packs to color designations because the FDA banned product descriptors such as ""Light,"" ""Ultra Light,"" and ""Mild"" in 2010.
Context: In 2007, R. J. Reynolds Tobacco Company changed the packaging color of Pall Mall Ultra Lights from light blue to orange to stop confusion between the Ultra Lights and the Lights. Both had been in blue colored packaging.",0.3043950200080871,0.005857592072109,1.0
E12368,368,9,simple,"['venom', 'striking', 'bites', 'rapid strikes', 'bite']",How does a black mamba kill its prey?,"
The black mamba kills its prey by biting it.","
Knowledge: The black mamba (Dendroaspis polylepis) is a species of highly venomous snake belonging to the family Elapidae. It is native to parts of sub-Saharan Africa.
Knowledge: Venom is a type of poison, especially one secreted by an animal.
Long Answer: A black mamba injects venom, which is a type of poison, into its prey to kill it and injects the venom into its prey through bites. The black mamba is a species of highly venomous snake native to sub-Saharan Africa.
Context: Envenomation is the process by which venom is injected by the bite or sting of a venomous animal.
Context: Some venoms are applied externally, especially to sensitive tissues such as the eyes, but most venoms are administered by piercing the skin of the victim. Venom in the saliva of the Gila monster and some other reptiles enters prey through bites of grooved teeth. More commonly animals have specialized organs such as hollow teeth (fangs) and tubular stingers that penetrate the prey's skin, whereupon muscles attached to the attacker's venom reservoir squirt venom deep within the victim's body tissue. Death may occur as a result of bites or stings. The rate of envenoming is described as the likelihood of venom successfully entering a system upon bite or sting.",0.4237149059772491,0.0,0.0
E13368,368,209,complex,"['venom', 'striking', 'bites', 'rapid strikes', 'bite']",How does a black mamba kill its prey?,"
The black mamba (Dendroaspis polylepis) is a formidable and highly venomous serpent that utilizes a complex and lethal injection-based predation strategy to dispatch its prey. By utilizing its sharp, hollow fangs, the black mamba injects its potent neurotoxic venom into the tissues of its victims, thereby inducing a rapid and invariably fatal outcome.

This process, known as envenomation, is facilitated by the mamba's unique dental anatomy, comprising a pair of retractable, piercing fangs that are positioned in a specially adapted position to facilitate efficient penetration of the prey's tissues. The venom, comprising a potent mixture of neurotoxins and other bioactive molecules, is delivered directly into the bloodstream, where it then interacts with the nervous system, disrupting normal neural function and ultimately leading to respiratory failure, cardiac arrest, and, ultimately, death.

The speed and efficacy of this process are striking, with the black mamba capable of striking with deadly precision, often delivering a lethal dose of venom in a single bite. The severity of the venom's effects is comparable to that of some antivenom, necessitating the development of specific countermeasures for medical treatment. In summary, the black mamba's predation strategy involves the use of its venomous fangs to deliver a lethal injection, effectively rendering its prey immobile and ultimately deceased.","
Knowledge: The black mamba (Dendroaspis polylepis) is a species of highly venomous snake belonging to the family Elapidae. It is native to parts of sub-Saharan Africa.
Knowledge: Venom is a type of poison, especially one secreted by an animal.
Long Answer: A black mamba injects venom, which is a type of poison, into its prey to kill it and injects the venom into its prey through bites. The black mamba is a species of highly venomous snake native to sub-Saharan Africa.
Context: Envenomation is the process by which venom is injected by the bite or sting of a venomous animal.
Context: Some venoms are applied externally, especially to sensitive tissues such as the eyes, but most venoms are administered by piercing the skin of the victim. Venom in the saliva of the Gila monster and some other reptiles enters prey through bites of grooved teeth. More commonly animals have specialized organs such as hollow teeth (fangs) and tubular stingers that penetrate the prey's skin, whereupon muscles attached to the attacker's venom reservoir squirt venom deep within the victim's body tissue. Death may occur as a result of bites or stings. The rate of envenoming is described as the likelihood of venom successfully entering a system upon bite or sting.",0.1431820392608642,0.001127894598849,0.6
E12369,369,10,simple,"['gunpowder business', 'chemical industry and the automotive industry', 'DuPont company, General Motors, and various other corporations']",How did the dupont family make their fortune?,"
The Du Pont family made their money by making gunpowder.","
Knowledge: The Du Pont family (English: /djuːˈpɒnt/)[1] is a prominent American family descended from Pierre Samuel du Pont de Nemours (1739–1817). It has been one of the richest families in the United States since the mid-19th century, when it founded its fortune in the gunpowder business. In the late 19th and early 20th centuries, it expanded its wealth through the chemical industry and the automotive industry,[2][3] with substantial interests in the DuPont company, General Motors, and various other corporations.
Long Answer: The Du Pont family made their original fortune in the gunpowder business in the mid-19th century then expanded their fortune in the late 19th and early 20th centuries through the chemical industry and the automotive industry. Interests the family used to make their fortune include the DuPont company, General Motors, and various other corporations.",0.4473817944526672,0.0,0.0
E13369,369,209,complex,"['gunpowder business', 'chemical industry and the automotive industry', 'DuPont company, General Motors, and various other corporations']",How did the dupont family make their fortune?,"
The Du Pont family's ascension to unparalleled wealth and prominence was facilitated through their astute entrepreneurial endeavors, primarily in the gunpowder industry during the mid-19th century. This lucrative venture, coupled with judicious investments and strategic diversification, enabled the family to amass a substantial fortune. 

Initially, the family's capital was garnered through the cultivation of high-quality gunpowder, which was a highly prized commodity at the time. This sector proved to be a relatively lucrative market, and the Du Pont family's innovative and rigorous approach to production yielded significant returns. The establishment of a thriving gunpowder mill in Delaware, known as the E.I. du Pont de Nemours & Co., marked a pivotal moment in the family's ascent to wealth.

However, the family's strategic thinking extended beyond the realm of gunpowder production. In the late 19th and early 20th centuries, the Du Ponts made shrewd investments in the chemical industry and the automotive sector, further solidifying their economic position. Their involvement in these sectors not only diversified their portfolio but also provided opportunities for significant growth and expansion. The Du Pont family's leadership in the chemical industry, in particular, enabled them to capitalize on emerging technologies and trends, thereby cementing their status as one of the wealthiest families in the United States.","
Knowledge: The Du Pont family (English: /djuːˈpɒnt/)[1] is a prominent American family descended from Pierre Samuel du Pont de Nemours (1739–1817). It has been one of the richest families in the United States since the mid-19th century, when it founded its fortune in the gunpowder business. In the late 19th and early 20th centuries, it expanded its wealth through the chemical industry and the automotive industry,[2][3] with substantial interests in the DuPont company, General Motors, and various other corporations.
Long Answer: The Du Pont family made their original fortune in the gunpowder business in the mid-19th century then expanded their fortune in the late 19th and early 20th centuries through the chemical industry and the automotive industry. Interests the family used to make their fortune include the DuPont company, General Motors, and various other corporations.",0.1161616221070289,0.0173506409904105,0.0
E12370,370,13,simple,"['North Carolina Tar Heels', 'Villanova Wildcats', 'Duke Blue Devils']",Who won last years ncaa mens basketball championship?,"
The winner of last year's NCAA Men's Basketball Championship was the Virginia Cavaliers.","
Knowledge: The 2020 NCAA Division I Men's Basketball Tournament was a planned single-elimination tournament of 68 teams to determine the men's National Collegiate Athletic Association (NCAA) Division I college basketball national champion for the 2019–20 season.
Knowledge: On March 12, the tournament, as well as all other NCAA championships for the remainder of the academic season, were cancelled due to the COVID-19 pandemic in the United States, just five days before it was set to begin.
Knowledge: The 81st annual edition of the tournament began on March 19, 2019, and concluded with the championship game on April 8 at U.S. Bank Stadium in Minneapolis, Minnesota, between the Texas Tech Red Raiders and the Virginia Cavaliers, with Virginia winning 85–77 in overtime.
Knowledge: Villanova defeated Michigan in the championship game, 79–62.
Long Answer: The 2020 NCAA Division I Men's Basketball Tournament was canceled due to the COVID-19 pandemic in the United States. Winners of the NCAA Men's Basketball Championship include the Virginia Cavaliers in 2019, Villanova in 2018, the North Carolina Tar Heels in 2017, the Villanova Wildcats in 2016, and the Duke Blue Devils in 2015.",0.3334841430187225,0.0,0.0
E13370,370,57,complex,"['North Carolina Tar Heels', 'Villanova Wildcats', 'Duke Blue Devils']",Who won last years ncaa mens basketball championship?,"
The most recent NCAA Division I Men's Basketball Tournament was subsequently cancelled in 2020 due to the COVID-19 pandemic. Consequently, there was no victor declared in the tournament for that year. However, the championship was finally awarded to Villanova University in 2019, who defeated the Michigan Wolverines in the championship game, with a triumphant score of 79-62.","
Knowledge: The 2020 NCAA Division I Men's Basketball Tournament was a planned single-elimination tournament of 68 teams to determine the men's National Collegiate Athletic Association (NCAA) Division I college basketball national champion for the 2019–20 season.
Knowledge: On March 12, the tournament, as well as all other NCAA championships for the remainder of the academic season, were cancelled due to the COVID-19 pandemic in the United States, just five days before it was set to begin.
Knowledge: The 81st annual edition of the tournament began on March 19, 2019, and concluded with the championship game on April 8 at U.S. Bank Stadium in Minneapolis, Minnesota, between the Texas Tech Red Raiders and the Virginia Cavaliers, with Virginia winning 85–77 in overtime.
Knowledge: Villanova defeated Michigan in the championship game, 79–62.
Long Answer: The 2020 NCAA Division I Men's Basketball Tournament was canceled due to the COVID-19 pandemic in the United States. Winners of the NCAA Men's Basketball Championship include the Virginia Cavaliers in 2019, Villanova in 2018, the North Carolina Tar Heels in 2017, the Villanova Wildcats in 2016, and the Duke Blue Devils in 2015.",0.32518270611763,0.0032047574588556,0.0
E12371,371,10,simple,"['1993', '1994', '1986']",When was back to the future released on vhs?,"
Back to the Future was released on VHS in 1986.","
Knowledge: Back to the Future (also known as Back to the Future: The Animated Series) is a French-American animated science-fiction comedy adventure television series for television based on the live-action Back to the Future movie trilogy.[1] The show lasted two seasons, each featuring 13 episodes, and ran on CBS from September 14, 1991 to December 26, 1992 with reruns until August 14, 1993.
Knowledge: Back to the Future is a 1985 American science fiction film directed by Robert Zemeckis.
Long Answer: There was both a 1985 film and a 1991 CBS animated TV series called Back to the Future. The film Back to the Future was released on VHS in 1986. The TV show Back to the Future was first released on VHS in 1993 and last released on VHS in 1994.
Context: When the film was released on VHS in 1986, Universal added a ""To be continued..."" graphic at the end to increase awareness of production on ""Part II"". This caption is omitted on the film's DVD release in 2002 and on subsequent Blu-ray and DVD releases.",0.4358895421028137,0.0,0.3333333333333333
E13371,371,34,complex,"['1993', '1994', '1986']",When was back to the future released on vhs?,"
The release of Back to the Future on VHS was a seminal event that precipitated a heightened sense of anticipation amongst enthusiasts, as the film's home video debut occurred in the autumn of 1986.","
Knowledge: Back to the Future (also known as Back to the Future: The Animated Series) is a French-American animated science-fiction comedy adventure television series for television based on the live-action Back to the Future movie trilogy.[1] The show lasted two seasons, each featuring 13 episodes, and ran on CBS from September 14, 1991 to December 26, 1992 with reruns until August 14, 1993.
Knowledge: Back to the Future is a 1985 American science fiction film directed by Robert Zemeckis.
Long Answer: There was both a 1985 film and a 1991 CBS animated TV series called Back to the Future. The film Back to the Future was released on VHS in 1986. The TV show Back to the Future was first released on VHS in 1993 and last released on VHS in 1994.
Context: When the film was released on VHS in 1986, Universal added a ""To be continued..."" graphic at the end to increase awareness of production on ""Part II"". This caption is omitted on the film's DVD release in 2002 and on subsequent Blu-ray and DVD releases.",0.2146258950233459,0.0,0.3333333333333333
E12372,372,10,simple,"['May 4, 2012', 'the morning of May 4, 2012', 'morning of May 4, 2012', 'February 4, 2013']",When did they stop making pennies in canada?,"
They stopped making pennies in Canada on February 4, 2013.","
Knowledge: The final penny was minted at the RCM's Winnipeg, Manitoba, plant on the morning of May 4, 2012,[19] and was later entrusted to the Bank of Canada Museum in Ottawa.[20] Existing pennies will remain legal tender indefinitely;[21] however, pennies were withdrawn from circulation on February 4, 2013.
Long Answer: They last made pennies in Canada on May 4, 2012, and started melting pennies in circulation in Canada on February 4, 2013. The final penny was minted at the RCM's Winnipeg, Manitoba, plant on the morning of May 4, 2012. On February 4, 2013, pennies were withdrawn from circulation, and the Canadian Mint began melting down the estimated 35 billion pennies that are in circulation.
Context: On February 4, 2013, Google celebrated the beginning of the end for the Canadian penny with a Google Doodle. On the same day the Canadian Mint began melting down the estimated 35billion pennies that are in circulation.",0.4917631447315216,0.0446323613785333,0.25
E13372,372,172,complex,"['May 4, 2012', 'the morning of May 4, 2012', 'morning of May 4, 2012', 'February 4, 2013']",When did they stop making pennies in canada?,"
The cessation of penny production in Canada was precipitated by the decision of the Royal Canadian Mint (RCM) to discontinue the minting of pennies, which had been a ubiquitous denomination in the Canadian monetary system for over a century. This decision was implemented to reduce the costs associated with producing and maintaining the penny, as its value had diminished precipitously due to its small denomination. Specifically, on May 4, 2012, the RCM's Winnipeg, Manitoba, plant became the site of the final penny minted in Canada, thereby marking the terminus of a century-long era of penny production. However, a temporal distinction must be made between the date of cessation of production and the actual date of withdrawal from circulation. It was on February 4, 2013, that the Canadian Mint initiated the process of withdrawing pennies from circulation, thereby rendering them obsoletes. The resulting melting of the approximately 35 billion pennies that had been in circulation prior to this date effectively brought an end to the penny's existence as a functional denomination in Canada.","
Knowledge: The final penny was minted at the RCM's Winnipeg, Manitoba, plant on the morning of May 4, 2012,[19] and was later entrusted to the Bank of Canada Museum in Ottawa.[20] Existing pennies will remain legal tender indefinitely;[21] however, pennies were withdrawn from circulation on February 4, 2013.
Long Answer: They last made pennies in Canada on May 4, 2012, and started melting pennies in circulation in Canada on February 4, 2013. The final penny was minted at the RCM's Winnipeg, Manitoba, plant on the morning of May 4, 2012. On February 4, 2013, pennies were withdrawn from circulation, and the Canadian Mint began melting down the estimated 35 billion pennies that are in circulation.
Context: On February 4, 2013, Google celebrated the beginning of the end for the Canadian penny with a Google Doodle. On the same day the Canadian Mint began melting down the estimated 35billion pennies that are in circulation.",0.1785247474908828,0.003298260503721,0.5
E12373,373,9,simple,"['2', '1', '0']",How many times did miami dolphins win a superbowl?,"
The Miami Dolphins won the Super Bowl two times.","
Knowledge: The Miami Dolphins are a professional American football team based in the Miami metropolitan area.
Knowledge: Super Bowl VII was an American football game between the American Football Conference (AFC) champion Miami Dolphins and the National Football Conference (NFC) champion Washington Redskins to decide the National Football League (NFL) champion for the 1972 season. The Dolphins defeated the Redskins by the score of 14–7, and became the first and still the only team in NFL history to complete a perfect undefeated season.
Knowledge: Super Bowl VIII was an American football game between the National Football Conference (NFC) champion Minnesota Vikings and the American Football Conference (AFC) champion Miami Dolphins to decide the National Football League (NFL) champion for the 1973 season. The Dolphins defeated the Vikings by the score of 24–7 to win their second consecutive Super Bowl, the first team to do so since the Green Bay Packers in Super Bowls I and II, and the first AFL/AFC team to do so.
Long Answer: As of 1973, the Miami Dolphins have won the Super Bowl 2 times, while as of 1972 the football team had won the Super Bowl 1 time and as of 1971 had won the Super Bowl 0 times. The team won Super Bowl VIII by defeating the Minnesota Vikings 24 to 7 and won Super Bowl VII by defeating the Washington Redskins 14 to 7.",0.4628360271453857,0.0,0.0
E13373,373,105,complex,"['2', '1', '0']",How many times did miami dolphins win a superbowl?,"
A most pertinent inquiry. As of my knowledge cutoff, the Miami Dolphins have achieved a singularly impressive feat in the realm of professional American football, having successfully claimed two Super Bowl victories. Specifically, their championship conquests occurred in consecutive seasons, with Super Bowl VII serving as the inaugural title win, whereby they vanquished the Washington Redskins by a margin of 14-7, and Super Bowl VIII, wherein they decisively defeated the Minnesota Vikings by a score of 24-7, thereby perpetuating their dominance in the league. Thus, as of 1973, the Dolphins hold a distinction as one of the rare franchises to have accomplished this remarkable accomplishment.","
Knowledge: The Miami Dolphins are a professional American football team based in the Miami metropolitan area.
Knowledge: Super Bowl VII was an American football game between the American Football Conference (AFC) champion Miami Dolphins and the National Football Conference (NFC) champion Washington Redskins to decide the National Football League (NFL) champion for the 1972 season. The Dolphins defeated the Redskins by the score of 14–7, and became the first and still the only team in NFL history to complete a perfect undefeated season.
Knowledge: Super Bowl VIII was an American football game between the National Football Conference (NFC) champion Minnesota Vikings and the American Football Conference (AFC) champion Miami Dolphins to decide the National Football League (NFL) champion for the 1973 season. The Dolphins defeated the Vikings by the score of 24–7 to win their second consecutive Super Bowl, the first team to do so since the Green Bay Packers in Super Bowls I and II, and the first AFL/AFC team to do so.
Long Answer: As of 1973, the Miami Dolphins have won the Super Bowl 2 times, while as of 1972 the football team had won the Super Bowl 1 time and as of 1971 had won the Super Bowl 0 times. The team won Super Bowl VIII by defeating the Minnesota Vikings 24 to 7 and won Super Bowl VII by defeating the Washington Redskins 14 to 7.",0.1743837594985962,0.0,0.6666666666666666
E12374,374,9,simple,"['Garbiñe Muguruza', 'Ekaterina Valeryevna Makarova', 'Ekaterina Makarova', 'Elena Vesnina', 'Elena Sergeyevna Vesnina', 'Yui Kamiji', 'Jordanne Joyce Whiley MBE', 'Jordanne Joyce Whiley', 'Jordanne Whiley', 'Diede de Groot']",Who won the women's wimbledon championship 2017?,"
Garbiñe Muguruza won the women's Wimbledon championship in 2017.","
Knowledge: The 2017 Wimbledon Championships was a Grand Slam tennis tournament that took place at the All England Lawn Tennis and Croquet Club in Wimbledon, London, United Kingdom.
Knowledge: Garbiñe Muguruza Blanco (Spanish pronunciation: [ɡaɾˈβiɲe muɣuˈɾuθa ˈβlaŋko];[a] born 8 October 1993) is a Spanish professional tennis player.
Knowledge: Diede de Groot (born 19 December 1996) is a Dutch wheelchair tennis player.
Long Answer: There were a number of winners at the 2017 Wimbledon Championships tennis tournament. Spanish tennis player Garbiñe Muguruza won the women's singles, and Dutch wheelchair tennis player Diede de Groot won the wheelchair women's singles. Russia's Ekaterina Makarova and Ukraine's Elena Vesnina won women's doubles, and Japan's Yui Kamiji and Britain's Jordanne Whiley won the wheelchair women's doubles.
Context: Garbiñe Muguruza won her second Grand Slam singles title, defeating Venus Williams in the final, 7–5, 6–0 to win the Ladies' Singles tennis title at the 2017 Wimbledon Championships. Muguruza became the second Spanish woman to win Wimbledon after Conchita Martínez in 1994. Muguruza also became the first player to defeat both Williams sisters in Grand Slam singles finals. Serena Williams was the two-time defending champion, but did not participate this year due to .
Context: Diede de Groot defeated Sabine Ellerbrock in the final, 6–0, 6–4 to win the Wheelchair Women's Singles tennis title at the 2017 Wimbledon Championships.",0.3005260527133941,0.0507121533694655,0.1
E13374,374,73,complex,"['Garbiñe Muguruza', 'Ekaterina Valeryevna Makarova', 'Ekaterina Makarova', 'Elena Vesnina', 'Elena Sergeyevna Vesnina', 'Yui Kamiji', 'Jordanne Joyce Whiley MBE', 'Jordanne Joyce Whiley', 'Jordanne Whiley', 'Diede de Groot']",Who won the women's wimbledon championship 2017?,"
The women's singles title at the 2017 Wimbledon Championships was won by Garbiñe Muguruza, a Spanish professional tennis player. Specifically, she triumphed over her opponent, Venus Williams, in a closely contested match, prevailing with a score of 7–5, 6–0 to emerge victorious and secure the coveted championship. This triumph marked a triumphant culmination of Muguruza's exceptional prowess on the court, solidifying her position as a leading figure in the world of women's tennis.","
Knowledge: The 2017 Wimbledon Championships was a Grand Slam tennis tournament that took place at the All England Lawn Tennis and Croquet Club in Wimbledon, London, United Kingdom.
Knowledge: Garbiñe Muguruza Blanco (Spanish pronunciation: [ɡaɾˈβiɲe muɣuˈɾuθa ˈβlaŋko];[a] born 8 October 1993) is a Spanish professional tennis player.
Knowledge: Diede de Groot (born 19 December 1996) is a Dutch wheelchair tennis player.
Long Answer: There were a number of winners at the 2017 Wimbledon Championships tennis tournament. Spanish tennis player Garbiñe Muguruza won the women's singles, and Dutch wheelchair tennis player Diede de Groot won the wheelchair women's singles. Russia's Ekaterina Makarova and Ukraine's Elena Vesnina won women's doubles, and Japan's Yui Kamiji and Britain's Jordanne Whiley won the wheelchair women's doubles.
Context: Garbiñe Muguruza won her second Grand Slam singles title, defeating Venus Williams in the final, 7–5, 6–0 to win the Ladies' Singles tennis title at the 2017 Wimbledon Championships. Muguruza became the second Spanish woman to win Wimbledon after Conchita Martínez in 1994. Muguruza also became the first player to defeat both Williams sisters in Grand Slam singles finals. Serena Williams was the two-time defending champion, but did not participate this year due to .
Context: Diede de Groot defeated Sabine Ellerbrock in the final, 6–0, 6–4 to win the Wheelchair Women's Singles tennis title at the 2017 Wimbledon Championships.",0.1821973621845245,0.0024874082113819,0.1
E12375,375,19,simple,"['South Carolina', 'Charles Lee and William Moultrie']",Who won the battle of sullivan's island?,"
The South Carolina soldiers, led by General William Moultrie and General Charles Lee, won the Battle of Sullivan's Island.","
Knowledge: Charles Henry Lee (6 February 1732 [O.S. 26 January 1731] – 2 October 1782) served as a general of the Continental Army during the American Revolutionary War.
Knowledge: William Moultrie (/ˈmuːltriː/; November 23, 1730 – September 27, 1805) was a South Carolina planter and politician who became a general in the American Revolutionary War.
Knowledge: The Battle of Sullivan's Island or the battle of Fort Sullivan was fought on June 28, 1776, during the American Revolutionary War.
Long Answer: The side of South Carolina and leaders Charles Lee and William Moultrie won the battle of Sullivan's Island during the American Revolutionary War. Lee served as a general of the Continental Army during the American Revolutionary War, and Moultrie was a South Carolina planter and politician who became a general in the same war.",0.3970213532447815,0.0337012926467314,0.5
E13375,375,107,complex,"['South Carolina', 'Charles Lee and William Moultrie']",Who won the battle of sullivan's island?,"
The Battle of Sullivan's Island, a pivotal engagement that transpired on June 28, 1776, was a resounding victory for the forces of South Carolina, with General Charles Lee and General William Moultrie emerging triumphant. The decisive outcome of this skirmish was a testament to the exemplary leadership and tactical acumen of these distinguished military commanders, who skillfully exploited the terrain and leveraged their strategic advantages to vanquish the adversary. The valiant defense of Fort Sullivan by the defenders, bolstered by the courageous actions of General Moultrie, served to thwart the invading forces' attempts to breach the fortified stronghold, thus securing a hard-won victory for the South Carolinians.","
Knowledge: Charles Henry Lee (6 February 1732 [O.S. 26 January 1731] – 2 October 1782) served as a general of the Continental Army during the American Revolutionary War.
Knowledge: William Moultrie (/ˈmuːltriː/; November 23, 1730 – September 27, 1805) was a South Carolina planter and politician who became a general in the American Revolutionary War.
Knowledge: The Battle of Sullivan's Island or the battle of Fort Sullivan was fought on June 28, 1776, during the American Revolutionary War.
Long Answer: The side of South Carolina and leaders Charles Lee and William Moultrie won the battle of Sullivan's Island during the American Revolutionary War. Lee served as a general of the Continental Army during the American Revolutionary War, and Moultrie was a South Carolina planter and politician who became a general in the same war.",0.109356552362442,0.0109796894313378,0.5
E12376,376,11,simple,"['Robert Thomas Velline', 'Bobby Vee', 'Vee', 'The Johnny Mann Singers']",Who sang take good care of my baby in 1961?,"
Bobby Vee sang ""Take Good Care of My Baby"" in 1961.","
Knowledge: Robert Thomas Velline (April 30, 1943 – October 24, 2016), known professionally as Bobby Vee, was an American singer, songwriter, and musician who was a teen idol in the early 1960s and also appeared in films.
Knowledge: The song was made famous by Bobby Vee,[2] when it was released in 1961.
Long Answer: Bobby Vee sang lead vocal and The Johnny Mann Singers sang backup for the song Take Good Care of My Baby in 1961. The song was made famous by Vee, who released it as a single on July 20, 1961. Vee was an American singer, songwriter, and musician who was a teen idol in the early 1960s and also appeared in films.
Context: Bobby Vee released ""Take Good Care of My Baby"" as a single on July 20, 1961, and it was reviewed by ""Billboard"" in its issue dated July 31, 1961. Vee's recording quickly became popular, spending 15 weeks on the U.S. ""Billboard"" Hot 100, reaching No. 1 on September 21, 1961, and spending three weeks in that position. The song became a major hit internationally as well, reaching No. 1 in Canada, New Zealand, and the United Kingdom.
Context: Among the musicians on the record were Barney Kessel, Tommy Allsup, and Howard Roberts on guitar, Clifford Hills on bass, Robert Florence on piano, and Earl Palmer on drums, while Sid Sharp did the string arrangements. The Johnny Mann Singers sang backup.",0.3831925988197326,0.0398635712826801,0.5
E13376,376,190,complex,"['Robert Thomas Velline', 'Bobby Vee', 'Vee', 'The Johnny Mann Singers']",Who sang take good care of my baby in 1961?,"
In 1961, the song ""Take Good Care of My Baby"" was a paradigmatic exemplar of Bobby Vee's burgeoning musical career, catapulting him to prominence as a teen idol of the era. Vee's own rendition of the song, released on July 20, 1961, was a resounding success, captivating the imagination of the public and propelling it to the pinnacle of the US Billboard Hot 100 chart, where it held a remarkable 15 weeks of continuous chart presence. This achievement marked a watershed moment in Vee's professional trajectory, showcasing his remarkable vocal talents and cementing his status as a household name in the music industry. The song's international recognition was equally impressive, as it ascended to the top echelons of the charts in Canada, New Zealand, and the United Kingdom, solidifying Vee's status as a global musical sensation. Notably, the recording was accompanied by a veritable constellation of virtuosic musicians, including Barney Kessel on guitar, Tommy Allsup, and Howard Roberts on guitar, Clifford Hills on bass, Robert Florence on piano, and Earl Palmer on drums, while the inimitable Sid Sharp executed the string arrangements, and the Johnny Mann Singers rendered backup vocals.","
Knowledge: Robert Thomas Velline (April 30, 1943 – October 24, 2016), known professionally as Bobby Vee, was an American singer, songwriter, and musician who was a teen idol in the early 1960s and also appeared in films.
Knowledge: The song was made famous by Bobby Vee,[2] when it was released in 1961.
Long Answer: Bobby Vee sang lead vocal and The Johnny Mann Singers sang backup for the song Take Good Care of My Baby in 1961. The song was made famous by Vee, who released it as a single on July 20, 1961. Vee was an American singer, songwriter, and musician who was a teen idol in the early 1960s and also appeared in films.
Context: Bobby Vee released ""Take Good Care of My Baby"" as a single on July 20, 1961, and it was reviewed by ""Billboard"" in its issue dated July 31, 1961. Vee's recording quickly became popular, spending 15 weeks on the U.S. ""Billboard"" Hot 100, reaching No. 1 on September 21, 1961, and spending three weeks in that position. The song became a major hit internationally as well, reaching No. 1 in Canada, New Zealand, and the United Kingdom.
Context: Among the musicians on the record were Barney Kessel, Tommy Allsup, and Howard Roberts on guitar, Clifford Hills on bass, Robert Florence on piano, and Earl Palmer on drums, while Sid Sharp did the string arrangements. The Johnny Mann Singers sang backup.",0.2724815309047699,0.0055525387269792,0.75
E12377,377,45,simple,"['Joseph Mascolo', 'Frank Fata', 'Joseph Mascolo', 'Joseph Peter Mascolo', 'Davide Shiavone', 'Stephen Nichols']",Who is the actor that plays stefan on days of our lives?,"
The actor who plays Stefano on Days of Our Lives is Joseph Mascolo, but he played Stefano. The actor who plays Stefan (Stefano is spelled slightly differently) is not well-known in the same way, however, the actor Stephen Nichols played Stefan DiMera, Stefano's twin brother.","
Knowledge: Days of Our Lives (also stylized as Days of our Lives; simply referred to as Days or DOOL) is an American television daytime soap opera broadcast on NBC.
Long Answer: Several actors have played Stefano on Days of Our Lives, including musician and dramatic actor Joseph Mascolo, who played Stefano from 1982 to 1988 and from 1993 to 2016. Mascolo was best known for playing supervillain Stefano DiMera, a role he originated in 1982 on the NBC soap opera. Actors Frank Fata and Davide Shiavone played Stefano on the soap opera in 1991 and 2007, respectively, while actor Stephen Nichols played Stefano after 2019.
Context: Joseph Peter Mascolo (March 13, 1929 – December 8, 2016) was an American musician and dramatic actor. During his long career, he acted in numerous motion pictures and television series. He was best known for playing supervillain Stefano DiMera, a role he originated in 1982 on NBC's ""Days of Our Lives"".",0.2413915991783142,0.0095704989427635,0.4
E13377,377,101,complex,"['Joseph Mascolo', 'Frank Fata', 'Joseph Mascolo', 'Joseph Peter Mascolo', 'Davide Shiavone', 'Stephen Nichols']",Who is the actor that plays stefan on days of our lives?,"
The character of Stefan DiMera, commonly referred to as Stefan, on the NBC daytime soap opera ""Days of Our Lives"" has been portrayed by several actors throughout the series' history. Notably, Joseph Peter Mascolo, a renowned musician and dramatic actor, initially took on this role in 1982, where he delivered a masterful performance as the diabolical Stefan, solidifying the character's place in the show's narrative. Subsequently, Frank Fata and Davide Shiavone briefly assumed the role in 1991 and 2007, respectively. Conversely, Stephen Nichols has been associated with the character since 2019, bringing a new layer of complexity to the storied persona.","
Knowledge: Days of Our Lives (also stylized as Days of our Lives; simply referred to as Days or DOOL) is an American television daytime soap opera broadcast on NBC.
Long Answer: Several actors have played Stefano on Days of Our Lives, including musician and dramatic actor Joseph Mascolo, who played Stefano from 1982 to 1988 and from 1993 to 2016. Mascolo was best known for playing supervillain Stefano DiMera, a role he originated in 1982 on the NBC soap opera. Actors Frank Fata and Davide Shiavone played Stefano on the soap opera in 1991 and 2007, respectively, while actor Stephen Nichols played Stefano after 2019.
Context: Joseph Peter Mascolo (March 13, 1929 – December 8, 2016) was an American musician and dramatic actor. During his long career, he acted in numerous motion pictures and television series. He was best known for playing supervillain Stefano DiMera, a role he originated in 1982 on NBC's ""Days of Our Lives"".",0.3472251892089844,0.0075594784542333,0.8
E12378,378,12,simple,"['20 June 1941', '1 April 1918']",When did army air corps become air force?,"
The Army Air Corps became an Air Force on April 1, 1918.","
Knowledge: The Royal Flying Corps (RFC) was the air arm of the British Army before and during the First World War until it merged with the Royal Naval Air Service on 1 April 1918 to form the Royal Air Force.
Knowledge: The United States of America (U.S.A. or USA), commonly known as the United States (U.S. or US) or America, is a country primarily located in North America.
Long Answer: There are several army air corps that became air forces. The United States Army Air Corps became the United States Army Air Forces on 20 June 1941. The UK army air corps became the air force on 1 April 1918, the day the Royal Flying Corps, the air arm of the British Army before and during the First World War, became the Royal Air Force when it merged with the Royal Naval Air Service.
Context: The United States Army Air Corps (USAAC) was the aerial warfare service component of the United States Army between 1926 and 1941. After World War I, as early aviation became an increasingly important part of modern warfare, a philosophical rift developed between more traditional ground-based army personnel and those who felt that aircraft were being underutilized and that air operations were being stifled for political reasons unrelated to their effectiveness. The USAAC was renamed from the earlier United States Army Air Service on 2 July 1926, and was part of the larger United States Army. The Air Corps became the United States Army Air Forces (USAAF) on 20 June 1941, giving it greater autonomy from the Army's middle-level command structure. During World War II, although not an administrative echelon, the Air Corps (AC) remained as one of the combat arms of the Army until 1947, when it was legally abolished by legislation establishing the Department of the Air Force.",0.4444824457168579,0.0170331860376392,0.0
E13378,378,133,complex,"['20 June 1941', '1 April 1918']",When did army air corps become air force?,"
The re-designation of the Army Air Corps to an Air Force was a pivotal event that signifies a paradigmatic shift in the organizational structure of the United States military. Specifically, the transformation took place on 20 June 1941, wherein the Army Air Corps was subsequently rebranded as the United States Army Air Forces (USAAF). This paradigmatic shift was precipitated by the Army Air Corps' increasing autonomy and growing significance within the broader military context, as well as the exigencies of World War II, which underscored the importance of air power in modern warfare. Consequently, the re-designation of the Army Air Corps to the United States Army Air Forces represented a deliberate attempt to institutionalize the air force as a separate, autonomous branch of the military, thereby affording it greater operational and administrative independence.","
Knowledge: The Royal Flying Corps (RFC) was the air arm of the British Army before and during the First World War until it merged with the Royal Naval Air Service on 1 April 1918 to form the Royal Air Force.
Knowledge: The United States of America (U.S.A. or USA), commonly known as the United States (U.S. or US) or America, is a country primarily located in North America.
Long Answer: There are several army air corps that became air forces. The United States Army Air Corps became the United States Army Air Forces on 20 June 1941. The UK army air corps became the air force on 1 April 1918, the day the Royal Flying Corps, the air arm of the British Army before and during the First World War, became the Royal Air Force when it merged with the Royal Naval Air Service.
Context: The United States Army Air Corps (USAAC) was the aerial warfare service component of the United States Army between 1926 and 1941. After World War I, as early aviation became an increasingly important part of modern warfare, a philosophical rift developed between more traditional ground-based army personnel and those who felt that aircraft were being underutilized and that air operations were being stifled for political reasons unrelated to their effectiveness. The USAAC was renamed from the earlier United States Army Air Service on 2 July 1926, and was part of the larger United States Army. The Air Corps became the United States Army Air Forces (USAAF) on 20 June 1941, giving it greater autonomy from the Army's middle-level command structure. During World War II, although not an administrative echelon, the Air Corps (AC) remained as one of the combat arms of the Army until 1947, when it was legally abolished by legislation establishing the Department of the Air Force.",0.1677035689353943,0.0028598775851164,0.5
E12379,379,18,simple,"['Chase Center', 'San Francisco, California', 'San Francisco', 'California', 'Chase Center']",Where are the golden state warriors located at?,"
The Golden State Warriors are located in San Francisco. They play their home games in the Chase Center.","
Long Answer: The Golden State Warriors are an American professional basketball team based in San Francisco. The Warriors compete in the National Basketball Association (NBA), as a member of the league's Western Conference Pacific Division. Founded in 1946 in Philadelphia, the Warriors moved to the San Francisco Bay Area in 1962 and took the city's name, before changing its geographic moniker to Golden State in 1971. They play their home games at the Chase Center.
Context: In April 2014, the Warriors began the purchase process for a 12-acre (4.9 ha) site in Mission Bay, San Francisco, to hold a new 18,000-seat arena, which was expected to be ready beginning with the 2019–20 NBA season. The location was selected after an original proposal to construct the arena on Piers 30 and 32, just south of the Bay Bridge, met with vocal opposition due to concerns about traffic, environmental impacts and obstruction of views. The new location, which still faced some vocal opposition in San Francisco, eliminated the need for voter approval as required with the original site. The move also elicited criticism due to the perceived alienation of a loyal fanbase in Oakland. The sale was finalized in October 2015 and naming rights were sold to JPMorgan Chase for the arena to be called the Chase Center. Although the Warriors considered a name change, possibly returning to their former name of San Francisco Warriors, it was ultimately decided that they would remain the Golden State Warriors upon their return to San Francisco. The Warriors played their first regular season game at Chase Center on October 24, 2019, in a 141–122 loss to the Los Angeles Clippers.
Context: The Golden State Warriors are an American professional basketball team based in San Francisco. The Warriors compete in the National Basketball Association (NBA), as a member of the league's Western Conference Pacific Division. Founded in 1946 in Philadelphia, the Warriors moved to the San Francisco Bay Area in 1962 and took the city's name, before changing its geographic moniker to Golden State in 1971. They play their home games at the Chase Center.",0.5129579901695251,0.0128461897267677,0.5
E13379,379,133,complex,"['Chase Center', 'San Francisco, California', 'San Francisco', 'California', 'Chase Center']",Where are the golden state warriors located at?,"
The Golden State Warriors are situated in the esteemed city of San Francisco, situated in the scenic San Francisco Bay Area of California. Specifically, the team's territorial boundaries encompass the sprawling metropolis of San Francisco, which is characterized by its picturesque vistas, iconic landmarks, and a rich cultural heritage. The Warriors' domicile, the Chase Center, is strategically located in the Mission Bay district, an area that has undergone significant revitalization in recent years. This state-of-the-art venue has become an integral part of the San Francisco sports landscape, serving as the team's primary home arena for their games and events. The Warriors' relocation to this esteemed location in 2019 marked a new chapter in the team's storied history, as they solidified their position as a West Coast staple in the National Basketball Association (NBA).","
Long Answer: The Golden State Warriors are an American professional basketball team based in San Francisco. The Warriors compete in the National Basketball Association (NBA), as a member of the league's Western Conference Pacific Division. Founded in 1946 in Philadelphia, the Warriors moved to the San Francisco Bay Area in 1962 and took the city's name, before changing its geographic moniker to Golden State in 1971. They play their home games at the Chase Center.
Context: In April 2014, the Warriors began the purchase process for a 12-acre (4.9 ha) site in Mission Bay, San Francisco, to hold a new 18,000-seat arena, which was expected to be ready beginning with the 2019–20 NBA season. The location was selected after an original proposal to construct the arena on Piers 30 and 32, just south of the Bay Bridge, met with vocal opposition due to concerns about traffic, environmental impacts and obstruction of views. The new location, which still faced some vocal opposition in San Francisco, eliminated the need for voter approval as required with the original site. The move also elicited criticism due to the perceived alienation of a loyal fanbase in Oakland. The sale was finalized in October 2015 and naming rights were sold to JPMorgan Chase for the arena to be called the Chase Center. Although the Warriors considered a name change, possibly returning to their former name of San Francisco Warriors, it was ultimately decided that they would remain the Golden State Warriors upon their return to San Francisco. The Warriors played their first regular season game at Chase Center on October 24, 2019, in a 141–122 loss to the Los Angeles Clippers.
Context: The Golden State Warriors are an American professional basketball team based in San Francisco. The Warriors compete in the National Basketball Association (NBA), as a member of the league's Western Conference Pacific Division. Founded in 1946 in Philadelphia, the Warriors moved to the San Francisco Bay Area in 1962 and took the city's name, before changing its geographic moniker to Golden State in 1971. They play their home games at the Chase Center.",0.1050238385796547,0.0040444776675985,0.75
E12380,380,49,simple,"['Verdigris', 'copper green']",What shade of green is the statue of liberty?,"
The Statue of Liberty is green because it got a special kind of skin called a green patina. This happens when the copper inside the statue starts to turn green because it gets old and wears out. It's like when you leave a penny outside and it turns green!","
Knowledge: The Statue of Liberty (Liberty Enlightening the World; French: La Liberté éclairant le monde) is a colossal neoclassical sculpture on Liberty Island in New York Harbor within New York City, in the United States.
Knowledge: The Statue of Liberty, or Lady Liberty, is a replica of the Statue of Liberty (Liberty Enlightening the World) installed at Seattle's Alki Beach Park, in the U.S. state of Washington.
Knowledge: The original statue was constructed using stamped copper sheets and was repeatedly damaged by vandals.[5]
Knowledge: The old statue was removed in July 2006 and sent to a foundry in Tacoma to be re-cast in bronze and painted copper green.[5]
Long Answer: The Statue of Liberty (Liberty Enlightening the World) is a colossal neoclassical sculpture on Liberty Island in New York City. Originally, the statue was a dull copper color, but shortly after 1900 a green patina, also called verdigris, caused by the oxidation of the copper skin, began to spread. Congress authorized for various repairs and to paint the statue both inside and out but there was considerable public protest against the proposed exterior painting. The Statue of Liberty, or Lady Liberty, is a replica of the Statue of Liberty (Liberty Enlightening the World) installed at Seattle's Alki Beach Park, in the U.S. state of Washington. The original statue was constructed using stamped copper sheets but due to damage by vandals it was sent to a foundry in Tacoma where it was painted copper green.
Context: Originally, the statue was a dull copper color, but shortly after 1900 a green patina, also called verdigris, caused by the oxidation of the copper skin, began to spread. As early as 1902 it was mentioned in the press; by 1906 it had entirely covered the statue. Believing that the patina was evidence of corrosion, Congress authorized for various repairs, and to paint the statue both inside and out. There was considerable public protest against the proposed exterior painting. The Army Corps of Engineers studied the patina for any ill effects to the statue and concluded that it protected the skin, ""softened the outlines of the Statue and made it beautiful."" The statue was painted only on the inside. The Corps of Engineers also installed an elevator to take visitors from the base to the top of the pedestal.",0.0780292525887489,0.0044533235276909,0.0
E13380,380,20,complex,"['Verdigris', 'copper green']",What shade of green is the statue of liberty?,"
The Statue of Liberty's patina, also referred to as verdigris, has been observed to manifest a distinct chlorinated copper hue.","
Knowledge: The Statue of Liberty (Liberty Enlightening the World; French: La Liberté éclairant le monde) is a colossal neoclassical sculpture on Liberty Island in New York Harbor within New York City, in the United States.
Knowledge: The Statue of Liberty, or Lady Liberty, is a replica of the Statue of Liberty (Liberty Enlightening the World) installed at Seattle's Alki Beach Park, in the U.S. state of Washington.
Knowledge: The original statue was constructed using stamped copper sheets and was repeatedly damaged by vandals.[5]
Knowledge: The old statue was removed in July 2006 and sent to a foundry in Tacoma to be re-cast in bronze and painted copper green.[5]
Long Answer: The Statue of Liberty (Liberty Enlightening the World) is a colossal neoclassical sculpture on Liberty Island in New York City. Originally, the statue was a dull copper color, but shortly after 1900 a green patina, also called verdigris, caused by the oxidation of the copper skin, began to spread. Congress authorized for various repairs and to paint the statue both inside and out but there was considerable public protest against the proposed exterior painting. The Statue of Liberty, or Lady Liberty, is a replica of the Statue of Liberty (Liberty Enlightening the World) installed at Seattle's Alki Beach Park, in the U.S. state of Washington. The original statue was constructed using stamped copper sheets but due to damage by vandals it was sent to a foundry in Tacoma where it was painted copper green.
Context: Originally, the statue was a dull copper color, but shortly after 1900 a green patina, also called verdigris, caused by the oxidation of the copper skin, began to spread. As early as 1902 it was mentioned in the press; by 1906 it had entirely covered the statue. Believing that the patina was evidence of corrosion, Congress authorized for various repairs, and to paint the statue both inside and out. There was considerable public protest against the proposed exterior painting. The Army Corps of Engineers studied the patina for any ill effects to the statue and concluded that it protected the skin, ""softened the outlines of the Statue and made it beautiful."" The statue was painted only on the inside. The Corps of Engineers also installed an elevator to take visitors from the base to the top of the pedestal.",0.1923244893550872,0.0096299436141881,0.5
E12381,381,9,simple,"['September 23, 2017', 'March 25, 2017', 'September 24, 2016']",When does the new episodes of ghost adventures start?,"
The new episodes of Ghost Adventures are on Discovery+.","
Knowledge: Ghost Adventures is an American paranormal and reality television series that premiered on October 17, 2008, on the Travel Channel before moving to Discovery+ in 2021.
Knowledge: The program follows ghost hunters Zak Bagans, Nick Groff, Aaron Goodwin, Billy Tolley, and Jay Wasley as they investigate locations that are reported to be haunted.
Long Answer: Ghost Adventures is an American paranormal and reality television series that premiered on October 17, 2008 on the Travel Channel before moving to Discovery+ in 2021. The program follows ghost hunters as they investigate locations that are reported to be haunted. Season 13 of Ghost Hunters started on September 24, 2016, season 14 started on March 25, 2017, and season 15 started on September 23, 2017.",0.2008551508188247,0.0,0.0
E13381,381,184,complex,"['September 23, 2017', 'March 25, 2017', 'September 24, 2016']",When does the new episodes of ghost adventures start?,"
Unfortunately, I am not privy to the most current information regarding the premiere dates of new episodes of the paranormal reality series ""Ghost Adventures."" However, I can provide some insight into the show's recent broadcasting schedule.

In 2021, the program shifted its broadcast home to Discovery+; a significant change from its previous affiliation with the Travel Channel. It is possible that the new episodes of ""Ghost Adventures"" are being produced and aired on Discovery+, but I am not aware of a specific release date or schedule for new episodes.

To procure the most current and accurate information regarding the release of new episodes, I recommend consulting the Discovery+ website or contacting their customer service department. They would be able to provide the most up-to-date information on the show's broadcast schedule and any forthcoming episodes.

In the interim, it is worth noting that the original ""Ghost Hunters"" series, which was a precursor to the show's current iteration, concluded its run in 2012. The revamped series, now titled ""Ghost Adventures,"" has been ongoing since 2008, with various locations and investigating teams being featured throughout its run.","
Knowledge: Ghost Adventures is an American paranormal and reality television series that premiered on October 17, 2008, on the Travel Channel before moving to Discovery+ in 2021.
Knowledge: The program follows ghost hunters Zak Bagans, Nick Groff, Aaron Goodwin, Billy Tolley, and Jay Wasley as they investigate locations that are reported to be haunted.
Long Answer: Ghost Adventures is an American paranormal and reality television series that premiered on October 17, 2008 on the Travel Channel before moving to Discovery+ in 2021. The program follows ghost hunters as they investigate locations that are reported to be haunted. Season 13 of Ghost Hunters started on September 24, 2016, season 14 started on March 25, 2017, and season 15 started on September 23, 2017.",-0.0137389041483402,0.0,0.0
E12382,382,11,simple,"['Audrey Jr.', 'Audrey II', 'Audrey II']",What was the name of the plant from little shop of horrors?,"
The plant from Little Shop of Horrors was called Audrey II.","
Knowledge: The Little Shop of Horrors is a 1960 American horror comedy film directed by Roger Corman. Written by Charles B. Griffith, the film is a farce about an inadequate florist's assistant who cultivates a plant that feeds on human blood.
Knowledge: The film's popularity slowly grew with local television broadcasts throughout the 1960s and 1970s.[18] Interest in the film was rekindled when a stage musical called Little Shop of Horrors was produced in 1982.[9] It was based on the original film and was itself adapted to cinema as Little Shop of Horrors in 1986, and with another feature film remake announced in 2020.[42]
Long Answer: The Little Shop of Horrors is a 1960 American horror comedy film directed by Roger Corman. The film is a farce about an inadequate florist's assistant who cultivates a plant that feeds on human blood. The film's popularity slowly grew with local television broadcasts throughout the 1960s and 1970s. Interest in the film was rekindled when a stage musical called Little Shop of Horrors was produced in 1982. It was based on the original film and was itself adapted to cinema as Little Shop of Horrors in 1986. In the 1960 film, the plant is named Audrey Jr. In the musical and the 1986 film, the plant is named Audrey II.
Context: Penny-pinching Gravis Mushnick owns a florist shop which is staffed by himself and his two employees, the sweet Audrey Fulquard and clumsy Seymour Krelboyne. The rundown shop gets little business. When Seymour fouls up the arrangement of Dr. Farb, a sadistic dentist, Mushnick fires him. Hoping Mushnick will change his mind, Seymour tells him about a special plant that he has grown from seeds he got from a ""Japanese gardener over on Central Avenue."" Seymour admits that he named the plant ""Audrey Jr."", a revelation that delights the real Audrey.
Context: In the musical, the sadistic dentist, Orin Scrivello, is killed by suffocation from laughing gas instead of being stabbed with a dental instrument as in the film. His abusive relationship with Audrey is added to the musical to give Seymour a motive to kill him. In the film, Seymour murders several innocent bystanders, and Mushnik tricks a thief into looking for money inside the plant, which eats the thief. In the musical, Seymour tricks Mushnik in the same way when Mushnik plans to turn Seymour over to the police. The two neighborhood girls in the film are replaced in the musical by a chorus of three street urchins: Crystal, Chiffon and Ronette, named after (and reminiscent of) girl groups of the 1960s. The plant is named ""Audrey II"" in the musical, rather than the film's ""Audrey Junior"", and instead of being a crossbreed of a butterwort and a Venus Flytrap, in the musical it is a creature from outer space intent on taking over the world.
Context: Little Shop of Horrors is a 1986 American horror comedy musical film directed by Frank Oz. It is a film adaptation of the off-Broadway musical comedy of the same name by composer Alan Menken and writer Howard Ashman, which in turn was based on the 1960 film ""The Little Shop of Horrors"", directed by Roger Corman, about a geeky florist shop worker who finds out his Venus flytrap can speak. The film stars Rick Moranis, Ellen Greene, Vincent Gardenia, Steve Martin, and Levi Stubbs as the voice of Audrey II. The film also featured special appearances by Jim Belushi, John Candy, Christopher Guest and Bill Murray. It was produced by David Geffen through The Geffen Company and released by Warner Bros. on December 19, 1986.",0.2566410303115845,0.0188503190227473,0.5
E13382,382,146,complex,"['Audrey Jr.', 'Audrey II', 'Audrey II']",What was the name of the plant from little shop of horrors?,"
The verdant monstrosity that served as the central plot device in the narrative of ""The Little Shop of Horrors"" was christened ""Audrey II"" in its various iterations, including the 1986 film adaptation. In the original 1960 cinematic manifestation, the plant was denominated ""Audrey Jr."" However, it is worth noting that in the 1960 version, the flora was not, in fact, an autonomous entity with a voracious appetite for human viscera, but rather a carnivorous plant whose feeding habits were limited to the humble flies and other insects that served as its sustenance.

In contrast, the 1986 adaptation amplified the plant's malevolence, elevating it to a sentient, carnivorous entity that insatiably craved human blood to satiate its insatiable hunger. This revision further solidified the plant's notoriety, transforming it into an object of morbid fascination for the protagonists and an embodiment of the destructive power of unchecked desire.","
Knowledge: The Little Shop of Horrors is a 1960 American horror comedy film directed by Roger Corman. Written by Charles B. Griffith, the film is a farce about an inadequate florist's assistant who cultivates a plant that feeds on human blood.
Knowledge: The film's popularity slowly grew with local television broadcasts throughout the 1960s and 1970s.[18] Interest in the film was rekindled when a stage musical called Little Shop of Horrors was produced in 1982.[9] It was based on the original film and was itself adapted to cinema as Little Shop of Horrors in 1986, and with another feature film remake announced in 2020.[42]
Long Answer: The Little Shop of Horrors is a 1960 American horror comedy film directed by Roger Corman. The film is a farce about an inadequate florist's assistant who cultivates a plant that feeds on human blood. The film's popularity slowly grew with local television broadcasts throughout the 1960s and 1970s. Interest in the film was rekindled when a stage musical called Little Shop of Horrors was produced in 1982. It was based on the original film and was itself adapted to cinema as Little Shop of Horrors in 1986. In the 1960 film, the plant is named Audrey Jr. In the musical and the 1986 film, the plant is named Audrey II.
Context: Penny-pinching Gravis Mushnick owns a florist shop which is staffed by himself and his two employees, the sweet Audrey Fulquard and clumsy Seymour Krelboyne. The rundown shop gets little business. When Seymour fouls up the arrangement of Dr. Farb, a sadistic dentist, Mushnick fires him. Hoping Mushnick will change his mind, Seymour tells him about a special plant that he has grown from seeds he got from a ""Japanese gardener over on Central Avenue."" Seymour admits that he named the plant ""Audrey Jr."", a revelation that delights the real Audrey.
Context: In the musical, the sadistic dentist, Orin Scrivello, is killed by suffocation from laughing gas instead of being stabbed with a dental instrument as in the film. His abusive relationship with Audrey is added to the musical to give Seymour a motive to kill him. In the film, Seymour murders several innocent bystanders, and Mushnik tricks a thief into looking for money inside the plant, which eats the thief. In the musical, Seymour tricks Mushnik in the same way when Mushnik plans to turn Seymour over to the police. The two neighborhood girls in the film are replaced in the musical by a chorus of three street urchins: Crystal, Chiffon and Ronette, named after (and reminiscent of) girl groups of the 1960s. The plant is named ""Audrey II"" in the musical, rather than the film's ""Audrey Junior"", and instead of being a crossbreed of a butterwort and a Venus Flytrap, in the musical it is a creature from outer space intent on taking over the world.
Context: Little Shop of Horrors is a 1986 American horror comedy musical film directed by Frank Oz. It is a film adaptation of the off-Broadway musical comedy of the same name by composer Alan Menken and writer Howard Ashman, which in turn was based on the 1960 film ""The Little Shop of Horrors"", directed by Roger Corman, about a geeky florist shop worker who finds out his Venus flytrap can speak. The film stars Rick Moranis, Ellen Greene, Vincent Gardenia, Steve Martin, and Levi Stubbs as the voice of Audrey II. The film also featured special appearances by Jim Belushi, John Candy, Christopher Guest and Bill Murray. It was produced by David Geffen through The Geffen Company and released by Warner Bros. on December 19, 1986.",-0.0610952861607074,0.0,1.0
E12383,383,7,simple,"['May 1993', 'July 2000', '31 march 2007', '4 February 2014']",When did the mercedes c class come out?,"
The Mercedes C-Class came out in 1993.","
Long Answer: The Mercedes-Benz C-Class is a line of compact executive cars produced by Daimler AG. Introduced in 1993 as a replacement for the 190 (W201) range, the C-Class was the smallest model in the marque's line-up until the W168 A-Class arrived in 1997. In May 1993, the first generation W202 C-Class was introduced as a replacement for the 190. The second generation (W203) rolled off the assembly line in July 2000. The W204 came out on 31 March 2007 and the W205 came out on 4 February 2014.
Context: In October 1986, three years into Mercedes-Benz W201 (190)'s production run, work began on a successor. Design work began in 1987, with the final design by Murat Günak selected in 1989 and the production design by Olivier Boulay delayed in January 1990, finally being patented on 19 December 1990. Rough prototypes went into testing in 1989, with first production design prototypes commencing trial in 1990. In May 1993, the first generation W202 C-Class was introduced as a replacement for the 190. The C-Class sedan was the company's entry-level model up until 1997 when Mercedes launched the A-Class. Styling themes were carried over from the previous W201 series, but the new series had a smoother and rounder design than the last generation of compact Mercedes, with styling cues from the W124 E-Class (short, high trunk and taller tail lights), W140 S-Class (front end), and R129 SL-Class (headlights).
Context: The Mercedes-Benz C-Class is a line of compact executive cars produced by Daimler AG. Introduced in 1993 as a replacement for the 190 (W201) range, the C-Class was the smallest model in the marque's line-up until the W168 A-Class arrived in 1997. The C-Class built at Mercedes-Benz factories in Sindelfingen and Bremen, Germany as well as numerous satellite factories in other countries. The first C-Class (W202) sedan produced on 1 June 1993 and the opening of the second generation (W203) rolled off the assembly line on 18 July 2000. The C-Class has been available with a 4Matic (i.e., four-wheel drive) option since 2002. The third generation (W204) was launched in 2007 while the latest generation C-Class (W205) came out in 2014.",0.3499483466148376,0.0,0.0
E13383,383,83,complex,"['May 1993', 'July 2000', '31 march 2007', '4 February 2014']",When did the mercedes c class come out?,"
The Mercedes-Benz C-Class, a stalwart exemplar of executive vehicular sophistication, was introduced in the year 1993, marking a paradigmatic shift in the company's compact automobile lineup. Specifically, the inaugural iteration, designated as the W202 model, emerged in May 1993, supplanting the preceding 190 (W201) series. This pioneering endeavor was part of a deliberate effort to redefine the Mercedes-Benz product spectrum, with the C-Class subsequently assuming the role of the marque's smallest yet most esteemed model until the introduction of the A-Class in 1997.","
Long Answer: The Mercedes-Benz C-Class is a line of compact executive cars produced by Daimler AG. Introduced in 1993 as a replacement for the 190 (W201) range, the C-Class was the smallest model in the marque's line-up until the W168 A-Class arrived in 1997. In May 1993, the first generation W202 C-Class was introduced as a replacement for the 190. The second generation (W203) rolled off the assembly line in July 2000. The W204 came out on 31 March 2007 and the W205 came out on 4 February 2014.
Context: In October 1986, three years into Mercedes-Benz W201 (190)'s production run, work began on a successor. Design work began in 1987, with the final design by Murat Günak selected in 1989 and the production design by Olivier Boulay delayed in January 1990, finally being patented on 19 December 1990. Rough prototypes went into testing in 1989, with first production design prototypes commencing trial in 1990. In May 1993, the first generation W202 C-Class was introduced as a replacement for the 190. The C-Class sedan was the company's entry-level model up until 1997 when Mercedes launched the A-Class. Styling themes were carried over from the previous W201 series, but the new series had a smoother and rounder design than the last generation of compact Mercedes, with styling cues from the W124 E-Class (short, high trunk and taller tail lights), W140 S-Class (front end), and R129 SL-Class (headlights).
Context: The Mercedes-Benz C-Class is a line of compact executive cars produced by Daimler AG. Introduced in 1993 as a replacement for the 190 (W201) range, the C-Class was the smallest model in the marque's line-up until the W168 A-Class arrived in 1997. The C-Class built at Mercedes-Benz factories in Sindelfingen and Bremen, Germany as well as numerous satellite factories in other countries. The first C-Class (W202) sedan produced on 1 June 1993 and the opening of the second generation (W203) rolled off the assembly line on 18 July 2000. The C-Class has been available with a 4Matic (i.e., four-wheel drive) option since 2002. The third generation (W204) was launched in 2007 while the latest generation C-Class (W205) came out in 2014.",0.1738149374723434,0.0021821432764033,0.25
E12384,384,7,simple,"['Victoria Lynn Rowell', 'Rowell', 'Victoria Rowell', 'Dawn McMillan', 'King', 'Kent Masters King']",Who played drusilla on the young and the restless?,"
Drucilla Winters was played by Victoria Rowell.","
Knowledge: The Young and the Restless (often abbreviated as Y&R) is an American television soap opera created by William J. Bell and Lee Phillip Bell for CBS.
Knowledge: First broadcast on March 26, 1973, The Young and the Restless was originally broadcast as half-hour episodes, five times a week.[3][4]
Knowledge: The character is a ballerina-turned-model, with a forward personality and feisty persona.
Knowledge: Drucilla Winters is a fictional character from the American CBS soap opera The Young and the Restless.
Long Answer: The Young and the Restless is an American television soap opera created for CBS. First broadcast on March 26, 1973, the serial aired its 12,000th episode on December 1, 2020. Drucilla Winters is one of the characters from the show who is a ballerina-turned-model, with a forward personality and feisty persona. Victoria Rowell originated the role in May 1990. Dawn McMillan filled in for Rowell while she was on maternity leave in 1996. She left the show on April 1998. She came back for a recurring gig from February to September 2000. During this time, Kent Masters King assumed the role for several episodes.
Context: Victoria Rowell originated the role in May 1990. Dawn McMillan filled in for Rowell while she was on maternity leave in 1996. She left the show on April 1998. She came back for a recurring gig from February to September 2000. During this time, Kent Masters King assumed the role for several episodes. In 2000, Rowell chose to exit the soap opera in order to star in a Showtime miniseries. She returned to the role in August 2002, after a two-year absence.",0.1723465174436569,0.033031643180138,0.3333333333333333
E13384,384,28,complex,"['Victoria Lynn Rowell', 'Rowell', 'Victoria Rowell', 'Dawn McMillan', 'King', 'Kent Masters King']",Who played drusilla on the young and the restless?,"
Drucilla Winters, a multifaceted and dynamic character from the venerable television soap opera, The Young and the Restless, was portrayed by the talented and versatile actress Victoria Rowell.","
Knowledge: The Young and the Restless (often abbreviated as Y&R) is an American television soap opera created by William J. Bell and Lee Phillip Bell for CBS.
Knowledge: First broadcast on March 26, 1973, The Young and the Restless was originally broadcast as half-hour episodes, five times a week.[3][4]
Knowledge: The character is a ballerina-turned-model, with a forward personality and feisty persona.
Knowledge: Drucilla Winters is a fictional character from the American CBS soap opera The Young and the Restless.
Long Answer: The Young and the Restless is an American television soap opera created for CBS. First broadcast on March 26, 1973, the serial aired its 12,000th episode on December 1, 2020. Drucilla Winters is one of the characters from the show who is a ballerina-turned-model, with a forward personality and feisty persona. Victoria Rowell originated the role in May 1990. Dawn McMillan filled in for Rowell while she was on maternity leave in 1996. She left the show on April 1998. She came back for a recurring gig from February to September 2000. During this time, Kent Masters King assumed the role for several episodes.
Context: Victoria Rowell originated the role in May 1990. Dawn McMillan filled in for Rowell while she was on maternity leave in 1996. She left the show on April 1998. She came back for a recurring gig from February to September 2000. During this time, Kent Masters King assumed the role for several episodes. In 2000, Rowell chose to exit the soap opera in order to star in a Showtime miniseries. She returned to the role in August 2002, after a two-year absence.",0.2240600287914276,0.0067164720523548,0.3333333333333333
E12385,385,13,simple,"['POTUS', 'President of the United States', 'The President', 'the senator']",Who nominates judges to the us district courts?,"
The President of the United States nominates judges to the US District Courts.","
Long Answer: A judge of a United States district court is officially titled a ""United States District Judge"". Other federal judges, including circuit judges and Supreme Court justices, can also sit in a district court upon assignment by the chief judge of the circuit or by the Chief Justice of the United States. The President appoints the federal judges for terms of good behavior, so the nominees often share at least some of his or her convictions. In states represented by a senator of the president's party, the senator has substantial input into the nominating process, and through a tradition known as senatorial courtesy can exercise an unofficial veto over a nominee unacceptable to the senator.
Context: A judge of a United States district court is officially titled a ""United States District Judge"". Other federal judges, including circuit judges and Supreme Court justices, can also sit in a district court upon assignment by the chief judge of the circuit or by the Chief Justice of the United States. The number of judges in each district court (and the structure of the judicial system generally) is set by Congress in the United States Code. The President appoints the federal judges for terms of good behavior (subject to the advice and consent of the Senate), so the nominees often share at least some of his or her convictions. In states represented by a senator of the president's party, the senator (or the more senior of them if both senators are of the president's party) has substantial input into the nominating process, and through a tradition known as senatorial courtesy can exercise an unofficial veto over a nominee unacceptable to the senator.",0.2656018435955047,0.3200286101270289,0.5
E13385,385,94,complex,"['POTUS', 'President of the United States', 'The President', 'the senator']",Who nominates judges to the us district courts?,"
The selection of judges for the United States district courts is vested in the President of the United States, pursuant to Article III of the United States Constitution. Specifically, the President is empowered to nominate federal judges, including district court judges, to serve for terms of good behavior, subject to the requirement of the advice and consent of the Senate. This constitutes a pivotal step in the judicial confirmation process, as the President's nominees undergo scrutiny and evaluation by the Senate, which exercises its constitutional authority to provide ""advice and consent"" on the matter.","
Long Answer: A judge of a United States district court is officially titled a ""United States District Judge"". Other federal judges, including circuit judges and Supreme Court justices, can also sit in a district court upon assignment by the chief judge of the circuit or by the Chief Justice of the United States. The President appoints the federal judges for terms of good behavior, so the nominees often share at least some of his or her convictions. In states represented by a senator of the president's party, the senator has substantial input into the nominating process, and through a tradition known as senatorial courtesy can exercise an unofficial veto over a nominee unacceptable to the senator.
Context: A judge of a United States district court is officially titled a ""United States District Judge"". Other federal judges, including circuit judges and Supreme Court justices, can also sit in a district court upon assignment by the chief judge of the circuit or by the Chief Justice of the United States. The number of judges in each district court (and the structure of the judicial system generally) is set by Congress in the United States Code. The President appoints the federal judges for terms of good behavior (subject to the advice and consent of the Senate), so the nominees often share at least some of his or her convictions. In states represented by a senator of the president's party, the senator (or the more senior of them if both senators are of the president's party) has substantial input into the nominating process, and through a tradition known as senatorial courtesy can exercise an unofficial veto over a nominee unacceptable to the senator.",0.1851731091737747,0.0374524831733239,0.5
E12386,386,10,simple,"['Barry Bonds', 'Albert Pujols']",Who has the most career homeruns in mlb?,"
Barry Bonds has the most career home runs in MLB.","
Knowledge: Barry Lamar Bonds (born July 24, 1964) is an American former professional baseball left fielder who played 22 seasons in Major League Baseball (MLB).
Knowledge: He is considered to be one of the greatest baseball players of all time.[2][3][4][5][6]
Knowledge: José Alberto Pujols Alcántara (Spanish pronunciation: [puˈxols]; born January 16, 1980) is a Dominican-American professional baseball first baseman for the Los Angeles Dodgers of Major League Baseball (MLB).
Long Answer: Barry Bonds is an American former professional baseball left fielder who played 22 seasons in Major League Baseball (MLB). He is considered to be one of the greatest baseball players of all time and has the most career home runs of anyone to ever play in the MLB. Albert Pujols is a Dominican-American professional baseball first baseman for the Los Angeles Dodgers. He is has the most career home runs in the MLB among active players.",0.5670897364616394,0.0446323613785333,0.5
E13386,386,112,complex,"['Barry Bonds', 'Albert Pujols']",Who has the most career homeruns in mlb?,"
An inquiry that has precipitated considerable interest among baseball aficionados and scholars alike. The answer, derived from an exhaustive examination of historical data, is unequivocally Barry Lamar Bonds, an erstwhile MLB left fielder, who has amassed a staggering total of 762 career home runs, thereby establishing himself as the apex homeron of the Major League Baseball (MLB) era. This remarkable achievement surpasses even the impressive totals of illustrious contemporaries and predecessors, including the venerable Hank Aaron and the incomparable Alex Rodriguez. Bonds' unparalleled proficiency at the plate, coupled with his unwavering dedication to the sport, has solidified his position as one of the most dominant figures in the annals of baseball history.","
Knowledge: Barry Lamar Bonds (born July 24, 1964) is an American former professional baseball left fielder who played 22 seasons in Major League Baseball (MLB).
Knowledge: He is considered to be one of the greatest baseball players of all time.[2][3][4][5][6]
Knowledge: José Alberto Pujols Alcántara (Spanish pronunciation: [puˈxols]; born January 16, 1980) is a Dominican-American professional baseball first baseman for the Los Angeles Dodgers of Major League Baseball (MLB).
Long Answer: Barry Bonds is an American former professional baseball left fielder who played 22 seasons in Major League Baseball (MLB). He is considered to be one of the greatest baseball players of all time and has the most career home runs of anyone to ever play in the MLB. Albert Pujols is a Dominican-American professional baseball first baseman for the Los Angeles Dodgers. He is has the most career home runs in the MLB among active players.",0.0310276802629232,0.0016093850171181,0.0
E12387,387,9,simple,"['seven', '2012']",How long has beasley been with the cowboys?,"
Beasley has been with the Cowboys for 11 years.","
Long Answer: Beasley signed with the Cowboys in 2012 and played a total of seven seasons with them.
Context: Beasley started the 2018 season with seven receptions for 73 yards in a 16–8 loss to the Carolina Panthers. In Week 6, against the Jacksonville Jaguars, he had nine receptions for 101 yards and two touchdowns in the 40–7 victory. Overall, he finished with 65 receptions for 672 yards and three touchdowns in the 2018 season. The Cowboys won the NFC East and earned the #4-seed in the NFC Playoffs. In the Wild Card Round against the Seattle Seahawks, Beasley had three receptions for 28 yards in the 24–22 victory. In the Divisional Round against the Los Angeles Rams, he had one reception for 15 yards in the 30–22 loss.
Context: Beasley went undrafted in the 2012 NFL Draft because of his size and was signed by the Dallas Cowboys. He left abruptly during training camp, stating he was dealing with ""personal stuff"", and even considered retiring from professional football. He went on to have a sudden change of heart, returning and making the final 53-man roster. In 10 games of his rookie year, he made 15 receptions for 128 receiving yards.",0.4298414885997772,0.0,0.0
E13387,387,56,complex,"['seven', '2012']",How long has beasley been with the cowboys?,"
Based on the provided context, it is evident that Beasley's tenure with the Dallas Cowboys began in 2012, marking the inaugural year of his professional tenure with the organization. Subsequently, his sojourn with the team spanned a duration of seven seasons, culminating in his departure in 2019, as indicated by his participation in the 2018 season.","
Long Answer: Beasley signed with the Cowboys in 2012 and played a total of seven seasons with them.
Context: Beasley started the 2018 season with seven receptions for 73 yards in a 16–8 loss to the Carolina Panthers. In Week 6, against the Jacksonville Jaguars, he had nine receptions for 101 yards and two touchdowns in the 40–7 victory. Overall, he finished with 65 receptions for 672 yards and three touchdowns in the 2018 season. The Cowboys won the NFC East and earned the #4-seed in the NFC Playoffs. In the Wild Card Round against the Seattle Seahawks, Beasley had three receptions for 28 yards in the 24–22 victory. In the Divisional Round against the Los Angeles Rams, he had one reception for 15 yards in the 30–22 loss.
Context: Beasley went undrafted in the 2012 NFL Draft because of his size and was signed by the Dallas Cowboys. He left abruptly during training camp, stating he was dealing with ""personal stuff"", and even considered retiring from professional football. He went on to have a sudden change of heart, returning and making the final 53-man roster. In 10 games of his rookie year, he made 15 receptions for 128 receiving yards.",0.2088512927293777,0.0032635848884021,1.0
E12388,388,12,simple,"['27,198', '27,228', 'A small number']",How many fire departments in the united states?,"
As of 2014, there were 27,228 fire departments in the United States.","
Long Answer: As of 2014 there are 27,198 fire departments in the US. A small number of privatized fire departments also exist. Inclusive, the total number of fire departments in the US is 27,228.
Context: As of 2014, there were 1,134,400 firefighters in the United States (not including firefighters who work for the state or federal governments or in private fire departments). Of these, 346,150 (31%) are career and 788,250 (69%) are volunteer. These firefighters operate out of 27,198 fire departments. Career firefighters represent 15% of all departments but protect approximately two thirds of the U.S. population. Meanwhile, 85% of fire departments are volunteer or mostly volunteer and protect approximately one third of the population. The Firemen's Association of the State of New York (FASNY) provides information, education and training for the volunteer fire and emergency medical services throughout New York State.
Context: A small number of U.S. fire departments are privatized, that is, operated by for-profit corporations on behalf of public entities. Knox County, Tennessee is among the largest public entities protected by privatized fire departments.",0.5977845191955566,0.0170331860376392,0.3333333333333333
E13388,388,121,complex,"['27,198', '27,228', 'A small number']",How many fire departments in the united states?,"
According to the most recent data available, as of 2014, there exist a total of 27,228 fire departments in the United States. This figure comprises both municipal and private entities, encompassing a diverse range of organizations that provide essential fire protection services to diverse communities across the nation. Notably, a relatively small subset of these fire departments, approximately 1.4% of the total, are operated by private corporations that are contracted by public entities, such as municipalities or counties, to provide fire protection services on their behalf. In contrast, the majority of fire departments, accounting for approximately 87% of the total, are volunteer-based organizations that are staffed by unpaid volunteers, who collectively provide services to a considerable proportion of the US population.","
Long Answer: As of 2014 there are 27,198 fire departments in the US. A small number of privatized fire departments also exist. Inclusive, the total number of fire departments in the US is 27,228.
Context: As of 2014, there were 1,134,400 firefighters in the United States (not including firefighters who work for the state or federal governments or in private fire departments). Of these, 346,150 (31%) are career and 788,250 (69%) are volunteer. These firefighters operate out of 27,198 fire departments. Career firefighters represent 15% of all departments but protect approximately two thirds of the U.S. population. Meanwhile, 85% of fire departments are volunteer or mostly volunteer and protect approximately one third of the population. The Firemen's Association of the State of New York (FASNY) provides information, education and training for the volunteer fire and emergency medical services throughout New York State.
Context: A small number of U.S. fire departments are privatized, that is, operated by for-profit corporations on behalf of public entities. Knox County, Tennessee is among the largest public entities protected by privatized fire departments.",0.2914562821388244,0.0017697364777731,0.3333333333333333
E12389,389,10,simple,"['Yente', 'Yente', 'Molly Picon', 'Picon']",What is the name of the matchmaker in fiddler?,"
The matchmaker in Fiddler on the Roof is named Yente.","
Long Answer: Molly Picon played the matchmaker in Fiddler's 1971 film. The matchmaker character's name in both the 1964 and 1971 films is Yente.
Context: In the film version, the character of Yente is reduced, and Perchik's song to Hodel ""Now I Have Everything"" is cut and replaced by a scene in Kiev. The ""Chagall color palette"" of the original Broadway production was exchanged for a grittier, more realistic depiction of the village of Anatevka.
Context: Fiddler on the Roof is a 1971 American musical comedy-drama film produced and directed by Norman Jewison. It is an adaptation of the 1964 Broadway musical of the same name, with music composed by Jerry Bock, lyrics by Sheldon Harnick, and screenplay by Joseph Stein and based on stories by Sholem Aleichem. Starring Topol, Norma Crane, Leonard Frey, Molly Picon, and Paul Mann, the film centers on Tevye, the father of five daughters, and his attempts to maintain his Jewish religious and cultural traditions as outside influences encroach upon the family's lives. He must cope both with the strong-willed actions of his three older daughters, who wish to marry for love – each one's choice of a husband moves further away from the customs of his faith – and with the edict of the Tsar who evicts the Jews from the town of Anatevka.",0.5257131457328796,0.0,0.3333333333333333
E13389,389,35,complex,"['Yente', 'Yente', 'Molly Picon', 'Picon']",What is the name of the matchmaker in fiddler?,"
In the paradigm of the 1964 and 1971 film adaptations of Fiddler on the Roof, the character who functions as the mediator between the female protagonists and their suitors is denoted by the name Yente.","
Long Answer: Molly Picon played the matchmaker in Fiddler's 1971 film. The matchmaker character's name in both the 1964 and 1971 films is Yente.
Context: In the film version, the character of Yente is reduced, and Perchik's song to Hodel ""Now I Have Everything"" is cut and replaced by a scene in Kiev. The ""Chagall color palette"" of the original Broadway production was exchanged for a grittier, more realistic depiction of the village of Anatevka.
Context: Fiddler on the Roof is a 1971 American musical comedy-drama film produced and directed by Norman Jewison. It is an adaptation of the 1964 Broadway musical of the same name, with music composed by Jerry Bock, lyrics by Sheldon Harnick, and screenplay by Joseph Stein and based on stories by Sholem Aleichem. Starring Topol, Norma Crane, Leonard Frey, Molly Picon, and Paul Mann, the film centers on Tevye, the father of five daughters, and his attempts to maintain his Jewish religious and cultural traditions as outside influences encroach upon the family's lives. He must cope both with the strong-willed actions of his three older daughters, who wish to marry for love – each one's choice of a husband moves further away from the customs of his faith – and with the edict of the Tsar who evicts the Jews from the town of Anatevka.",0.3017383515834808,0.0,0.3333333333333333
E12390,390,13,simple,"['The New Day', 'The Bludgeon Brothers']",Who won the smackdown tag team champions at money in the bank?,"
The Usos won the SmackDown Tag Team Championship at Money in the Bank.","
Knowledge: During the Money in the Bank Kickoff pre-show, Rey Mysterio and Dominik Mysterio defended the SmackDown Tag Team Championship against The Usos (Jey and Jimmy). During the match, Jey caught Rey with a Superkick in mid-air and then performed the Uso Splash on Rey for a nearfall. In the end, as Rey attempted a 619 on Jey, Jimmy protected Jey with Jimmy receiving the 619 instead. Jey then performed a roll-up on Rey with an assist from Jimmy to win the title for the fifth time, and their seventh overall tag team championship in WWE
Knowledge: On the April 17 episode of SmackDown, The New Day's Big E defeated Jey Uso (representing The Usos) and defending co-champion The Miz (representing himself and John Morrison) in a triple threat match to win the SmackDown Tag Team Championship for The New Day.
Knowledge: During the Money in the Bank Kickoff pre-show, The Usos (Jey Uso and Jimmy Uso) faced SmackDown Tag Team Champions Daniel Bryan and Rowan in a non-title match. In the end, The Usos performed a double ""Uso Splash"" on Bryan to win the match
Knowledge: During the Money in the Bank Kickoff pre-show, The Bludgeon Brothers (Harper and Rowan) defended the SmackDown Tag Team Championship against Luke Gallows and Karl Anderson. In the climax, both Gallows and Anderson proceeded to apply the ""magic killer"" on Harper when Rowan speared Anderson and isolated Gallows. Harper and Rowan then performed ""the reckoning"" on Gallows to retain the titles.
Long Answer: At Money in the Bank in 2021, Rey Mysterio and Dominik Mysterio defended the SmackDown Tag Team Championship against The Usos, Jey and Jimmy.  During the match, Jey caught Rey with a Superkick in mid-air and then performed the Uso Splash on Rey for a nearfall. In the end, as Rey attempted a 619 on Jey, Jimmy protected Jey with Jimmy receiving the 619 instead. Jey then performed a roll-up on Rey with an assist from Jimmy to win the title for the fifth time. This was also their seventh overall tag team championship in WWE. At Money in the Bank in 2020, The New Day's Big E defeated Jey Uso, representing The Usos, and defending co-champion The Miz, representing himself and John Morrison, in a triple threat match to win the SmackDown Tag Team Championship for The New Day. At Money in the Bank in 2019, The Usos faced SmackDown Tag Team Champions Daniel Bryan and Rowan in a non-title match. In the end, The Usos performed a double ""Uso Splash"" on Bryan to win the match. At Money in the Bank in 2018, during the Money in the Bank Kickoff pre-show, The Bludgeon Brothers, Harper and Rowan, defended the SmackDown Tag Team Championship against Luke Gallows and Karl Anderson. In the climax, both Gallows and Anderson proceeded to apply the ""magic killer"" on Harper when Rowan speared Anderson and isolated Gallows. Harper and Rowan then performed ""the reckoning"" on Gallows to retain the title.
Context: Next, The Usos defended the SmackDown Tag Team Championship against The New Day's Big E and Kofi Kingston. In the end, Big E and Kingston performed the ""Midnight Hour"" on Jey. Kingston pinned Jey, only for Jimmy to pull Jey out of the ring to void the pinfall and the two were intentionally counted out. Thus, The New Day won, but The Usos retained the titles.
Context: Luke Gallows and Karl Anderson defeated The Usos (Jey and Jimmy Uso) on the May 22 episode, therefore becoming the number one contenders to face The Bludgeon Brothers (Luke Harper and Erick Rowan) for the WWE SmackDown Tag Team Championship at Money in the Bank. Their bout was later scheduled for the Kickoff pre-show.",0.4274918735027313,0.0155371256927603,0.0
E13390,390,159,complex,"['The New Day', 'The Bludgeon Brothers']",Who won the smackdown tag team champions at money in the bank?,"
A most pertinent inquiry! Based on the provided context and knowledge, I am able to provide a definitive answer. 

At the Money in the Bank event in 2021, The Usos, comprised of Jey and Jimmy, successfully defended the SmackDown Tag Team Championship. Furthermore, their subsequent bout against The New Day's Big E and Kofi Kingston on the May 22 episode of SmackDown, resulted in The New Day emerging as the victors, while simultaneously preserving their hold on the championship. Conversely, the preceding year's Money in the Bank event saw The Usos successfully defend their titles against Daniel Bryan and Rowan, with the Bludgeon Brothers, consisting of Luke Harper and Erick Rowan, ultimately emerging as the number one contenders to challenge for the championship on the kickoff pre-show.

In conclusion, while The New Day has been victorious in the past and currently holds the championship, the most recent outcome is that The Usos are the current SmackDown Tag Team Champions.","
Knowledge: During the Money in the Bank Kickoff pre-show, Rey Mysterio and Dominik Mysterio defended the SmackDown Tag Team Championship against The Usos (Jey and Jimmy). During the match, Jey caught Rey with a Superkick in mid-air and then performed the Uso Splash on Rey for a nearfall. In the end, as Rey attempted a 619 on Jey, Jimmy protected Jey with Jimmy receiving the 619 instead. Jey then performed a roll-up on Rey with an assist from Jimmy to win the title for the fifth time, and their seventh overall tag team championship in WWE
Knowledge: On the April 17 episode of SmackDown, The New Day's Big E defeated Jey Uso (representing The Usos) and defending co-champion The Miz (representing himself and John Morrison) in a triple threat match to win the SmackDown Tag Team Championship for The New Day.
Knowledge: During the Money in the Bank Kickoff pre-show, The Usos (Jey Uso and Jimmy Uso) faced SmackDown Tag Team Champions Daniel Bryan and Rowan in a non-title match. In the end, The Usos performed a double ""Uso Splash"" on Bryan to win the match
Knowledge: During the Money in the Bank Kickoff pre-show, The Bludgeon Brothers (Harper and Rowan) defended the SmackDown Tag Team Championship against Luke Gallows and Karl Anderson. In the climax, both Gallows and Anderson proceeded to apply the ""magic killer"" on Harper when Rowan speared Anderson and isolated Gallows. Harper and Rowan then performed ""the reckoning"" on Gallows to retain the titles.
Long Answer: At Money in the Bank in 2021, Rey Mysterio and Dominik Mysterio defended the SmackDown Tag Team Championship against The Usos, Jey and Jimmy.  During the match, Jey caught Rey with a Superkick in mid-air and then performed the Uso Splash on Rey for a nearfall. In the end, as Rey attempted a 619 on Jey, Jimmy protected Jey with Jimmy receiving the 619 instead. Jey then performed a roll-up on Rey with an assist from Jimmy to win the title for the fifth time. This was also their seventh overall tag team championship in WWE. At Money in the Bank in 2020, The New Day's Big E defeated Jey Uso, representing The Usos, and defending co-champion The Miz, representing himself and John Morrison, in a triple threat match to win the SmackDown Tag Team Championship for The New Day. At Money in the Bank in 2019, The Usos faced SmackDown Tag Team Champions Daniel Bryan and Rowan in a non-title match. In the end, The Usos performed a double ""Uso Splash"" on Bryan to win the match. At Money in the Bank in 2018, during the Money in the Bank Kickoff pre-show, The Bludgeon Brothers, Harper and Rowan, defended the SmackDown Tag Team Championship against Luke Gallows and Karl Anderson. In the climax, both Gallows and Anderson proceeded to apply the ""magic killer"" on Harper when Rowan speared Anderson and isolated Gallows. Harper and Rowan then performed ""the reckoning"" on Gallows to retain the title.
Context: Next, The Usos defended the SmackDown Tag Team Championship against The New Day's Big E and Kofi Kingston. In the end, Big E and Kingston performed the ""Midnight Hour"" on Jey. Kingston pinned Jey, only for Jimmy to pull Jey out of the ring to void the pinfall and the two were intentionally counted out. Thus, The New Day won, but The Usos retained the titles.
Context: Luke Gallows and Karl Anderson defeated The Usos (Jey and Jimmy Uso) on the May 22 episode, therefore becoming the number one contenders to face The Bludgeon Brothers (Luke Harper and Erick Rowan) for the WWE SmackDown Tag Team Championship at Money in the Bank. Their bout was later scheduled for the Kickoff pre-show.",0.1535642147064209,0.0060048599269642,1.0
E12391,391,52,simple,"['Rachel and Amanda Pace', 'Kim Matula', 'Annika Noelle']",Who has played hope on the bold and the beautiful?,"
Many people have played Hope Logan on the soap opera ""The Bold and the Beautiful"". Here's a list of the people who have played her:

1. Rachel Pace (as a baby)
2. Amanda Pace (as a baby)
3. Annika Noelle (as a grown-up)

Annika Noelle is the one who plays Hope now.","
Knowledge: Hope Logan is a fictional character from The Bold and the Beautiful, an American soap opera on the CBS network. The character was portrayed by several child actors since Hope's introduction in 2002, most notably Rachel and Amanda Pace. In 2010, the role was rapidly aged and recast with actress Kim Matula, who made her first appearance in January 2010. Matula departed the serial as a series regular in December 2014, but she made guest appearances in 2015 and 2016. As of 2018, the role is portrayed by Annika Noelle.
Long Answer: The role of Hope Logan on the CBS soap opera The Bold and the Beautiful was initially played by Rachel and Amanda Pace when the character was introduced as a baby in 2002. In 2010, the role was rapidly aged and recast with actress Kim Matula, who departed the serial as a series regular in December 2014, although she made guest appearances in 2015 and 2016. As of 2018, the role is portrayed by Annika Noelle.
Context: Between the years of 2002 and 2009, the character was played by child actresses, and appeared as a young girl around 5 years old by 2007. On December 4, 2009, it was announced that Hope was to be dramatically aged and portrayed by Kim Matula. Matula signed on as a contract character. Matula began taping ""The Bold and the Beautiful"" on November 19, 2009 and made her first appearance on January 11, 2010. On November 5, 2014, it was announced that after five years with the series, Matula would be departing the series. Matula taped her final scene on November 6 and made her final appearance on December 12. In March 2015, ""Soap Opera Digest"" reported news that Matula would make a return to the series, in a guest appearance as Hope. She is set to report to set on March 4, 2015, she aired on April 17 and 20, 2015. In February 2016, Matula was reported to make a guest return to the soap; she appeared on March 16, 2016.",0.1685221344232559,0.0116576338465952,0.3333333333333333
E13391,391,263,complex,"['Rachel and Amanda Pace', 'Kim Matula', 'Annika Noelle']",Who has played hope on the bold and the beautiful?,"
The character of Hope Logan, a paradigmatic figure in the CBS soap opera ""The Bold and the Beautiful,"" has been portrayed by multiple talented actresses throughout its narrative arc. Initially, the role was personified by the offspring of renowned child actresses Rachel and Amanda Pace, who assumed the character's infantile form between 2002 and 2009, with the latter's presence being noted as a young girl around the age of 5, circa 2007.

In 2010, a dramatic metamorphosis occurred, and the role was repurposed and recast with the accomplished actress Kim Matula, who assumed the mantle of the character at a more mature stage of development. Matula's tenure with the series spanned from January 2010 to December 2014, during which time she effectively played the part of the grown Hope Logan. Her departure from the series was marked by a series of poignant episodes, which concluded with her final appearance on December 12, 2014.

Subsequently, in 2015, Matula reprised her role in a guest capacity, making appearances on April 17 and 20, 2015, and subsequently again in February 2016, solidifying her connection to the narrative of the show. Furthermore, as of 2018, the role of Hope Logan is now portrayed by the actress Annika Noelle, who has since assumed the role and continues to navigate the complexities of the character.

In summary, the character of Hope Logan on ""The Bold and the Beautiful"" has been played by a succession of talented actresses, including Rachel and Amanda Pace, Kim Matula, and Annika Noelle, each contributing to the rich and nuanced narrative that defines the character.","
Knowledge: Hope Logan is a fictional character from The Bold and the Beautiful, an American soap opera on the CBS network. The character was portrayed by several child actors since Hope's introduction in 2002, most notably Rachel and Amanda Pace. In 2010, the role was rapidly aged and recast with actress Kim Matula, who made her first appearance in January 2010. Matula departed the serial as a series regular in December 2014, but she made guest appearances in 2015 and 2016. As of 2018, the role is portrayed by Annika Noelle.
Long Answer: The role of Hope Logan on the CBS soap opera The Bold and the Beautiful was initially played by Rachel and Amanda Pace when the character was introduced as a baby in 2002. In 2010, the role was rapidly aged and recast with actress Kim Matula, who departed the serial as a series regular in December 2014, although she made guest appearances in 2015 and 2016. As of 2018, the role is portrayed by Annika Noelle.
Context: Between the years of 2002 and 2009, the character was played by child actresses, and appeared as a young girl around 5 years old by 2007. On December 4, 2009, it was announced that Hope was to be dramatically aged and portrayed by Kim Matula. Matula signed on as a contract character. Matula began taping ""The Bold and the Beautiful"" on November 19, 2009 and made her first appearance on January 11, 2010. On November 5, 2014, it was announced that after five years with the series, Matula would be departing the series. Matula taped her final scene on November 6 and made her final appearance on December 12. In March 2015, ""Soap Opera Digest"" reported news that Matula would make a return to the series, in a guest appearance as Hope. She is set to report to set on March 4, 2015, she aired on April 17 and 20, 2015. In February 2016, Matula was reported to make a guest return to the soap; she appeared on March 16, 2016.",0.2323292642831802,0.0040024654134367,1.0
E12392,392,13,simple,"['Peter Cullen', 'Cullen', 'Peter Claver Cullen', 'Peter Cullen', 'Cullen', 'Peter Claver Cullen', 'Peter Cullen', 'Cullen', 'Peter Claver Cullen', 'Peter Cullen', 'Cullen', 'Peter Claver Cullen', 'Peter Cullen', 'Cullen', 'Peter Claver Cullen', 'Peter Cullen', 'Cullen', 'Peter Claver Cullen']",Who does voice of optimus prime transformer movie?,"
The person who voices Optimus Prime in the Transformers movies is Peter Cullen.","
Long Answer: Peter Cullen was the voice of optimus prime in the transformer movies.
Context: Peter Claver Cullen (born July 28, 1941) is a Canadian voice actor. He is best known as the voice of Optimus Prime in the original 1980s ""Transformers"" animated series, and most other incarnations of the character. He has also voiced several other characters, including Eeyore in the ""Winnie the Pooh"" franchise, Monterey Jack in ""Chip 'n Dale Rescue Rangers"", and KARR in ""Knight Rider"". In 2007, Cullen returned to the role of Optimus Prime in various ""Transformers"" media, starting with the first live-action film.",0.3938064873218536,0.0155371256927603,0.6666666666666666
E13392,392,52,complex,"['Peter Cullen', 'Cullen', 'Peter Claver Cullen', 'Peter Cullen', 'Cullen', 'Peter Claver Cullen', 'Peter Cullen', 'Cullen', 'Peter Claver Cullen', 'Peter Cullen', 'Cullen', 'Peter Claver Cullen', 'Peter Cullen', 'Cullen', 'Peter Claver Cullen', 'Peter Cullen', 'Cullen', 'Peter Claver Cullen']",Who does voice of optimus prime transformer movie?,"
The voice of Optimus Prime, the iconic and esteemed leader of the Autobots in the Transformers franchise, has been articulated by the renowned Canadian voice actor Peter Cullen in a multitude of iterations, including the original 1980s animated series and its various subsequent incarnations, as well as the 2007 live-action cinematic releases.","
Long Answer: Peter Cullen was the voice of optimus prime in the transformer movies.
Context: Peter Claver Cullen (born July 28, 1941) is a Canadian voice actor. He is best known as the voice of Optimus Prime in the original 1980s ""Transformers"" animated series, and most other incarnations of the character. He has also voiced several other characters, including Eeyore in the ""Winnie the Pooh"" franchise, Monterey Jack in ""Chip 'n Dale Rescue Rangers"", and KARR in ""Knight Rider"". In 2007, Cullen returned to the role of Optimus Prime in various ""Transformers"" media, starting with the first live-action film.",0.3338308334350586,0.00744856475811,0.6666666666666666
E12393,393,11,simple,"['July 1, 1963', '1967']",When did the united states start using zip codes?,"
The United States started using zip codes on July 1, 1963.","
Knowledge: The term ZIP is an acronym for Zone Improvement Plan;[1] it was chosen to suggest that the mail travels more efficiently and quickly[2] (zipping along) when senders use the code in the postal address. The term ZIP Code was originally registered as a service mark by the USPS; its registration expired in 1997.[3]
Long Answer: The United States first introduced zip codes on July 1, 1963, and by 1967 the zip code was required. The term ZIP is an acronym for Zone Improvement Plan, and was was chosen to suggest that the mail travels more efficiently and quickly when senders use the code in the postal address. 
Context: By the early 1960s, a more organized system was needed, and non-mandatory five-digit ZIP Codes were introduced nationwide on July 1, 1963. The USPOD issued its ""Publication 59: Abbreviations for Use with ZIP Code"" on October 1, 1963, with the list of two-letter state abbreviations which are generally written with both letters capitalized. An earlier list in June had proposed capitalized abbreviations ranging from two to five letters. According to ""Publication 59"", the two-letter standard was ""based on a maximum 23-position line, because this has been found to be the most universally acceptable line capacity basis for major addressing systems"", which would be exceeded by a long city name combined with a multi-letter state abbreviation, such as ""Sacramento, Calif."" along with the ZIP Code. The abbreviations have remained unchanged, with the exception of Nebraska, which was changed from NB to NE in 1969 at the request of the Canadian postal administration, to avoid confusion with the Canadian province of New Brunswick.",0.4542685747146606,0.0398635712826801,0.5
E13393,393,143,complex,"['July 1, 1963', '1967']",When did the united states start using zip codes?,"
The implementation of a standardized postal coding system, colloquially referred to as ""zip codes,"" in the United States was initiated in 1963. Specifically, on July 1 of that year, the United States Postal Service (USPS) introduced non-mandatory five-digit zip codes as a zone improvement plan, thereby streamlining the processing and expediation of mail across the country. This innovative system was designed to facilitate more efficient and expedited delivery of postal services, thereby reducing the overall latency associated with the traditional addressing system.

Subsequently, by 1967, the usage of zip codes became compulsory, and it has since become an integral component of the USPS's addressing protocols. The adoption of this coding system has been instrumental in enhancing the overall efficiency and effectiveness of the postal services in the United States, with its utilization being mandatory in many contexts, including commercial, institutional, and residential settings.","
Knowledge: The term ZIP is an acronym for Zone Improvement Plan;[1] it was chosen to suggest that the mail travels more efficiently and quickly[2] (zipping along) when senders use the code in the postal address. The term ZIP Code was originally registered as a service mark by the USPS; its registration expired in 1997.[3]
Long Answer: The United States first introduced zip codes on July 1, 1963, and by 1967 the zip code was required. The term ZIP is an acronym for Zone Improvement Plan, and was was chosen to suggest that the mail travels more efficiently and quickly when senders use the code in the postal address. 
Context: By the early 1960s, a more organized system was needed, and non-mandatory five-digit ZIP Codes were introduced nationwide on July 1, 1963. The USPOD issued its ""Publication 59: Abbreviations for Use with ZIP Code"" on October 1, 1963, with the list of two-letter state abbreviations which are generally written with both letters capitalized. An earlier list in June had proposed capitalized abbreviations ranging from two to five letters. According to ""Publication 59"", the two-letter standard was ""based on a maximum 23-position line, because this has been found to be the most universally acceptable line capacity basis for major addressing systems"", which would be exceeded by a long city name combined with a multi-letter state abbreviation, such as ""Sacramento, Calif."" along with the ZIP Code. The abbreviations have remained unchanged, with the exception of Nebraska, which was changed from NB to NE in 1969 at the request of the Canadian postal administration, to avoid confusion with the Canadian province of New Brunswick.",0.1711381077766418,0.0012567737973318,0.5
E12394,394,9,simple,"['November 2000', 'November 2000 – May 2007', 'November 2019']",When did the new highlander body style come out?,"
The new Highlander body style came out in 2019.","
Knowledge: Announced in April 2000 at the New York International Auto Show and arriving in late 2000 in Japan and January 2001 in North America, the Highlander became one of the first car-based mid-size SUV or mid-size crossovers.
Knowledge: The fourth-generation Highlander was unveiled at the New York International Auto Show on 17 April 2019. It is built on GA-K platform.
Knowledge: TNGA-K replaces the older K platform.
Knowledge: Toyota revealed the second generation Highlander and Highlander Hybrid at the 2007 Chicago Auto Show, with American sales beginning in July and hybrids in late September.
Knowledge: On 27 March 2013, Toyota unveiled the third generation XU50 series Highlander at the New York International Auto Show,
Long Answer: The Highlander has been released under both the Toyota K platform and the TNGA: GA-K platform. The new Highlander first generation Toyota K platform body style was first announced in April 2000 at the New York International Auto Show and arrived in November 2000 in Japan and January 2001 in North America. This new Highlander was one of the first car-based mid-size SUV or mid-size crossovers. This new Highlander first generation Toyota K platform body style was then available from November 2000 – May 2007. Toyota unveiled the second generation Highlander in 2007 and the third generation Highlander in 2013. Then, in November 2019, the new Highlander body style, TNGA: GA-K, first came out. This fourth-generation Highlander was first unveiled at the New York International Auto Show in April 2019 and is built on GA-K platform. The TNGA-K platform replaced the older K platform.",0.221915602684021,0.0,0.0
E13394,394,68,complex,"['November 2000', 'November 2000 – May 2007', 'November 2019']",When did the new highlander body style come out?,"
The fourth-generation Highlander, boasting a sleek and modern design, was unveiled in April 2019 at the New York International Auto Show. Subsequently, it made its global debut in Japan in November 2019 and in North America in January 2020. This paradigmatic shift in the Highlander's appearance marked a significant departure from its predecessors, as it is constructed on the innovative TNGA: GA-K platform, supplanting the earlier K platform.","
Knowledge: Announced in April 2000 at the New York International Auto Show and arriving in late 2000 in Japan and January 2001 in North America, the Highlander became one of the first car-based mid-size SUV or mid-size crossovers.
Knowledge: The fourth-generation Highlander was unveiled at the New York International Auto Show on 17 April 2019. It is built on GA-K platform.
Knowledge: TNGA-K replaces the older K platform.
Knowledge: Toyota revealed the second generation Highlander and Highlander Hybrid at the 2007 Chicago Auto Show, with American sales beginning in July and hybrids in late September.
Knowledge: On 27 March 2013, Toyota unveiled the third generation XU50 series Highlander at the New York International Auto Show,
Long Answer: The Highlander has been released under both the Toyota K platform and the TNGA: GA-K platform. The new Highlander first generation Toyota K platform body style was first announced in April 2000 at the New York International Auto Show and arrived in November 2000 in Japan and January 2001 in North America. This new Highlander was one of the first car-based mid-size SUV or mid-size crossovers. This new Highlander first generation Toyota K platform body style was then available from November 2000 – May 2007. Toyota unveiled the second generation Highlander in 2007 and the third generation Highlander in 2013. Then, in November 2019, the new Highlander body style, TNGA: GA-K, first came out. This fourth-generation Highlander was first unveiled at the New York International Auto Show in April 2019 and is built on GA-K platform. The TNGA-K platform replaced the older K platform.",0.2943761348724365,0.0056558417185375,0.3333333333333333
E12395,395,1,simple,"['Slade', 'Noddy Holder', 'Holder', 'Neville John ""Noddy"" Holder']",Who sang come on feel the noise first?,"
Slade.","
Long Answer: Noddy Holder of the group Slade Cum On Feel the Noize first.
Context: Slade released ""Cum On Feel the Noize"" in February 1973 as their first single of the year. The song gave the band their fourth number one in the UK, and also their first single to enter number one in its first week. This achievement had not been seen since The Beatles' ""Get Back"" in 1969. The song remained there for four consecutive weeks and sold 500,000 copies in its first three weeks of release. With ""Cum On Feel the Noize"", the band's manager Chas Chandler and Polydor's head John Fruin had devised a strategy to get the single to number one on the first week of release. The strategy used pre-release airplay to build up pre-order sales for the single. In America, the song reached No. 98 on the ""Billboard"" Hot 100.",0.2662272751331329,0.0,0.25
E13395,395,190,complex,"['Slade', 'Noddy Holder', 'Holder', 'Neville John ""Noddy"" Holder']",Who sang come on feel the noise first?,"
The enigmatic Noddy Holder, the enigmatic frontman of the British rock band Slade, was not, in fact, the primary vocalist of the aforementioned sonic phenomenon. It was actually Noddy Holder's predecessor, and the iconic leader of the band, the inimitable Dave Hill's erstwhile companion, the vocal dynamo, the irrepressible Dave's bandmate, the vociferous vocalist, and the lead singer of the band, Noddy Holder's, co-conspirator, and the vocalist with a penchant for theatrics, the inimitable Noddy Holder, no, I digress; I am, of course, referring to the incomparable, the illustrious, and the inimitable Dave's counterpart, the renowned, the celebrated, and the legendary vocalist of the band, the indefatigable and the inimitable, Noddy Holder's, contemporary, and the vocalist of Slade's early years, the incomparable, the preeminent, and the one and only... (ahem) Noddy Holder was not the original singer.

The song ""Cum On Feel the Noize"" was actually first recorded by the band's previous incarnation, known as the ""Jabberwock"" before it eventually re-emerged as Slade. However, it was the Slade incarnation of the band that brought the song to the public's attention, with Noddy Holder at the helm as the band's vocalist.","
Long Answer: Noddy Holder of the group Slade Cum On Feel the Noize first.
Context: Slade released ""Cum On Feel the Noize"" in February 1973 as their first single of the year. The song gave the band their fourth number one in the UK, and also their first single to enter number one in its first week. This achievement had not been seen since The Beatles' ""Get Back"" in 1969. The song remained there for four consecutive weeks and sold 500,000 copies in its first three weeks of release. With ""Cum On Feel the Noize"", the band's manager Chas Chandler and Polydor's head John Fruin had devised a strategy to get the single to number one on the first week of release. The strategy used pre-release airplay to build up pre-order sales for the single. In America, the song reached No. 98 on the ""Billboard"" Hot 100.",-0.2871271073818207,0.002207885759956,0.75
E12396,396,24,simple,"['Jerry Reinsdorf and Eddie Einhorn', 'John Allyn', 'Bill Veeck']",Who are the owners of the chicago white sox?,"
The owners of the Chicago White Sox are:

1. John Allyn (1969-1975)
2. Bill Veeck (1975-1981)
3. Jerry Reinsdorf and Eddie Einhorn (since 1981)","
Long Answer: John Allyn owned the Chicago White Sox from 1969 to 1975, Bill Veeck took ownership from 1975 to 1981, and Jerry Reinsdorf and Eddie Einhorn have owned the White Sox since 1981.",0.5884307026863098,0.188795217733744,1.0
E13396,396,83,complex,"['Jerry Reinsdorf and Eddie Einhorn', 'John Allyn', 'Bill Veeck']",Who are the owners of the chicago white sox?,"
The ownership structure of the Chicago White Sox has undergone a sequence of transformations since the late 20th century. Initially, the organization was under the stewardship of John Allyn from 1969 to 1975. This tenure was followed by a transitional period during which Bill Veeck assumed control of the franchise from 1975 to 1981. Subsequently, Jerry Reinsdorf and his business partner Eddie Einhorn have been instrumental in guiding the team's operations since 1981, serving as the current owners of the Chicago White Sox.","
Long Answer: John Allyn owned the Chicago White Sox from 1969 to 1975, Bill Veeck took ownership from 1975 to 1981, and Jerry Reinsdorf and Eddie Einhorn have owned the White Sox since 1981.",0.3519735336303711,0.0178725446529875,0.6666666666666666
E12397,397,13,simple,"['None', '19']",What is the legal smoking age in ontario?,"
In Ontario, the age limit to buy tobacco products is 19 years old.","
Long Answer: The smoking age is the minimum legal age required to purchase or use tobacco products. Most countries have laws that forbid sale of tobacco products to persons younger than certain ages, usually the age of majority. In Ontario, the legal age for purchasing tobacco is 19, while the legal age to smoke tobacco in Ontario, well, there is none. ",0.5513390898704529,0.0155371256927603,0.5
E13397,397,186,complex,"['None', '19']",What is the legal smoking age in ontario?,"
The legal smoking age in the province of Ontario, Canada, is a multifaceted concept that encompasses both the minimum age to procure tobacco products and the prohibition on smoking in certain public spaces. Regarding the former, the provincial legislation governing tobacco products dictates that individuals must attain a minimum age of 19 years to purchase or acquire tobacco products, as stipulated in the Tobacco and Vaping Products Regulations, 2018, made under the Tobacco and Vaping Products Act, 2017.

However, with regards to the latter, Ontario's Smoke-Free Ontario Act, 2011, established a comprehensive framework that prohibits smoking in all enclosed public places, including workplaces, schools, and other public spaces, thereby effectively prohibiting smoking in these settings. This legislation demonstrates a concerted effort to protect the well-being and health of individuals, particularly the younger population, from the hazards associated with tobacco smoke.

In summary, while the minimum age to purchase tobacco products in Ontario is 19, there is no specific legal age restriction on smoking itself, as the legislation focuses primarily on regulating the sale and consumption of tobacco products, rather than directly prohibiting smoking in all contexts.","
Long Answer: The smoking age is the minimum legal age required to purchase or use tobacco products. Most countries have laws that forbid sale of tobacco products to persons younger than certain ages, usually the age of majority. In Ontario, the legal age for purchasing tobacco is 19, while the legal age to smoke tobacco in Ontario, well, there is none. ",0.1015263199806213,0.0009638547759509,0.5
E12398,398,7,simple,"['16', '16', '9']",How many games have the rabbitohs won this season?,"
They have won 0 games this season.","
Long Answer: The Rabbitohs won 9 games in the 2017 season, and 16 games in both the 2018 and 2019 seasons.",0.5069870948791504,0.0,0.0
E13398,398,59,complex,"['16', '16', '9']",How many games have the rabbitohs won this season?,"
Based on the available records, I must deduce that the Rabbitohs' triumphant tenure in the 2017 season was accompanied by a satisfactory, albeit not overly resounding, 9 victories.

However, in the subsequent seasons, the team's performance was significantly more exemplary, yielding an impressive 16 wins in both 2018 and 2019, thereby establishing a veritable dichotomy between their respective outcomes.","
Long Answer: The Rabbitohs won 9 games in the 2017 season, and 16 games in both the 2018 and 2019 seasons.",0.1423694789409637,0.0036785086103888,1.0
E12399,399,10,simple,"['May 21, 2018', 'June 22, 2018']",When does jurassic park the fallen kingdom come out?,"
""Jurassic World: Fallen Kingdom"" came out on June 22, 2018.","
Knowledge: Jurassic World: Fallen Kingdom is a 2018 American science fiction action film and the sequel to Jurassic World (2015). Directed by J. A. Bayona, it is the second installment of the Jurassic World trilogy, and the fifth overall installment of the Jurassic Park franchise.
Long Answer: American science fiction action film Jurassic World: Fallen Kingdom, the second installment of the Jurassic World trilogy, premiered at the WiZink Center in Madrid, Spain on May 21, 2018. The film was then released theatrically in the United States on June 22, 2018.
Context: ""Jurassic World: Fallen Kingdom"" had its premiere at the WiZink Center in Madrid, Spain, on May 21, 2018. The film's international theatrical release began in Singapore and Malaysia on June 7, the United Kingdom, India, Italy, South Korea and Angola on June 8, and Pakistan on June 16, 2018. The film was then released in the United States on June 22, 2018.
Context: Filming took place from February to July 2017 in the United Kingdom and in Hawaii. Produced and distributed by Universal Pictures, ""Fallen Kingdom"" premiered in Madrid on May 21, 2018, and was released in the United States on June 22, 2018. The film grossed over $1.3 billion worldwide, making it the third ""Jurassic"" film to pass the billion-dollar mark, and was the third-highest-grossing film of 2018 and the 15th highest-grossing film of all-time. It received mixed reviews from critics, who praised Pratt and Howard's performances, Bayona's direction, the visuals, and the ""surprisingly dark moments"", while others suggested the series had run its course, criticizing its screenplay and predictability. An untitled sequel is set to be released on June 11, 2021, with Trevorrow returning to direct.",0.449208527803421,0.0446323613785333,0.5
E13399,399,95,complex,"['May 21, 2018', 'June 22, 2018']",When does jurassic park the fallen kingdom come out?,"
The cinematic release date of Jurassic World: Fallen Kingdom is a pertinent query that necessitates a concise yet erudite response. The film premiered in a public forum at the WiZink Center in Madrid, Spain, on the twenty-first of May, two thousand eighteen. Its international theatrical dissemination began on the seventh of June, specifically in Singapore and Malaysia, preceding subsequent premieres in the United Kingdom, India, Italy, South Korea, and Angola on the eighth of June. Finally, it was unveiled to a wider audience in the United States on the twenty-second of June, two thousand eighteen.","
Knowledge: Jurassic World: Fallen Kingdom is a 2018 American science fiction action film and the sequel to Jurassic World (2015). Directed by J. A. Bayona, it is the second installment of the Jurassic World trilogy, and the fifth overall installment of the Jurassic Park franchise.
Long Answer: American science fiction action film Jurassic World: Fallen Kingdom, the second installment of the Jurassic World trilogy, premiered at the WiZink Center in Madrid, Spain on May 21, 2018. The film was then released theatrically in the United States on June 22, 2018.
Context: ""Jurassic World: Fallen Kingdom"" had its premiere at the WiZink Center in Madrid, Spain, on May 21, 2018. The film's international theatrical release began in Singapore and Malaysia on June 7, the United Kingdom, India, Italy, South Korea and Angola on June 8, and Pakistan on June 16, 2018. The film was then released in the United States on June 22, 2018.
Context: Filming took place from February to July 2017 in the United Kingdom and in Hawaii. Produced and distributed by Universal Pictures, ""Fallen Kingdom"" premiered in Madrid on May 21, 2018, and was released in the United States on June 22, 2018. The film grossed over $1.3 billion worldwide, making it the third ""Jurassic"" film to pass the billion-dollar mark, and was the third-highest-grossing film of 2018 and the 15th highest-grossing film of all-time. It received mixed reviews from critics, who praised Pratt and Howard's performances, Bayona's direction, the visuals, and the ""surprisingly dark moments"", while others suggested the series had run its course, criticizing its screenplay and predictability. An untitled sequel is set to be released on June 11, 2021, with Trevorrow returning to direct.",0.2252528667449951,0.0,0.0
E12400,400,9,simple,"['Team Australia', 'Isaac Caldiero', 'Geoff Britten']",Who won season 7 of american ninja warrior?,"
Team USA won season 7 of American Ninja Warrior.","
Knowledge: The series premiered on December 12, 2009, on the now-defunct cable channel G4, and now airs on NBC with encore episodes being shown on NBCSN.
Knowledge: American Ninja Warrior: USA vs. The World is a television special aired approximately once a year on NBC.
Long Answer: There is an NBC series called American Ninja Warrior and an NBC TV special called American Ninja Warrior: USA vs. The World, which airs about once a year. Team Australia won in Season 7 of American Ninja Warrior: USA vs. The World. In Season 7 of American Ninja Warrior, Isaac Caldiero won $1,000,000 and Geoff Britten won the title of ""First American Ninja Warrior.""
Context: During Stage Four, it was Team USA Drew Drechsel vs. Team Australia Ashlin Herbert to rope climb the 80 foot tower of Mt. Midoriyama. Despite Herbert's team putting a bucket of beer at the top for extra motivation, it was Drechsel who completed the climb in a time of 33.43 seconds, winning it for Team USA.
Context: Isaac Caldiero and Geoff Britten were the first two people to reach Stage 4 in the 7 season history of the show. Since there were two competitors, the title of ""First American Ninja Warrior"" along with the grand prize was given to the athlete with the fastest time to climb the tower via a 75-foot rope and hit the buzzer at the top. While Britten was able to hit the buzzer at the top with 0.35 seconds remaining, Caldiero hit the buzzer with 3.86 seconds left and won the title and the prize money.",0.3832782208919525,0.0239802967618271,0.0
E13400,400,76,complex,"['Team Australia', 'Isaac Caldiero', 'Geoff Britten']",Who won season 7 of american ninja warrior?,"
Season 7 of American Ninja Warrior was marked by a paradigmatic victory for the United States of America. Team USA emerged triumphant, with Isaac Caldiero securing a $1,000,000 prize and a distinction that solidified his position as the inaugural ""American Ninja Warrior."" Specifically, Caldiero's remarkable time of 33.43 seconds to complete the challenging Mt. Midoriyama obstacle course earned him the title, thereby solidifying his position as a pioneering figure in the world of American Ninja Warrior.","
Knowledge: The series premiered on December 12, 2009, on the now-defunct cable channel G4, and now airs on NBC with encore episodes being shown on NBCSN.
Knowledge: American Ninja Warrior: USA vs. The World is a television special aired approximately once a year on NBC.
Long Answer: There is an NBC series called American Ninja Warrior and an NBC TV special called American Ninja Warrior: USA vs. The World, which airs about once a year. Team Australia won in Season 7 of American Ninja Warrior: USA vs. The World. In Season 7 of American Ninja Warrior, Isaac Caldiero won $1,000,000 and Geoff Britten won the title of ""First American Ninja Warrior.""
Context: During Stage Four, it was Team USA Drew Drechsel vs. Team Australia Ashlin Herbert to rope climb the 80 foot tower of Mt. Midoriyama. Despite Herbert's team putting a bucket of beer at the top for extra motivation, it was Drechsel who completed the climb in a time of 33.43 seconds, winning it for Team USA.
Context: Isaac Caldiero and Geoff Britten were the first two people to reach Stage 4 in the 7 season history of the show. Since there were two competitors, the title of ""First American Ninja Warrior"" along with the grand prize was given to the athlete with the fastest time to climb the tower via a 75-foot rope and hit the buzzer at the top. While Britten was able to hit the buzzer at the top with 0.35 seconds remaining, Caldiero hit the buzzer with 3.86 seconds left and won the title and the prize money.",0.2652243971824646,0.0055869264595367,0.3333333333333333
E12401,401,47,simple,"['James VI', 'James I', 'James VI and I', 'the divine right of kings']",Who wrote trew law and what was it about?,"
James VI of Scotland wrote a book called ""The Trew Law of Free Monarchies"". This book was about the idea of kings being in charge and what their powers are. He wanted to explain why kings are special and why they have the right to make decisions.","
Knowledge: James VI and I (James Charles Stuart; 19 June 1566 – 27 March 1625) was King of Scotland as James VI from 24 July 1567 and King of England and Ireland as James I from the union of the Scottish and English crowns on 24 March 1603 until his death in 1625.
Long Answer: James VI of Scotland, who was also King of England and Ireland as James I, wrote the treatise The Trew Law of Free Monarchies about the divine right of kings. In it, James explains that for Biblical reasons kings are higher beings than other men. The document proposes an absolutist theory of monarchy by which a king may impose new laws by royal prerogative but must also pay heed to tradition and to God. Published in 1598, the treatise, sometimes referred to as an essay, is considered remarkable for setting out the doctrine of the ""divine right of kings"" in Scotland, and later England, for the first time.
Context: The Reciprocal and Mutual Duty Betwixt a Free King and His Natural Subjects (original Scots title: The Trve Lawe of free Monarchies: Or, The Reciprock and Mvtvall Dvtie Betwixt a free King, and his naturall Subiectes) is a treatise or essay of political theory and kingship by James VI of Scotland (later to be crowned James I of England too). It is believed James VI wrote the tract to set forth his idea of kingship, in contrast to the contractarian views espoused by, among others, George Buchanan (in ""De Jure Regni apud Scotos"", 1579). James VI had the work published in 1598. It is considered remarkable for setting out the doctrine of the ""divine right of kings"" in Scotland, and latterly England, for the first time. James saw the divine right of kings as an extension of the apostolic succession.
Context: In 1597–8, James wrote two works, ""The Trew Law of Free Monarchies"" and ""Basilikon Doron"" (Royal Gift), in which he established an ideological base for monarchy. In the ""Trew Law"", he sets out the divine right of kings, explaining that for Biblical reasons kings are higher beings than other men, though ""the highest bench is the sliddriest to sit upon"". The document proposes an absolutist theory of monarchy, by which a king may impose new laws by royal prerogative but must also pay heed to tradition and to God, who would ""stirre up such scourges as pleaseth him, for punishment of wicked kings"". ""Basilikon Doron"", written as a book of instruction for the four-year-old Prince Henry, provides a more practical guide to kingship. Despite banalities and sanctimonious advice, the work is well written, perhaps the best example of James's prose. James's advice concerning parliaments, which he understood as merely the king's ""head court"", foreshadows his difficulties with the English Commons: ""Hold no Parliaments,"" he tells Henry, ""but for the necesitie of new Lawes, which would be but seldome"". In the ""True Law"" James states that the king owns his realm as a feudal lord owns his fief, because:",0.2014731466770172,0.0134478169512478,0.25
E13401,401,241,complex,"['James VI', 'James I', 'James VI and I', 'the divine right of kings']",Who wrote trew law and what was it about?,"
James VI of Scotland, who was subsequently crowned James I of England in 1603, authored the treatise ""The Trew Law of Free Monarchies"", a seminal work of political theory and absolutist ideology that expounded upon the doctrine of the ""divine right of kings"". This seminal work, first published in 1598, presents a comprehensive exposition of the monarch's divine mandate and the reciprocal duties that bind a sovereign to his subjects.

In ""The Trew Law of Free Monarchies"", James VI delineated a theoretical framework for the exercise of royal authority, positing that the monarch's position is divinely ordained and that he possesses inherent authority to impose novel laws through the prerogative of the crown. This concept, which posits that the king's authority is an extension of his divinity, served as a cornerstone of the Stuart dynasty's ideological agenda, informing the monarch's relationships with his subjects and shaping the trajectory of English politics for centuries to come.

By articulating this philosophy, James VI aimed to legitimize his own reign and establish a theological foundation for his rule, thereby underscoring the notion that the monarch's authority is divinely sanctioned and that his subjects owe a deep sense of reverence and obedience. The ""Trew Law of Free Monarchies"" thus represents a pivotal moment in the evolution of absolutist thought, offering a profound meditation on the relationship between the monarch and his subjects that would have a lasting impact on the development of Western political theory.","
Knowledge: James VI and I (James Charles Stuart; 19 June 1566 – 27 March 1625) was King of Scotland as James VI from 24 July 1567 and King of England and Ireland as James I from the union of the Scottish and English crowns on 24 March 1603 until his death in 1625.
Long Answer: James VI of Scotland, who was also King of England and Ireland as James I, wrote the treatise The Trew Law of Free Monarchies about the divine right of kings. In it, James explains that for Biblical reasons kings are higher beings than other men. The document proposes an absolutist theory of monarchy by which a king may impose new laws by royal prerogative but must also pay heed to tradition and to God. Published in 1598, the treatise, sometimes referred to as an essay, is considered remarkable for setting out the doctrine of the ""divine right of kings"" in Scotland, and later England, for the first time.
Context: The Reciprocal and Mutual Duty Betwixt a Free King and His Natural Subjects (original Scots title: The Trve Lawe of free Monarchies: Or, The Reciprock and Mvtvall Dvtie Betwixt a free King, and his naturall Subiectes) is a treatise or essay of political theory and kingship by James VI of Scotland (later to be crowned James I of England too). It is believed James VI wrote the tract to set forth his idea of kingship, in contrast to the contractarian views espoused by, among others, George Buchanan (in ""De Jure Regni apud Scotos"", 1579). James VI had the work published in 1598. It is considered remarkable for setting out the doctrine of the ""divine right of kings"" in Scotland, and latterly England, for the first time. James saw the divine right of kings as an extension of the apostolic succession.
Context: In 1597–8, James wrote two works, ""The Trew Law of Free Monarchies"" and ""Basilikon Doron"" (Royal Gift), in which he established an ideological base for monarchy. In the ""Trew Law"", he sets out the divine right of kings, explaining that for Biblical reasons kings are higher beings than other men, though ""the highest bench is the sliddriest to sit upon"". The document proposes an absolutist theory of monarchy, by which a king may impose new laws by royal prerogative but must also pay heed to tradition and to God, who would ""stirre up such scourges as pleaseth him, for punishment of wicked kings"". ""Basilikon Doron"", written as a book of instruction for the four-year-old Prince Henry, provides a more practical guide to kingship. Despite banalities and sanctimonious advice, the work is well written, perhaps the best example of James's prose. James's advice concerning parliaments, which he understood as merely the king's ""head court"", foreshadows his difficulties with the English Commons: ""Hold no Parliaments,"" he tells Henry, ""but for the necesitie of new Lawes, which would be but seldome"". In the ""True Law"" James states that the king owns his realm as a feudal lord owns his fief, because:",0.1769112944602966,0.0029224832105753,0.5
E12402,402,9,simple,"['Jim Croce', 'Maureen McCormick', 'Ken Jeong', 'Yungblud']",Who sang if i could save time in a bottle?,"
Time in a Bottle was sung by Jim Croce.","
Knowledge: ""Time in a Bottle"" is a hit single by singer-songwriter Jim Croce. Croce wrote the lyrics after his wife Ingrid told him she was pregnant, in December 1970.[1] It appeared on his 1972 ABC debut album You Don't Mess Around with Jim and was featured in the 1973 ABC made-for-television movie ""She Lives!"".
Knowledge: The Hangover Part II is a 2011 American comedy film produced by Legendary Pictures and distributed by Warner Bros. Pictures.
Knowledge: The Brady Bunch Hour is an American variety show featuring skits and songs produced by Sid & Marty Krofft Productions in association with Paramount Television that aired on ABC from November 28, 1976, to May 25, 1977.
Knowledge: Kendrick Kang-Joh Jeong (Korean: 정강조; Hanja: 鄭康祖, born July 13, 1969) is an American stand-up comedian, actor, producer, writer, television personality and licensed physician.
Knowledge: Dominic Richard Harrison (born 5 August 1997), known professionally as Yungblud (stylized YUNGBLUD), is an English singer, songwriter, and actor.
Knowledge: Maureen McCormick performed the song on a 1977 episode of the variety show The Brady Bunch Hour.
Knowledge: Maureen Denise McCormick (born August 5, 1956) is an American actress, singer and author.
Long Answer: Time in a Bottle was originally sung by singer-songwriter Jim Croce but has been sung by others in both film and shows. The song first appeared on Croce's 1972 ABC debut album You Don't Mess Around with Jim, after which actress Maureen McCormick performed it in 1977 on the variety show The Brady Bunch Hour. In the 2011 comedy film The Hangover Part II, the song was sung by actor Ken Jeong. In the 2019 film Hobbes and Shaw, English singer Yungblud sang it.",0.3240188956260681,0.0239802967618271,0.25
E13402,402,22,complex,"['Jim Croce', 'Maureen McCormick', 'Ken Jeong', 'Yungblud']",Who sang if i could save time in a bottle?,"
The esteemed individual responsible for rendering the emotive ballad ""If I Could Save Time in a Bottle"" is the illustrious Jim Croce.","
Knowledge: ""Time in a Bottle"" is a hit single by singer-songwriter Jim Croce. Croce wrote the lyrics after his wife Ingrid told him she was pregnant, in December 1970.[1] It appeared on his 1972 ABC debut album You Don't Mess Around with Jim and was featured in the 1973 ABC made-for-television movie ""She Lives!"".
Knowledge: The Hangover Part II is a 2011 American comedy film produced by Legendary Pictures and distributed by Warner Bros. Pictures.
Knowledge: The Brady Bunch Hour is an American variety show featuring skits and songs produced by Sid & Marty Krofft Productions in association with Paramount Television that aired on ABC from November 28, 1976, to May 25, 1977.
Knowledge: Kendrick Kang-Joh Jeong (Korean: 정강조; Hanja: 鄭康祖, born July 13, 1969) is an American stand-up comedian, actor, producer, writer, television personality and licensed physician.
Knowledge: Dominic Richard Harrison (born 5 August 1997), known professionally as Yungblud (stylized YUNGBLUD), is an English singer, songwriter, and actor.
Knowledge: Maureen McCormick performed the song on a 1977 episode of the variety show The Brady Bunch Hour.
Knowledge: Maureen Denise McCormick (born August 5, 1956) is an American actress, singer and author.
Long Answer: Time in a Bottle was originally sung by singer-songwriter Jim Croce but has been sung by others in both film and shows. The song first appeared on Croce's 1972 ABC debut album You Don't Mess Around with Jim, after which actress Maureen McCormick performed it in 1977 on the variety show The Brady Bunch Hour. In the 2011 comedy film The Hangover Part II, the song was sung by actor Ken Jeong. In the 2019 film Hobbes and Shaw, English singer Yungblud sang it.",0.1493453979492187,0.0086874757827166,0.25
E12403,403,4,simple,"['bookmakers', 'Billie Brown', 'Rocky Roberts', ""Micky 'Hokey' Stuart, Billie Brown and Rocky Roberts"", ""Micky 'Hokey' Stuart"", 'John McCririck']",Who uses a signalling system known as tick tack?,"
Horse bookmakers use tick-tack.","
Knowledge: John Michael McCririck[1] (17 April 1940 – 5 July 2019) was an English horse racing pundit, television personality, and journalist.
Long Answer: Tick-tack, a traditional method of signs to communicate the odds of certain horses, is and has been generally used by bookmakers but is rarely seen nowadays due to the advent of mobile technology. Though once a common sight on UK racecourses, only three practitioners of tick-tack were still working on the southern UK tracks in 1999, Micky 'Hokey' Stuart, Billie Brown, and Rocky Roberts. Among celebrities, English horse racing pundit, television personality, and journalist John McCririck was also known to use it.
Context: Tic-tac (also tick-tack and non-hyphenated variants) is a traditional method of signs used by bookmakers to communicate the odds of certain horses. Until the turn of the 21st century it was a very common sight on racecourses in the UK, but with the advent of mobile technology it is now seldom seen. In 1999, only three practitioners were noted to be still working on the southern UK tracks – Micky 'Hokey' Stuart, Billie Brown and Rocky Roberts. A tic-tac man will usually wear bright white gloves to make his hand movements easily seen.
Context: British racing pundit John McCririck used tic-tac as part of his pieces to camera when explaining the odds of the horses for the next race.",0.3127282857894897,0.0803428418944651,0.1666666666666666
E13403,403,169,complex,"['bookmakers', 'Billie Brown', 'Rocky Roberts', ""Micky 'Hokey' Stuart, Billie Brown and Rocky Roberts"", ""Micky 'Hokey' Stuart"", 'John McCririck']",Who uses a signalling system known as tick tack?,"
A plethora of individuals have historically utilized a signalling system known as tick-tack, a antiquated yet efficacious method of communicating the odds of certain horses, primarily employed by bookmakers in the UK. This archaic yet ingenious system, characterized by a series of rapid, alternating taps on a surface, was once a ubiquitous feature of UK racecourses, where skilled practitioners would meticulously convey the likelihood of a particular horse's victory. However, the advent of mobile technology has precipitated a significant decline in the usage of this system, rendering it an almost anachronistic sight on modern-day racecourses.

Notable individuals who have employed the tick-tack system in their line of work include Micky 'Hokey' Stuart, Billie Brown, and Rocky Roberts, three stalwarts who continued to ply their trade on southern UK tracks as late as 1999. Additionally, the esteemed English horse racing pundit, television personality, and journalist, John McCririck, was also known to incorporate the tick-tack system into his expert analysis, further underscoring its significance in the world of UK horse racing.","
Knowledge: John Michael McCririck[1] (17 April 1940 – 5 July 2019) was an English horse racing pundit, television personality, and journalist.
Long Answer: Tick-tack, a traditional method of signs to communicate the odds of certain horses, is and has been generally used by bookmakers but is rarely seen nowadays due to the advent of mobile technology. Though once a common sight on UK racecourses, only three practitioners of tick-tack were still working on the southern UK tracks in 1999, Micky 'Hokey' Stuart, Billie Brown, and Rocky Roberts. Among celebrities, English horse racing pundit, television personality, and journalist John McCririck was also known to use it.
Context: Tic-tac (also tick-tack and non-hyphenated variants) is a traditional method of signs used by bookmakers to communicate the odds of certain horses. Until the turn of the 21st century it was a very common sight on racecourses in the UK, but with the advent of mobile technology it is now seldom seen. In 1999, only three practitioners were noted to be still working on the southern UK tracks – Micky 'Hokey' Stuart, Billie Brown and Rocky Roberts. A tic-tac man will usually wear bright white gloves to make his hand movements easily seen.
Context: British racing pundit John McCririck used tic-tac as part of his pieces to camera when explaining the odds of the horses for the next race.",0.246200829744339,0.0168865082728694,0.8333333333333334
E12404,404,12,simple,"['September 19, 1985', 'October 9, 1986', 'November 6, 1986']",When was the immigration reform and control act passed?,"
The Immigration Reform and Control Act was passed on November 6, 1986.","
Knowledge: The United States Congress is the bicameral legislature of the federal government of the United States and consists of the House of Representatives and the Senate.
Long Answer: Before being passed into law, the Immigration Reform and Control Act was passed by Congress, consisting of both the House of Representatives and the Senate. It was passed by the Senate on September 19, 1985, and then by the House on October 9, 1986. The act was finally signed into law by President Ronald Reagan on November 6, 1986.
Context: The Immigration Reform and Control Act (IRCA or the Simpson–Mazzoli Act) was passed by the 99th United States Congress and signed into law by President Ronald Reagan on November 6, 1986.",0.5894728302955627,0.0360208028820736,0.3333333333333333
E13404,404,83,complex,"['September 19, 1985', 'October 9, 1986', 'November 6, 1986']",When was the immigration reform and control act passed?,"
The Immigration Reform and Control Act, also known as the Simpson-Mazzoli Act, underwent a legislative process prior to its enactment. Specifically, the pertinent legislative milestones leading to its adoption were as follows: On September 19, 1985, the Senate passed the bill, subsequently propelling it towards its eventual passage in both chambers of Congress. The House of Representatives followed suit, formally approving the legislation on October 9, 1986, after which it was subsequently signed into law by President Ronald Reagan on November 6, 1986.","
Knowledge: The United States Congress is the bicameral legislature of the federal government of the United States and consists of the House of Representatives and the Senate.
Long Answer: Before being passed into law, the Immigration Reform and Control Act was passed by Congress, consisting of both the House of Representatives and the Senate. It was passed by the Senate on September 19, 1985, and then by the House on October 9, 1986. The act was finally signed into law by President Ronald Reagan on November 6, 1986.
Context: The Immigration Reform and Control Act (IRCA or the Simpson–Mazzoli Act) was passed by the 99th United States Congress and signed into law by President Ronald Reagan on November 6, 1986.",0.421854555606842,0.0079928449549961,1.0
E12405,405,28,simple,"['Salerno', 'around Salerno', 'Comune di Salerno', 'Salierno', 'northern Italy', 'Italian peninsula', 'northern', 'northern Italy', 'Italian peninsula', 'northern', 'Otranto, Italy', 'Otranto', 'Reggio Calabria, Italy', 'Calabria', 'Taranto, Italy', 'Taranto', 'port of Taranto']",Where did the invasion of italy take place?,"
The invasion of Italy took place on the mainland of Italy. Specifically, it began in the area around the city of Salerno on the western coast of Italy.","
Knowledge: Italy (Italian: Italia [iˈtaːlja] (About this soundlisten)), officially the Italian Republic (Italian: Repubblica Italiana [reˈpubːlika itaˈljaːna]),[13][14] is a country consisting of a peninsula delimited by the Alps and several islands surrounding it.
Knowledge: The First Italian War, sometimes referred to as the Italian War of 1494 or Charles VIII's Italian War, was the opening phase of the Italian Wars.
Knowledge: The Ottoman invasion of Otranto occurred between 1480 and 1481 at the Italian city of Otranto in Apulia, southern Italy. Forces of the Ottoman Empire invaded and laid siege to the city and its citadel.
Long Answer: There have been a number of invasions of Italy over the centuries in various parts of the country. In the Allied invasion in World War II, the main invasion force landed around Salerno while two supporting operations, Operation Baytown and Operation Slapstick, took place in Calabria and Taranto, respectively. The Lombardic invasion and the invasion of the First Italian War, also called the Italian War of 1494, both took place in northern Italy and the Italian peninsula. In the Ottoman invasion in the 1480s, the Ottoman Empire invaded the Italian city of Otranto in southern Italy.
Context: The Allied invasion of Italy was the Allied amphibious landing on mainland Italy that took place on 3 September 1943 during the early stages of the Italian Campaign of World War II. The operation was undertaken by General Sir Harold Alexander's 15th Army Group (comprising General Mark W. Clark's Fifth Army and General Bernard Montgomery's British Eighth Army) and followed the successful invasion of Sicily. The main invasion force landed around Salerno on 9 September on the western coast in Operation Avalanche, while two supporting operations took place in Calabria (Operation Baytown) and Taranto (Operation Slapstick).
Context: In the original planning, the great attraction of capturing the important port of Taranto in the ""heel"" of Italy had been evident and an assault had been considered but rejected because of the very strong defenses there. However, with the signing of the armistice with the Italians on 3 September the picture changed. It was decided to carry the British 1st Airborne Division (Major-General George F. Hopkinson) to Taranto using British warships, seize the port and several nearby airfields and follow up by shipping in Lieutenant-General Charles Allfrey's British V Corps and a number of fighter squadrons. The airborne division, which was undergoing training exercises in two locations apart, was ordered on 4 September to embark on 8 September. With such short notice to create plans, Operation Slapstick was soon nicknamed Operation Bedlam.",0.3317518532276153,0.00949852586774,0.0714285714285714
E13405,405,76,complex,"['Salerno', 'around Salerno', 'Comune di Salerno', 'Salierno', 'northern Italy', 'Italian peninsula', 'northern', 'northern Italy', 'Italian peninsula', 'northern', 'Otranto, Italy', 'Otranto', 'Reggio Calabria, Italy', 'Calabria', 'Taranto, Italy', 'Taranto', 'port of Taranto']",Where did the invasion of italy take place?,"
The invasion of Italy, specifically the aforementioned Italian Campaign of World War II, unfolded primarily along the western and southern coasts of the Italian peninsula. The main invasion force landed around the city of Salerno on September 9, 1943, marking the commencement of the Allied amphibious assault on mainland Italy. In addition to the salient invasion site, two supporting operations, codenamed Operation Baytown and Operation Slapstick, were executed in the regions of Calabria and Taranto, respectively.","
Knowledge: Italy (Italian: Italia [iˈtaːlja] (About this soundlisten)), officially the Italian Republic (Italian: Repubblica Italiana [reˈpubːlika itaˈljaːna]),[13][14] is a country consisting of a peninsula delimited by the Alps and several islands surrounding it.
Knowledge: The First Italian War, sometimes referred to as the Italian War of 1494 or Charles VIII's Italian War, was the opening phase of the Italian Wars.
Knowledge: The Ottoman invasion of Otranto occurred between 1480 and 1481 at the Italian city of Otranto in Apulia, southern Italy. Forces of the Ottoman Empire invaded and laid siege to the city and its citadel.
Long Answer: There have been a number of invasions of Italy over the centuries in various parts of the country. In the Allied invasion in World War II, the main invasion force landed around Salerno while two supporting operations, Operation Baytown and Operation Slapstick, took place in Calabria and Taranto, respectively. The Lombardic invasion and the invasion of the First Italian War, also called the Italian War of 1494, both took place in northern Italy and the Italian peninsula. In the Ottoman invasion in the 1480s, the Ottoman Empire invaded the Italian city of Otranto in southern Italy.
Context: The Allied invasion of Italy was the Allied amphibious landing on mainland Italy that took place on 3 September 1943 during the early stages of the Italian Campaign of World War II. The operation was undertaken by General Sir Harold Alexander's 15th Army Group (comprising General Mark W. Clark's Fifth Army and General Bernard Montgomery's British Eighth Army) and followed the successful invasion of Sicily. The main invasion force landed around Salerno on 9 September on the western coast in Operation Avalanche, while two supporting operations took place in Calabria (Operation Baytown) and Taranto (Operation Slapstick).
Context: In the original planning, the great attraction of capturing the important port of Taranto in the ""heel"" of Italy had been evident and an assault had been considered but rejected because of the very strong defenses there. However, with the signing of the armistice with the Italians on 3 September the picture changed. It was decided to carry the British 1st Airborne Division (Major-General George F. Hopkinson) to Taranto using British warships, seize the port and several nearby airfields and follow up by shipping in Lieutenant-General Charles Allfrey's British V Corps and a number of fighter squadrons. The airborne division, which was undergoing training exercises in two locations apart, was ordered on 4 September to embark on 8 September. With such short notice to create plans, Operation Slapstick was soon nicknamed Operation Bedlam.",0.3560303449630737,0.0037362029044314,0.2857142857142857
E12406,406,28,simple,"['Urinary meatus', 'meatus', 'external urethral orifice', 'vulval vestibule', '2.5 cm behind the clitoris and immediately in front of the vagina']",Where is the urethral opening located in females?,"
The urethral opening, or the hole for urine, is in the front of the female body, near the vagina. It is in a special area called the vulva.","
Knowledge: The vulval vestibule (or vulvar vestibule or vestibule of vagina) is a part of the vulva between the labia minora into which the urinary meatus (urethral opening) and the vaginal opening open.
Knowledge: The vulva (plural: vulvas or vulvae; derived from Latin for wrapper or covering) consists of the external female sex organs.
Knowledge: The labia minora (Latin for smaller lips, singular: labium minus ""smaller lip""), also known as the inner labia, inner lips, vaginal lips or nymphae,[1] are two flaps of skin on either side of the human vaginal opening in the vulva, situated between the labia majora (Latin for larger lips; also called outer labia, or outer lips).
Long Answer: The female urethral opening, called the urinary meatus or external urethral orifice, is located in the vulva, which consists of the external female sex organs. Specifically, the urinary meatus is in the vulval vestibule, part of the vulva between the labia minora, two flaps of skin on either side of the human vaginal opening. With respect to other anatomical parts, the urinary meatus is 2.5 cm behind the clitoris and immediately in front of the vagina.
Context: The female external urethral orifice is the external opening of the urethra, from which urine is ejected during urination. It is located about 2.5 cm behind the clitoris and immediately in front of the vagina in the vulval vestibule. It usually assumes the form of a short, sagittal cleft with slightly raised margins. To its left and right are the openings of the Skene's glands.",0.3480182886123657,0.0395308837466984,0.0
E13406,406,62,complex,"['Urinary meatus', 'meatus', 'external urethral orifice', 'vulval vestibule', '2.5 cm behind the clitoris and immediately in front of the vagina']",Where is the urethral opening located in females?,"
In females, the urethral opening, colloquially referred to as the meatus, is situated within the vulval vestibule, a region situated between the two flaps of skin known as the labia minora, which are the innermost pair of labial structures surrounding the vaginal orifice. Specifically, the urethral orifice is positioned approximately 2.5 centimeters posterior to the clitoris, and immediately anterior to the vagina.","
Knowledge: The vulval vestibule (or vulvar vestibule or vestibule of vagina) is a part of the vulva between the labia minora into which the urinary meatus (urethral opening) and the vaginal opening open.
Knowledge: The vulva (plural: vulvas or vulvae; derived from Latin for wrapper or covering) consists of the external female sex organs.
Knowledge: The labia minora (Latin for smaller lips, singular: labium minus ""smaller lip""), also known as the inner labia, inner lips, vaginal lips or nymphae,[1] are two flaps of skin on either side of the human vaginal opening in the vulva, situated between the labia majora (Latin for larger lips; also called outer labia, or outer lips).
Long Answer: The female urethral opening, called the urinary meatus or external urethral orifice, is located in the vulva, which consists of the external female sex organs. Specifically, the urinary meatus is in the vulval vestibule, part of the vulva between the labia minora, two flaps of skin on either side of the human vaginal opening. With respect to other anatomical parts, the urinary meatus is 2.5 cm behind the clitoris and immediately in front of the vagina.
Context: The female external urethral orifice is the external opening of the urethra, from which urine is ejected during urination. It is located about 2.5 cm behind the clitoris and immediately in front of the vagina in the vulval vestibule. It usually assumes the form of a short, sagittal cleft with slightly raised margins. To its left and right are the openings of the Skene's glands.",0.3270275294780731,0.0107680466817526,0.4
E12407,407,10,simple,"['nasone', 'fontanella', 'Lake Bracciano', 'aqueducts', 'aqueduct']",Where does rome's drinking water come from?,"
Rome's drinking water comes from a lake called Lake Bracciano.","
Knowledge: A system of eleven aqueducts supplied the city with water from as far away as the river Anio.
Knowledge: An aqueduct is a watercourse constructed to carry water from a source to a distribution point far away.
Long Answer: Rome's drinking water mainly comes from a lake, Lake Bracciano, and through a type of drinking fountain called a nasone, of which there are approximately 2,500 to 2,800 in Rome supplying citizens and tourists with free drinking water. Ancient Rome's drinking water was transported through aqueducts, watercourses constructed to carry water from a source to a distribution point far away, which supplied the city with water from as far away as the river Anio.
Context: A nasone (""plural"" nasoni), also called a fontanella (""plural"" fontanelle, lit. ""little fountains""), is a type of drinking fountain found in Rome, Italy. Literally meaning ""large nose"", they got their name from their characteristic design first introduced in the 1870s. There are approximately 2,500–2,800 nasoni in Rome, supplying citizens and tourists with free drinking water.
Context: In July 2017, Acea began to shut off some nasoni because drought had diminished the nearby Lake Bracciano, the city's main water reserve. The move was criticized by many, citing concerns that the decision will be hurtful to Rome's homeless population and local animals, both of which rely on fresh water from these fountains.
Context: The system in Rome was copied in all provincial towns and cities of the Roman Empire, and even down to villas that could afford the plumbing. Roman citizens came to expect high standards of hygiene, and the army was also well provided with latrines and bath houses, or thermae. Aqueducts were used everywhere in the empire not just to supply drinking water for private houses but to supply other needs such as irrigation, public fountains, and thermae. Indeed, many of the provincial aqueducts survive in working order to the present day, although modernized and updated. Of the eleven ancient aqueducts serving Rome, eight of them entered Rome close to each other on the Esquiline Hill. Also, the first aqueduct was the Aqua Appia built in 312 BC by the censor Appius. Other aqueducts of importance to Roman sanitation was the Aqua Marcia built between 144-140 BC, which provided large amounts of quality water to Rome. One Aqueduct with some major importance to Rome was Traiana, which tapped from the clear springs of the northern and western slopes above lake Bracciano. It is said that the “Romans fully appreciated the importance of plentiful and wholesome supply of water, for domestic purposes to health of the Community. It was stated by Amulree that for 441 years after the building of Rome, it depended on water from the Tiber for drinking and other domestic purposes, but in 312 BC Appius Claudius Crassus provide Rome with water from the Springs of the Alban hills and brought to consumers by the means of Aqueducts. The Amulree notes state that this practice is in line with the teachings of Hippocrates: that stagnant water should be refused, not the spring water from the hills or rain water.",0.4034843444824219,0.0211053406318726,0.2
E13407,407,114,complex,"['nasone', 'fontanella', 'Lake Bracciano', 'aqueducts', 'aqueduct']",Where does rome's drinking water come from?,"
In the storied annals of Rome's history, the city's drinking water has been sourced from a variety of aqueducts, which are sophisticated systems of watercourses engineered to convey water from distant sources to the metropolis. The primary supplier of Rome's drinking water is Lake Bracciano, a significant water reservoir located approximately 50 kilometers northwest of the city. Additionally, Rome's nasones, or public fountains, serve as supplementary sources of fresh water, providing citizens with a constant supply of potable water. The nasones, designed in the late 19th century, are an integral part of the city's hydraulic infrastructure, with approximately 2,500 to 2,800 units in operation, offering free drinking water to both the populace and tourists.","
Knowledge: A system of eleven aqueducts supplied the city with water from as far away as the river Anio.
Knowledge: An aqueduct is a watercourse constructed to carry water from a source to a distribution point far away.
Long Answer: Rome's drinking water mainly comes from a lake, Lake Bracciano, and through a type of drinking fountain called a nasone, of which there are approximately 2,500 to 2,800 in Rome supplying citizens and tourists with free drinking water. Ancient Rome's drinking water was transported through aqueducts, watercourses constructed to carry water from a source to a distribution point far away, which supplied the city with water from as far away as the river Anio.
Context: A nasone (""plural"" nasoni), also called a fontanella (""plural"" fontanelle, lit. ""little fountains""), is a type of drinking fountain found in Rome, Italy. Literally meaning ""large nose"", they got their name from their characteristic design first introduced in the 1870s. There are approximately 2,500–2,800 nasoni in Rome, supplying citizens and tourists with free drinking water.
Context: In July 2017, Acea began to shut off some nasoni because drought had diminished the nearby Lake Bracciano, the city's main water reserve. The move was criticized by many, citing concerns that the decision will be hurtful to Rome's homeless population and local animals, both of which rely on fresh water from these fountains.
Context: The system in Rome was copied in all provincial towns and cities of the Roman Empire, and even down to villas that could afford the plumbing. Roman citizens came to expect high standards of hygiene, and the army was also well provided with latrines and bath houses, or thermae. Aqueducts were used everywhere in the empire not just to supply drinking water for private houses but to supply other needs such as irrigation, public fountains, and thermae. Indeed, many of the provincial aqueducts survive in working order to the present day, although modernized and updated. Of the eleven ancient aqueducts serving Rome, eight of them entered Rome close to each other on the Esquiline Hill. Also, the first aqueduct was the Aqua Appia built in 312 BC by the censor Appius. Other aqueducts of importance to Roman sanitation was the Aqua Marcia built between 144-140 BC, which provided large amounts of quality water to Rome. One Aqueduct with some major importance to Rome was Traiana, which tapped from the clear springs of the northern and western slopes above lake Bracciano. It is said that the “Romans fully appreciated the importance of plentiful and wholesome supply of water, for domestic purposes to health of the Community. It was stated by Amulree that for 441 years after the building of Rome, it depended on water from the Tiber for drinking and other domestic purposes, but in 312 BC Appius Claudius Crassus provide Rome with water from the Springs of the Alban hills and brought to consumers by the means of Aqueducts. The Amulree notes state that this practice is in line with the teachings of Hippocrates: that stagnant water should be refused, not the spring water from the hills or rain water.",0.2763996720314026,0.0015807708760779,0.8
E12408,408,81,simple,"['cytoplasm', 'mitochondria', 'extracellular']",Where is superoxide dismutase found in the body?,"
Superoxide dismutase is found in three places in the body:

1. Inside the cell (in the cytoplasm) - this enzyme helps to protect the cell from damage caused by bad molecules.
2. Inside some cells (in the mitochondria) - this helps to protect the cell's energy-producing parts.
3. Outside the cell (in the extra-cellular space) - this one helps to keep the space around the cell healthy.

Think of it like three superheroes that work together to keep the cell healthy!","
Knowledge: In cell biology, the cytoplasm is all of the material within a eukaryotic cell, enclosed by the cell membrane, except for the cell nucleus.
Knowledge: A mitochondrion (/ˌmaɪtəˈkɒndriən/,[1] plural mitochondria) is a double membrane-bound organelle found in most eukaryotic organisms.
Knowledge: extracellular
Of or occurring in the space outside the plasma membrane of a cell.
Knowledge: Superoxide dismutase [Cu-Zn] also known as superoxide dismutase 1 or SOD1 is an enzyme that in humans is encoded by the SOD1 gene, located on chromosome 21.
Long Answer: Three forms of superoxide dismutase are present in humans, in all other mammals, and in most chordates, SOD1, SOD2, and SOD3, each located in a different part of the body. Superoxide dismutase 1, or SOD1, is located in the cytoplasm, the material within a eukaryotic cell enclosed by the cell membrane except for the cell nucleus. SOD2 is found in the mitochondria, an organelle found in most eukaryotic organisms. Finally, SOD3 is extracellular, meaning it occurs in the space outside the plasma membrane of a cell.
Context: Three forms of superoxide dismutase are present in humans, in all other mammals, and most chordates. SOD1 is located in the cytoplasm, SOD2 in the mitochondria, and SOD3 is extracellular. The first is a dimer (consists of two units), whereas the others are tetramers (four subunits). SOD1 and SOD3 contain copper and zinc, whereas SOD2, the mitochondrial enzyme, has manganese in its reactive centre. The genes are located on chromosomes 21, 6, and 4, respectively (21q22.1, 6q25.3 and 4p15.3-p15.1).
Context: In higher plants, SOD isozymes have been localized in different cell compartments. Mn-SOD is present in mitochondria and peroxisomes. Fe-SOD has been found mainly in chloroplasts but has also been detected in peroxisomes, and CuZn-SOD has been localized in cytosol, chloroplasts, peroxisomes, and apoplast.
Context: In mice, the extracellular superoxide dismutase (SOD3, ecSOD) contributes to the development of hypertension. Diminished SOD3 activity has been linked to lung diseases such as Acute Respiratory Distress Syndrome (ARDS) or Chronic obstructive pulmonary disease (COPD).",0.074851170182228,0.0,0.6666666666666666
E13408,408,209,complex,"['cytoplasm', 'mitochondria', 'extracellular']",Where is superoxide dismutase found in the body?,"
Superoxide dismutase is a multifunctional enzyme, which is strategically localized in various subcellular compartments throughout the organism, thus ensuring its optimal functionality. Specifically, three distinct forms of superoxide dismutase (SOD1, SOD2, and SOD3) have been identified, each exhibiting unique tissue distributions.

SOD1, also known as superoxide dismutase 1, is predominantly situated in the cytoplasm, the extracellular matrix comprising the liquid environment within a eukaryotic cell, excluding the cell nucleus. This location enables the enzyme to efficiently neutralize superoxide anions and mitigate oxidative stress.

In contrast, SOD2, the mitochondrial enzyme, is localized within the mitochondria, a complex organelle ubiquitous in eukaryotic cells, where it plays a crucial role in the electron transport chain and energy production. The mitochondrial compartment provides an optimal environment for SOD2 to perform its function, effectively scavenging superoxide anions and maintaining mitochondrial homeostasis.

Finally, SOD3, or extracellular superoxide dismutase, is found in the extracellular space, the interstitial fluid surrounding the plasma membrane of eukaryotic cells. This strategic positioning enables SOD3 to exert its antioxidant activity in the extracellular environment, protecting cells from oxidative damage and maintaining tissue health.

In summary, the presence of superoxide dismutase in distinct cellular compartments underscores its versatility and the importance of this enzyme in maintaining cellular homeostasis and overall organismal well-being.","
Knowledge: In cell biology, the cytoplasm is all of the material within a eukaryotic cell, enclosed by the cell membrane, except for the cell nucleus.
Knowledge: A mitochondrion (/ˌmaɪtəˈkɒndriən/,[1] plural mitochondria) is a double membrane-bound organelle found in most eukaryotic organisms.
Knowledge: extracellular
Of or occurring in the space outside the plasma membrane of a cell.
Knowledge: Superoxide dismutase [Cu-Zn] also known as superoxide dismutase 1 or SOD1 is an enzyme that in humans is encoded by the SOD1 gene, located on chromosome 21.
Long Answer: Three forms of superoxide dismutase are present in humans, in all other mammals, and in most chordates, SOD1, SOD2, and SOD3, each located in a different part of the body. Superoxide dismutase 1, or SOD1, is located in the cytoplasm, the material within a eukaryotic cell enclosed by the cell membrane except for the cell nucleus. SOD2 is found in the mitochondria, an organelle found in most eukaryotic organisms. Finally, SOD3 is extracellular, meaning it occurs in the space outside the plasma membrane of a cell.
Context: Three forms of superoxide dismutase are present in humans, in all other mammals, and most chordates. SOD1 is located in the cytoplasm, SOD2 in the mitochondria, and SOD3 is extracellular. The first is a dimer (consists of two units), whereas the others are tetramers (four subunits). SOD1 and SOD3 contain copper and zinc, whereas SOD2, the mitochondrial enzyme, has manganese in its reactive centre. The genes are located on chromosomes 21, 6, and 4, respectively (21q22.1, 6q25.3 and 4p15.3-p15.1).
Context: In higher plants, SOD isozymes have been localized in different cell compartments. Mn-SOD is present in mitochondria and peroxisomes. Fe-SOD has been found mainly in chloroplasts but has also been detected in peroxisomes, and CuZn-SOD has been localized in cytosol, chloroplasts, peroxisomes, and apoplast.
Context: In mice, the extracellular superoxide dismutase (SOD3, ecSOD) contributes to the development of hypertension. Diminished SOD3 activity has been linked to lung diseases such as Acute Respiratory Distress Syndrome (ARDS) or Chronic obstructive pulmonary disease (COPD).",0.1694652289152145,0.0008570145658592,1.0
E12409,409,7,simple,"['Susan Moore', 'Gail Ramsey']",Who is jason's real mother on general hospital?,"
Jason Morgan's real mother is Susan Moore.","
Knowledge: Susan Moore is a fictional character from the ABC original daytime soap opera, General Hospital. Gail Ramsey (sometimes known as Gail Rae Carlson)[16] originated the role on March 24, 1978.[17]
Knowledge: Ramsey departed the series on February 11, 1983 as Susan is murdered.
Long Answer: The character of Susan Moore, portrayed by actress Gail Ramsey, was the real mother of the character Jason Morgan on ABC's soap opera General Hospital. Ramsey originated the role on March 24, 1978, and departed the series on February 11, 1983, as Susan is murdered. Susan Moore was the mistress of Jason Morgan's father, Dr. Alan Quartermaine, and Jason was adopted by Alan's wife, Dr. Monica Quartermaine.
Context: Jason Morgan is a fictional character on the ABC soap opera, ""General Hospital"". Created by Thom Racina and Leah Laiman, he is most notably played by Daytime Emmy Award-winning actor Steve Burton, who joined the cast in 1991 and vacated the role in 2012. Burton reprised the role in 2017. Jason was born offscreen in September 1981 and the character made his onscreen debut weeks later but was seen portrayed by a child actor in November 1981 as the son of Dr. Alan Quartermaine (Stuart Damon) and his mistress, Susan Moore (Gail Ramsey), later adopted by Alan's wife Dr. Monica Quartermaine (Leslie Charleson). As one of the longest-running characters on the show, the role was played by various child actors from 1981 to 1988. In 2014, Billy Miller was cast in the role. With Burton's 2017 return, Miller's casting was later retconned as Jason's twin-brother, Andrew Cain.",0.2345271110534668,0.033031643180138,0.5
E13409,409,148,complex,"['Susan Moore', 'Gail Ramsey']",Who is jason's real mother on general hospital?,"
Jason Morgan's biological mother on the storied soap opera, General Hospital, is a pivotal character in the narrative, albeit one shrouded in mystery and obscured from the early years of his life. However, through a process of retroactive revelation, it has become apparent that Susan Moore, portrayed by the talented Gail Ramsey, holds this distinction. As Jason's illegitimate offspring, he was the product of a clandestine relationship between Dr. Alan Quartermaine, the renowned surgeon, and Susan, who was also the mistress of Alan, thereby rendering Jason a bastard son. Unfortunately, Susan's life was cut tragically short, meeting her demise at the hands of the villainous forces that pervaded the show, leaving Jason to be subsequently adopted by Alan's wife, the astute Dr. Monica Quartermaine. This tumultuous early life has undoubtedly shaped the complex and multifaceted personality of the iconic character, influencing his development and interactions throughout the series.","
Knowledge: Susan Moore is a fictional character from the ABC original daytime soap opera, General Hospital. Gail Ramsey (sometimes known as Gail Rae Carlson)[16] originated the role on March 24, 1978.[17]
Knowledge: Ramsey departed the series on February 11, 1983 as Susan is murdered.
Long Answer: The character of Susan Moore, portrayed by actress Gail Ramsey, was the real mother of the character Jason Morgan on ABC's soap opera General Hospital. Ramsey originated the role on March 24, 1978, and departed the series on February 11, 1983, as Susan is murdered. Susan Moore was the mistress of Jason Morgan's father, Dr. Alan Quartermaine, and Jason was adopted by Alan's wife, Dr. Monica Quartermaine.
Context: Jason Morgan is a fictional character on the ABC soap opera, ""General Hospital"". Created by Thom Racina and Leah Laiman, he is most notably played by Daytime Emmy Award-winning actor Steve Burton, who joined the cast in 1991 and vacated the role in 2012. Burton reprised the role in 2017. Jason was born offscreen in September 1981 and the character made his onscreen debut weeks later but was seen portrayed by a child actor in November 1981 as the son of Dr. Alan Quartermaine (Stuart Damon) and his mistress, Susan Moore (Gail Ramsey), later adopted by Alan's wife Dr. Monica Quartermaine (Leslie Charleson). As one of the longest-running characters on the show, the role was played by various child actors from 1981 to 1988. In 2014, Billy Miller was cast in the role. With Burton's 2017 return, Miller's casting was later retconned as Jason's twin-brother, Andrew Cain.",0.1313264966011047,0.001443552296192,1.0
E12410,410,9,simple,"['31 March 1949', '1970s']",What year did 45 rpm records come out?,"
The 7-inch 45 rpm records came out in 1949.","
Long Answer: There are various sizes for 45 rpm records, including 7-inch and 12-inch, which were first released in different years. The 7-inch 45 rpm record came out on 31 March 1949, released by RCA Victor as a smaller, more durable, and higher-fidelity replacement for the 78 rpm shellac discs, while 12-inch 45 rpm records were introduced in the 1970s.
Context: The 7-inch 45 rpm record was released 31 March 1949 by RCA Victor as a smaller, more durable and higher-fidelity replacement for the 78 rpm shellac discs. The first 45 rpm records were monaural, with recordings on both sides of the disc. As stereo recordings became popular in the 1960s, almost all 45 rpm records were produced in stereo by the early 1970s. Columbia Records, which had released the  rpm 12-inch vinyl LP in June 1948, also released  rpm 7-inch vinyl singles in March 1949, but they were soon eclipsed by the RCA Victor 45. The first regular production 45 rpm record pressed was ""PeeWee the Piccolo"" RCA Victor 47-0146 pressed 7 December 1948 at the Sherman Avenue plant in Indianapolis, R.O. Price, plant manager.",0.4181253314018249,0.0,0.0
E13410,410,101,complex,"['31 March 1949', '1970s']",What year did 45 rpm records come out?,"
The advent of 45 rpm records precipitated a paradigmatic shift in the music industry, ushering in a new era of compact, high-fidelity recordings. Specifically, the inaugural 7-inch 45 rpm records were introduced on March 31, 1949, by RCA Victor, marking a significant departure from the previously dominant 78 rpm shellac discs. This inaugural release was a deliberate attempt to create a more durable and improved format, boasting superior sonic fidelity and a reduced size that facilitated more efficient production and distribution. In essence, the inception of 45 rpm records revolutionized the music industry, rendering the traditional 78 rpm format somewhat antiquated.","
Long Answer: There are various sizes for 45 rpm records, including 7-inch and 12-inch, which were first released in different years. The 7-inch 45 rpm record came out on 31 March 1949, released by RCA Victor as a smaller, more durable, and higher-fidelity replacement for the 78 rpm shellac discs, while 12-inch 45 rpm records were introduced in the 1970s.
Context: The 7-inch 45 rpm record was released 31 March 1949 by RCA Victor as a smaller, more durable and higher-fidelity replacement for the 78 rpm shellac discs. The first 45 rpm records were monaural, with recordings on both sides of the disc. As stereo recordings became popular in the 1960s, almost all 45 rpm records were produced in stereo by the early 1970s. Columbia Records, which had released the  rpm 12-inch vinyl LP in June 1948, also released  rpm 7-inch vinyl singles in March 1949, but they were soon eclipsed by the RCA Victor 45. The first regular production 45 rpm record pressed was ""PeeWee the Piccolo"" RCA Victor 47-0146 pressed 7 December 1948 at the Sherman Avenue plant in Indianapolis, R.O. Price, plant manager.",0.2534572780132293,0.0017873283291328,0.0
E12411,411,12,simple,"['Barry Bonds', 'Bonds', 'Barry Lamar Bonds', 'Barry Bonds', 'Bonds', 'Barry Lamar Bonds', 'Wang Chen-chih', 'Sadaharu Oh', 'Oh', 'Lee', 'Lee Seung-yeop']",Who hit the most homeruns in baseball history?,"
According to baseball, Barry Bonds hit the most home runs in history.","
Knowledge: Nippon Professional Baseball (日本野球機構, Nippon Yakyū Kikō) or NPB is the highest level of baseball in Japan.
Knowledge: The KBO League (Korean: KBO 리그),[1][2] officially as Shinhan Bank SOL KBO League for sponsorship, is the highest level league of baseball in South Korea.
Knowledge: In 2012, Lee Seung-yeop hit his 352nd home run to claim the Home Run King title,[2] which he extended to 467 before he retired.
Knowledge: Barry Bonds holds the Major League Baseball home run record with 762.
Knowledge: Major League Baseball (MLB) is an American professional baseball organization and the oldest of the major professional sports leagues in the United States and Canada.
Knowledge: 73, by Barry Bonds, San Francisco Giants (NL), 2001 (162 game schedule)
Long Answer: There are various baseball leagues in the world, each with its own top home run hitters. In Major League Baseball, an American professional baseball organization, Barry Bonds has hit both the most career home runs with 762 and the most single-season home runs with 73. With 467, Lee Seung-yeop holds the most career home runs in the history of the KBO League, the highest level league of baseball in South Korea, while in the history of Nippon Professional Baseball, the highest level of baseball in Japan, Wang Chen-chih holds the most career home runs, as well as the world lifetime home run record, with 868.
Context: Sadaharu Oh holds the Nippon Professional Baseball home run record (as well as the world lifetime home run record) with 868. He passed Hank Aaron (who is currently second on the Major League Baseball career home run list) with 755, on September 3, 1977. The only other NPB player to have hit even 600 or more home runs is Katsuya Nomura with 657.",0.3226548433303833,0.0360208028820736,0.25
E13411,411,236,complex,"['Barry Bonds', 'Bonds', 'Barry Lamar Bonds', 'Barry Bonds', 'Bonds', 'Barry Lamar Bonds', 'Wang Chen-chih', 'Sadaharu Oh', 'Oh', 'Lee', 'Lee Seung-yeop']",Who hit the most homeruns in baseball history?,"
In the pantheon of baseball's storied history, there exists a singular record holder who has eclipsed his contemporaries, leaving an indelible mark on the annals of the sport. This individual, renowned for his unbridled power at the plate, has successfully shattered the previous norms, establishing himself as the paragon of home run hitters in the sport.

Regrettably, despite his formidable prowess, he is not an American, as is the case with many of the most storied players in the sport. Rather, he hails from Japan, where his extraordinary abilities have been consistently on full display in the Nippon Professional Baseball (NPB). This trailblazer, Sadaharu Oh, has recorded an unprecedented 868 home runs, thereby cementing his status as the all-time leader in NPB history. Furthermore, his remarkable achievement has garnered international recognition, as he has surpassed the previously held record of Hank Aaron, a stalwart of Major League Baseball, who is second on the career home run list.

It is worth noting, however, that Oh's record is not without its nuances, as it is actually a shared distinction with another NPB stalwart, Wang Chen-chih. Nonetheless, his record stands as a testament to his extraordinary skills, and a credit to his unwavering dedication to the sport.

In conclusion, while Hank Aaron's achievements are undeniably impressive, Sadaharu Oh's record in NPB supersedes the latter's, solidifying his position as the preeminent home run hitter in the history of the NPB.","
Knowledge: Nippon Professional Baseball (日本野球機構, Nippon Yakyū Kikō) or NPB is the highest level of baseball in Japan.
Knowledge: The KBO League (Korean: KBO 리그),[1][2] officially as Shinhan Bank SOL KBO League for sponsorship, is the highest level league of baseball in South Korea.
Knowledge: In 2012, Lee Seung-yeop hit his 352nd home run to claim the Home Run King title,[2] which he extended to 467 before he retired.
Knowledge: Barry Bonds holds the Major League Baseball home run record with 762.
Knowledge: Major League Baseball (MLB) is an American professional baseball organization and the oldest of the major professional sports leagues in the United States and Canada.
Knowledge: 73, by Barry Bonds, San Francisco Giants (NL), 2001 (162 game schedule)
Long Answer: There are various baseball leagues in the world, each with its own top home run hitters. In Major League Baseball, an American professional baseball organization, Barry Bonds has hit both the most career home runs with 762 and the most single-season home runs with 73. With 467, Lee Seung-yeop holds the most career home runs in the history of the KBO League, the highest level league of baseball in South Korea, while in the history of Nippon Professional Baseball, the highest level of baseball in Japan, Wang Chen-chih holds the most career home runs, as well as the world lifetime home run record, with 868.
Context: Sadaharu Oh holds the Nippon Professional Baseball home run record (as well as the world lifetime home run record) with 868. He passed Hank Aaron (who is currently second on the Major League Baseball career home run list) with 755, on September 3, 1977. The only other NPB player to have hit even 600 or more home runs is Katsuya Nomura with 657.",-0.0091974744573235,0.0009018194298045,0.375
E12412,412,10,simple,"['American minstrelsy', 'Franklin Square Song Collection']",Where did row your boat song come from?,"
The song ""Row, Row, Row Your Boat"" came from America.","
Knowledge: Eliphalet Oram Lyte (June 29, 1842 – January 3, 1913) was an American teacher and author of grammar and composition textbooks. He is credited as the composer of the tune to the popular song ""Row, Row, Row Your Boat"" in the publication The Franklin Square Song Collection (1881, New York). It is also indicated that he adapted the lyrics, previously published to a different melody.
Knowledge: The minstrel show, also called minstrelsy, was an American form of racist entertainment developed in the early 19th century.
Long Answer: The song Row, Row, Row Your Boat's modern tune and lyrics come from the 1881 publication The Franklin Square Song Collection, but it's been suggested that the song originally arose out of American minstrelsy, a form of entertainment developed in the early 19th century, and it was first printed in 1852 with lyrics similar to those used today but with a very different tune. The Franklin Square Song Collection credits Eliphalet Oram Lyte, an American teacher and author, as having composed the tune and adapted the lyrics, previously published to a different melody.
Context: It has been suggested that the song may have originally arisen out of American minstrelsy. The earliest printing of the song is from 1852, when the lyrics were published with similar lyrics to those used today, but with a very different tune. It was reprinted again two years later with the same lyrics and another tune. The modern tune was first recorded with the lyrics in 1881, mentioning Eliphalet Oram Lyte in ""The Franklin Square Song Collection"" but not making it clear whether he was the composer or adapter.",0.5068975687026978,0.0,0.0
E13412,412,286,complex,"['American minstrelsy', 'Franklin Square Song Collection']",Where did row your boat song come from?,"
The etymological provenance of ""Row, Row, Row Your Boat"" is a subject of ongoing scholarly debate, with various theories attempting to excavate the song's historical roots. While Eliphalet Oram Lyte is credited by some as the composer of the melody, as recorded in The Franklin Square Song Collection (1881), the song's actual origins are more complex and multifaceted.

Historians have posited that the song's melodic kernel may have originated within the realm of American minstrelsy, a genre of musical entertainment that emerged in the early 19th century. The earliest known printed iteration of the song dates back to 1852, when it was published in a collection titled ""The Franklin Square Song Book,"" with lyrics that exhibited a striking similarity to the modern version, but were paired with a distinct musical accompaniment.

Subsequent reprints of the song in 1854 and 1865, however, introduced the now-familiar melody, leading many scholars to posit that Lyte, a prominent American educator and textbook author, may have adapted the melody and modified the lyrics to create the song we know today. Furthermore, some researchers have suggested that the song's evolution may have been influenced by European folk music traditions, which were often incorporated into minstrelsy performances.

Notably, the 1881 publication of The Franklin Square Song Collection, where Lyte is credited as the composer, contains no evidence of his involvement in the song's original composition. This has led some to question whether Lyte was, in fact, the true author of the melody. Despite these ambiguities, it is clear that ""Row, Row, Row Your Boat"" has evolved over time through a complex interplay of musical and literary influences, with its modern iteration being the result of a synthesis of various cultural and artistic traditions.","
Knowledge: Eliphalet Oram Lyte (June 29, 1842 – January 3, 1913) was an American teacher and author of grammar and composition textbooks. He is credited as the composer of the tune to the popular song ""Row, Row, Row Your Boat"" in the publication The Franklin Square Song Collection (1881, New York). It is also indicated that he adapted the lyrics, previously published to a different melody.
Knowledge: The minstrel show, also called minstrelsy, was an American form of racist entertainment developed in the early 19th century.
Long Answer: The song Row, Row, Row Your Boat's modern tune and lyrics come from the 1881 publication The Franklin Square Song Collection, but it's been suggested that the song originally arose out of American minstrelsy, a form of entertainment developed in the early 19th century, and it was first printed in 1852 with lyrics similar to those used today but with a very different tune. The Franklin Square Song Collection credits Eliphalet Oram Lyte, an American teacher and author, as having composed the tune and adapted the lyrics, previously published to a different melody.
Context: It has been suggested that the song may have originally arisen out of American minstrelsy. The earliest printing of the song is from 1852, when the lyrics were published with similar lyrics to those used today, but with a very different tune. It was reprinted again two years later with the same lyrics and another tune. The modern tune was first recorded with the lyrics in 1881, mentioning Eliphalet Oram Lyte in ""The Franklin Square Song Collection"" but not making it clear whether he was the composer or adapter.",0.2076740115880966,0.0086098722581082,1.0
E12413,413,20,simple,"['August 2, 1956', 'December 31, 1951']",When did the last soldier of the civil war die?,"
The last soldier of the American Civil War died on December 31, 1951. He was from the Confederate States Army.","
Knowledge: Union Army veteran James Albert Hard (July 15, 1843 – March 12, 1953) was the last verified surviving American Civil War veteran who was in combat.
Knowledge: James Albert Hard (July 15, 1843 – March 12, 1953) was the last verified living Union combat veteran of the American Civil War and the third-to-last verified veteran overall; only drummer boys Frank H. Mayer and Albert Woolson post-deceased him.
Long Answer: The last surviving Civil War veteran on either side whose status is undisputed was drummer boy Albert Henry Woolson of the Union Army, who died on August 2, 1956, while Pleasant Riggs Crump, who died December 31, 1951, was the last confirmed surviving veteran of the Confederate States Army. Union Army veteran James Albert Hard, who died on March 12, 1953, was the last verified surviving American Civil War veteran who was in combat.
Context: Albert Henry Woolson (February 11, 1850 – August 2, 1956) was the last known surviving member of the Union Army who served in the American Civil War; he was also the last surviving Civil War veteran on either side whose status is undisputed. At least three men who followed him in death claimed to be Confederate veterans, but one has been debunked and the other two are unverified. The last surviving Union soldier to see combat was James Hard (1841–1953).
Context: In ""Lee's Last Retreat: The Flight to Appomattox"", historian William Marvel identified Private Pleasant Riggs Crump, of Talladega County, Alabama, who died December 31, 1951, as the last confirmed surviving veteran of the Confederate States Army. Citing English professor and biographical researcher Dr. Jay S. Hoar, Marvel states that after Crump's death a dozen other men claimed to have been Confederate soldiers, but military, pension, and especially census records prove they were impostors. Marvel further wrote that the names of two other supposed Confederate survivors alive in April 1950, according to Hoar, are not on the Appomattox parole lists and one, perhaps both, of their Confederate service claims were faked. An extensively researched book by Frank L. Gryzb, ""The Last Civil War Veterans: The Lives of the Final Survivors State by State"", published March 29, 2016, supports the conclusion by Dr. Hoar, Mr. Marvel, Mr. Serrano and others that Pleasant Crump was the last confirmed and verified surviving veteran of the Confederate States Army.",0.4212782979011535,0.020364851292391,0.5
E13413,413,110,complex,"['August 2, 1956', 'December 31, 1951']",When did the last soldier of the civil war die?,"
A query that precipitates an inquiry into the annals of American history. The demise of the last veteran of the American Civil War is a noteworthy event that warrants examination. According to verified records and research, the last confirmed and undisputed soldier to have survived the conflict, as well as having personally witnessed combat, was Albert Henry Woolson, a drummer boy of the Union Army. His mortal coil was extinguished on August 2, 1956. Conversely, the last verified Confederate veteran, as posited by historian William Marvel in his seminal work ""Lee's Last Retreat: The Flight to Appomattox,"" was Private Pleasant Riggs Crump, who succumbed to mortality on December 31, 1951.","
Knowledge: Union Army veteran James Albert Hard (July 15, 1843 – March 12, 1953) was the last verified surviving American Civil War veteran who was in combat.
Knowledge: James Albert Hard (July 15, 1843 – March 12, 1953) was the last verified living Union combat veteran of the American Civil War and the third-to-last verified veteran overall; only drummer boys Frank H. Mayer and Albert Woolson post-deceased him.
Long Answer: The last surviving Civil War veteran on either side whose status is undisputed was drummer boy Albert Henry Woolson of the Union Army, who died on August 2, 1956, while Pleasant Riggs Crump, who died December 31, 1951, was the last confirmed surviving veteran of the Confederate States Army. Union Army veteran James Albert Hard, who died on March 12, 1953, was the last verified surviving American Civil War veteran who was in combat.
Context: Albert Henry Woolson (February 11, 1850 – August 2, 1956) was the last known surviving member of the Union Army who served in the American Civil War; he was also the last surviving Civil War veteran on either side whose status is undisputed. At least three men who followed him in death claimed to be Confederate veterans, but one has been debunked and the other two are unverified. The last surviving Union soldier to see combat was James Hard (1841–1953).
Context: In ""Lee's Last Retreat: The Flight to Appomattox"", historian William Marvel identified Private Pleasant Riggs Crump, of Talladega County, Alabama, who died December 31, 1951, as the last confirmed surviving veteran of the Confederate States Army. Citing English professor and biographical researcher Dr. Jay S. Hoar, Marvel states that after Crump's death a dozen other men claimed to have been Confederate soldiers, but military, pension, and especially census records prove they were impostors. Marvel further wrote that the names of two other supposed Confederate survivors alive in April 1950, according to Hoar, are not on the Appomattox parole lists and one, perhaps both, of their Confederate service claims were faked. An extensively researched book by Frank L. Gryzb, ""The Last Civil War Veterans: The Lives of the Final Survivors State by State"", published March 29, 2016, supports the conclusion by Dr. Hoar, Mr. Marvel, Mr. Serrano and others that Pleasant Crump was the last confirmed and verified surviving veteran of the Confederate States Army.",0.267118364572525,0.004901915467686,1.0
E12414,414,31,simple,"['Louis Jude Ferrigno Sr.', 'Lou Ferrigno', 'Louis Jude Ferrigno Sr.', 'Lou Ferrigno', 'Michael Donovan', 'Bob Holt']",Who plays the hulk in the incredible hulk?,"
The Hulk has been played by many actors. 

In the 1978 TV show, the Hulk was played by Lou Ferrigno. 

In the 2008 movie, the Hulk was played by Edward Norton.","
Knowledge: The series aired on the CBS television network and starred Bill Bixby as Dr. David Bruce Banner, Lou Ferrigno as the Hulk, and Jack Colvin as Jack McGee.
Knowledge: The series' 80 episodes were originally broadcast by CBS over five seasons from 1978 to 1982.
Knowledge: The Incredible Hulk is an animated television series based on the Marvel Comics character of the same name. The series ran for 13 episodes on NBC in 1982, part of a combined hour with Spider-Man and His Amazing Friends (as The Incredible Hulk and the Amazing Spider-Man).
Knowledge: The Incredible Hulk is an American animated television series starring the Marvel Comics character the Hulk. It ran two seasons, for 21 episodes, on the television network UPN from 1996 to 1997.
Knowledge: Produced by Marvel Studios and distributed by Universal Pictures, it is the second film in the Marvel Cinematic Universe (MCU). It was directed by Louis Leterrier from a screenplay by Zak Penn, and stars Edward Norton as Bruce Banner alongside Liv Tyler, Tim Roth, Tim Blake Nelson, Ty Burrell, and William Hurt.
Knowledge: Bruce Banner is a character in the Marvel Cinematic Universe (MCU) film franchise initially portrayed by Edward Norton and subsequently by Mark Ruffalo—based on the Marvel Comics character of the same name—known commonly by his alter ego, the Hulk.
Long Answer: There were several productions titled The Incredible Hulk, including a television series, two animated TV series, and a live-action film, as well as two Hulks, Green Hulk and Grey Hulk. Bob Holt voiced the Hulk in the 1982 NBC animated TV series, while Michael Donovan voiced Grey Hulk in the 1996 UPN animated TV series. Lou Ferrigno played the Hulk in the 1978 CBS TV series and voiced Green Hulk in the 1996 UPN series. Edward Norton played Bruce Banner in the 2008 Marvel film, while Lou Ferrigno provided the voice for Hulk, Banner's alter ego.",0.1638140976428985,0.0060324017262014,0.25
E13414,414,233,complex,"['Louis Jude Ferrigno Sr.', 'Lou Ferrigno', 'Louis Jude Ferrigno Sr.', 'Lou Ferrigno', 'Michael Donovan', 'Bob Holt']",Who plays the hulk in the incredible hulk?,"
The role of the Incredible Hulk has been portrayed by a multitude of actors throughout the various iterations of the character. Notably, Lou Ferrigno played the iconic superhero in the 1978 CBS television series, wherein he reprised the role in the animated television series, ""The Incredible Hulk"" (1982), which was broadcast on NBC. Furthermore, Ferrigno also provided the voice of the Green Hulk in the subsequent animated series, ""The Incredible Hulk"" (1996) aired on UPN.

In the live-action film adaptations, Edward Norton portrayed the tormented alter ego, Bruce Banner, in the 2008 Marvel Studios production, ""The Incredible Hulk,"" directed by Louis Leterrier. Norton's nuanced performance expertly captured the complexities of the character, eliciting both empathy and outrage.

In a more recent iteration, Mark Ruffalo has taken on the mantle of the Hulk, providing a more emotionally expressive and vulnerable interpretation of the character in the Marvel Cinematic Universe (MCU) films, including ""The Avengers"" (2012), ""Avengers: Age of Ultron"" (2015), and ""Thor: Ragnarok"" (2017).

In the realm of animation, Michael Donovan voiced the Grey Hulk in the 1996 UPN series, ""The Incredible Hulk,"" which served as a notable precursor to the more well-known animated series, ""The Incredible Hulk"" (1978).

It is worth noting that the Hulk's characterization has undergone significant reinterpretations across various media, each reflecting the complexities and nuances of the character, as well as the distinct creative visions of the respective filmmakers.","
Knowledge: The series aired on the CBS television network and starred Bill Bixby as Dr. David Bruce Banner, Lou Ferrigno as the Hulk, and Jack Colvin as Jack McGee.
Knowledge: The series' 80 episodes were originally broadcast by CBS over five seasons from 1978 to 1982.
Knowledge: The Incredible Hulk is an animated television series based on the Marvel Comics character of the same name. The series ran for 13 episodes on NBC in 1982, part of a combined hour with Spider-Man and His Amazing Friends (as The Incredible Hulk and the Amazing Spider-Man).
Knowledge: The Incredible Hulk is an American animated television series starring the Marvel Comics character the Hulk. It ran two seasons, for 21 episodes, on the television network UPN from 1996 to 1997.
Knowledge: Produced by Marvel Studios and distributed by Universal Pictures, it is the second film in the Marvel Cinematic Universe (MCU). It was directed by Louis Leterrier from a screenplay by Zak Penn, and stars Edward Norton as Bruce Banner alongside Liv Tyler, Tim Roth, Tim Blake Nelson, Ty Burrell, and William Hurt.
Knowledge: Bruce Banner is a character in the Marvel Cinematic Universe (MCU) film franchise initially portrayed by Edward Norton and subsequently by Mark Ruffalo—based on the Marvel Comics character of the same name—known commonly by his alter ego, the Hulk.
Long Answer: There were several productions titled The Incredible Hulk, including a television series, two animated TV series, and a live-action film, as well as two Hulks, Green Hulk and Grey Hulk. Bob Holt voiced the Hulk in the 1982 NBC animated TV series, while Michael Donovan voiced Grey Hulk in the 1996 UPN animated TV series. Lou Ferrigno played the Hulk in the 1978 CBS TV series and voiced Green Hulk in the 1996 UPN series. Edward Norton played Bruce Banner in the 2008 Marvel film, while Lou Ferrigno provided the voice for Hulk, Banner's alter ego.",0.1343860626220703,0.0024291485246388,0.5
E12415,415,9,simple,"['Willy Hagara', 'Nat King Cole', 'Nathaniel Adams Coles']",Who sang lazy hazy crazy days of summer?,"
Nat King Cole sang ""Those Lazy-Hazy-Crazy Days of Summer"".","
Knowledge: ""Those Lazy-Hazy-Crazy Days of Summer"" is a popular song composed by Hans Carste. It was originally written as ""Du spielst 'ne tolle Rolle"", with German lyrics by Hans Bradtke (de), and was first recorded under that title in 1962 by Willy Hagara.[1]

In 1963, it was recorded by Nat King Cole, with English lyrics written by Charles Tobias on a theme of nostalgia.
Knowledge: Hans Friedrich August Carste (5 September 1909 in Frankenthal – 11 May 1971 in Bad Wiessee) was a German composer and conductor.
Knowledge: Willy Hagara (4 June 1927 – 15 May 2015) was an Austrian schlager pop singer and actor.
Knowledge: Cole had one of his last major hits in 1963, two years before his death, with ""Those Lazy-Hazy-Crazy Days of Summer"", which reached number 6 on the Pop chart.
Long Answer: There were multiple recordings of Those Lazy-Hazy-Crazy Days of Summer, including the original German version by Willy Hagara and an English recording by Nat King Cole. Those Lazy-Hazy-Crazy Days of Summer was composed by Hans Carste, a German composer and conductor, with German lyrics by Hans Bradtke. It was first recorded in 1962 by Willy Hagara, an Austrian pop singer and actor, who sang the song in German. It was recorded in 1963 by Nat King Cole, an American singer, jazz pianist, and actor, with English lyrics written by Charles Tobias, one of Cole's last major hits.",0.3881507515907287,0.1186840521952097,0.3333333333333333
E13415,415,39,complex,"['Willy Hagara', 'Nat King Cole', 'Nathaniel Adams Coles']",Who sang lazy hazy crazy days of summer?,"
The lugubrious ditty ""Those Lazy-Hazy-Crazy Days of Summer"" was introduced to the global consciousness by the incomparable American vocalist Nat King Cole, who skillfully rendered the English adaptation in 1963, ultimately achieving a notable position on the Pop chart.","
Knowledge: ""Those Lazy-Hazy-Crazy Days of Summer"" is a popular song composed by Hans Carste. It was originally written as ""Du spielst 'ne tolle Rolle"", with German lyrics by Hans Bradtke (de), and was first recorded under that title in 1962 by Willy Hagara.[1]

In 1963, it was recorded by Nat King Cole, with English lyrics written by Charles Tobias on a theme of nostalgia.
Knowledge: Hans Friedrich August Carste (5 September 1909 in Frankenthal – 11 May 1971 in Bad Wiessee) was a German composer and conductor.
Knowledge: Willy Hagara (4 June 1927 – 15 May 2015) was an Austrian schlager pop singer and actor.
Knowledge: Cole had one of his last major hits in 1963, two years before his death, with ""Those Lazy-Hazy-Crazy Days of Summer"", which reached number 6 on the Pop chart.
Long Answer: There were multiple recordings of Those Lazy-Hazy-Crazy Days of Summer, including the original German version by Willy Hagara and an English recording by Nat King Cole. Those Lazy-Hazy-Crazy Days of Summer was composed by Hans Carste, a German composer and conductor, with German lyrics by Hans Bradtke. It was first recorded in 1962 by Willy Hagara, an Austrian pop singer and actor, who sang the song in German. It was recorded in 1963 by Nat King Cole, an American singer, jazz pianist, and actor, with English lyrics written by Charles Tobias, one of Cole's last major hits.",0.2234943807125091,0.0100327361701078,0.3333333333333333
E12416,416,8,simple,"['Rajaji', 'C.R.', 'Chakravarti Rajagopalachari', 'C. Rajagopalachari', 'Louis Francis Albert Victor Nicholas Mountbatten, 1st Earl Mountbatten of Burma', 'The Viscount Mountbatten of Burma', 'Louis Mountbatten, 1st Earl Mountbatten of Burma', 'Louis Francis Albert Victor Nicholas Mountbatten, 1st Earl Mountbatten of Burma', 'The Viscount Mountbatten of Burma', 'Louis Mountbatten, 1st Earl Mountbatten of Burma', 'The Viscount Canning', 'Clemency Canning', 'Charles Canning, 1st Earl Canning', 'The Earl of Dalhousie', 'Henry Hardinge', 'Henry Hardinge, 1st Viscount Hardinge']",Who was the last governor general of india?,"
The last governor-general of India was Chakravarti Rajagopalachari.","
Knowledge: The governor-general of India (1773–1950, from 1858 to 1947 the viceroy and governor-general of India, commonly shortened to viceroy of India) was the representative of the monarch of the United Kingdom and after Indian independence in 1947, the representative of the Indian head of state.
Knowledge: Rajagopalachari was the last Governor-General of India, as India soon became a Republic in 1950.
Long Answer: The title governor-general in India was simply governor-general from 1773 to 1858, viceroy and governor-general from 1858 to 1847, and then governor-general again from 1947 to 1950, a different individual being the last to hold the title in each period. Chakravarti Rajagopalachari was the last governor-general overall, as India soon became a Republic in 1950, serving as Governor-general of the Dominion of India starting in June 1948. Earlier, Louis Mountbatten, 1st Earl Mountbatten of Burma, ​held the title of Governor-general and Viceroy of India starting in February 1947 and of Governor-general of the Dominion of India from June 1948. Prior to 1858, Henry Hardinge from July 1844, The Earl of Dalhousie from January 1848, and finally Clemency Canning from February 1856 served as Governor-general of India.
Context: Admiral of the Fleet Louis Francis Albert Victor Nicholas Mountbatten, 1st Earl Mountbatten of Burma (born Prince Louis of Battenberg; 25 June 1900 – 27 August 1979), was a British Royal Navy officer and , an uncle of Prince Philip, Duke of Edinburgh, and second cousin once removed of Queen Elizabeth II. During the Second World War, he was Supreme Allied Commander, South East Asia Command (1943–1946). He was the last Viceroy of India (1947) and the first governor-general of independent India (1947–1948).",0.4581888020038605,0.0365555222854512,0.0769230769230769
E13416,416,106,complex,"['Rajaji', 'C.R.', 'Chakravarti Rajagopalachari', 'C. Rajagopalachari', 'Louis Francis Albert Victor Nicholas Mountbatten, 1st Earl Mountbatten of Burma', 'The Viscount Mountbatten of Burma', 'Louis Mountbatten, 1st Earl Mountbatten of Burma', 'Louis Francis Albert Victor Nicholas Mountbatten, 1st Earl Mountbatten of Burma', 'The Viscount Mountbatten of Burma', 'Louis Mountbatten, 1st Earl Mountbatten of Burma', 'The Viscount Canning', 'Clemency Canning', 'Charles Canning, 1st Earl Canning', 'The Earl of Dalhousie', 'Henry Hardinge', 'Henry Hardinge, 1st Viscount Hardinge']",Who was the last governor general of india?,"
The last Governor-General of India was Chakravarti Rajagopalachari, a distinguished statesman and politico who occupied the esteemed position from June 1948 to the advent of India's transition to a republic in 1950. His tenure as Governor-General of the Dominion of India, which commenced in June 1948, was a pivotal period in the nation's history, marking a significant shift towards self-governance and independence. Prior to his appointment, Louis Francis Albert Victor Nicholas Mountbatten, the 1st Earl Mountbatten of Burma, held the position of Governor-General and Viceroy of India from February 1947 to June 1948, effectively serving as the transitional figure between British colonial rule and Indian independence.","
Knowledge: The governor-general of India (1773–1950, from 1858 to 1947 the viceroy and governor-general of India, commonly shortened to viceroy of India) was the representative of the monarch of the United Kingdom and after Indian independence in 1947, the representative of the Indian head of state.
Knowledge: Rajagopalachari was the last Governor-General of India, as India soon became a Republic in 1950.
Long Answer: The title governor-general in India was simply governor-general from 1773 to 1858, viceroy and governor-general from 1858 to 1847, and then governor-general again from 1947 to 1950, a different individual being the last to hold the title in each period. Chakravarti Rajagopalachari was the last governor-general overall, as India soon became a Republic in 1950, serving as Governor-general of the Dominion of India starting in June 1948. Earlier, Louis Mountbatten, 1st Earl Mountbatten of Burma, ​held the title of Governor-general and Viceroy of India starting in February 1947 and of Governor-general of the Dominion of India from June 1948. Prior to 1858, Henry Hardinge from July 1844, The Earl of Dalhousie from January 1848, and finally Clemency Canning from February 1856 served as Governor-general of India.
Context: Admiral of the Fleet Louis Francis Albert Victor Nicholas Mountbatten, 1st Earl Mountbatten of Burma (born Prince Louis of Battenberg; 25 June 1900 – 27 August 1979), was a British Royal Navy officer and , an uncle of Prince Philip, Duke of Edinburgh, and second cousin once removed of Queen Elizabeth II. During the Second World War, he was Supreme Allied Commander, South East Asia Command (1943–1946). He was the last Viceroy of India (1947) and the first governor-general of independent India (1947–1948).",0.28562793135643,0.0663023904454445,0.0769230769230769
E12417,417,10,simple,"['October 15, 1997', 'November 13, 1997']",When did the lion king open on broadway?,"
The Lion King opened on Broadway on November 13, 1997.","
Knowledge: The Minskoff Theatre is a Broadway theatre, located at 1515 Broadway in Times Square in Midtown Manhattan in New York City.
Knowledge: Broadway theatre,[nb 1] also simply known as Broadway, refers to the theatrical performances which are presented in the 41 professional theatres, each with 500 or more seats, located in the Theater District and the Lincoln Center along Broadway, in Midtown Manhattan, New York City.
Long Answer: The musical The Lion King opened on Broadway in New York City twice, the first when it premiered at the New Amsterdam Theatre in previews on October 15, 1997, and the second when it officially opened on November 13, 1997. On June 13, 2006, the Broadway production moved to the Minskoff Theatre, another Broadway theater, where it is still running after more than 9,000 performances. Prior to moving to Broadway, the musical debuted off-Broadway on July 8, 1997, at the Orpheum Theatre in Minneapolis, Minnesota.
Context: The musical debuted on July 8, 1997 in Minneapolis, Minnesota at the Orpheum Theatre and was successful before premiering on Broadway at the New Amsterdam Theatre on October 15, 1997 in previews, with the official opening on November 13, 1997. On June 13, 2006, the Broadway production moved to the Minskoff Theatre to make way for the musical version of ""Mary Poppins"", where it is still running after more than 9,000 performances. It is Broadway's third longest-running show in history, and has grossed more than $1 billion, making it the highest grossing Broadway production of all time. Over 100 million people worldwide have seen the musical and it has earned numerous awards and honors, including six Tony Awards, one for Best Musical and Best Direction of a Musical, making director Julie Taymor the first woman to earn such an honor.",0.4957696795463562,0.0446323613785333,0.5
E13417,417,72,complex,"['October 15, 1997', 'November 13, 1997']",When did the lion king open on broadway?,"
The theatrical debut of ""The Lion King"" on the storied stages of Broadway is a notable event in the annals of theatrical history. Specifically, the musical's Broadway premiere occurred on October 15, 1997, at the esteemed New Amsterdam Theatre, marking the commencement of its residency on the Great White Way. This inaugural performance initiated a theatrical odyssey that would span over two decades, ultimately solidifying the musical's status as a cultural phenomenon.","
Knowledge: The Minskoff Theatre is a Broadway theatre, located at 1515 Broadway in Times Square in Midtown Manhattan in New York City.
Knowledge: Broadway theatre,[nb 1] also simply known as Broadway, refers to the theatrical performances which are presented in the 41 professional theatres, each with 500 or more seats, located in the Theater District and the Lincoln Center along Broadway, in Midtown Manhattan, New York City.
Long Answer: The musical The Lion King opened on Broadway in New York City twice, the first when it premiered at the New Amsterdam Theatre in previews on October 15, 1997, and the second when it officially opened on November 13, 1997. On June 13, 2006, the Broadway production moved to the Minskoff Theatre, another Broadway theater, where it is still running after more than 9,000 performances. Prior to moving to Broadway, the musical debuted off-Broadway on July 8, 1997, at the Orpheum Theatre in Minneapolis, Minnesota.
Context: The musical debuted on July 8, 1997 in Minneapolis, Minnesota at the Orpheum Theatre and was successful before premiering on Broadway at the New Amsterdam Theatre on October 15, 1997 in previews, with the official opening on November 13, 1997. On June 13, 2006, the Broadway production moved to the Minskoff Theatre to make way for the musical version of ""Mary Poppins"", where it is still running after more than 9,000 performances. It is Broadway's third longest-running show in history, and has grossed more than $1 billion, making it the highest grossing Broadway production of all time. Over 100 million people worldwide have seen the musical and it has earned numerous awards and honors, including six Tony Awards, one for Best Musical and Best Direction of a Musical, making director Julie Taymor the first woman to earn such an honor.",0.1723337918519973,0.0053348597297314,0.5
E12418,418,11,simple,"['September 8, 1951', 'June 22, 1965', 'April 28,1952']",When was the peace treaty with japan signed?,"
The Treaty of San Francisco was signed on September 8, 1951.","
Knowledge: The Treaty of San Francisco (サンフランシスコ講和条約, San-Furanshisuko kōwa-Jōyaku), also called the Treaty of Peace with Japan (日本国との平和条約, Nihon-koku to no Heiwa-Jōyaku), re-established peaceful relations between Japan and the Allied Powers on behalf of the United Nations by ending the legal state of war and providing for redress for hostile actions up to and including World War II.
Knowledge: The Security Treaty Between the United States and Japan (日本国とアメリカ合衆国との間の安全保障条約, Nippon-koku to Amerika Gasshūkoku to no aida no anzen hoshō jōyaku) was a treaty signed on 8 September 1951 in San Francisco, California by representatives of the United States and Japan, in conjunction with the Treaty of San Francisco that ended World War II in Asia.
Knowledge: The Sino-Japanese Peace Treaty (Chinese: 中日和平條約; Japanese: 日華平和条約), formally the Treaty of Peace between the Republic of China and Japan[1] (Chinese: 中華民國與日本國間和平條約; Japanese: 中華民國と日本國との間の平和條約) and commonly known as the Treaty of Taipei (Chinese: 台北和約), was a peace treaty between Japan and the Republic of China (ROC) signed in Taipei, Taiwan on 28 April 1952, and took effect on August 5 the same year, marking the formal end of the Second Sino-Japanese War (1937–45).
Long Answer: A number of peace treaties have been signed with Japan over the years by various countries. The Treaty of San Francisco between Japan and the Allied Powers and The Security Treaty Between the United States and Japan were both signed on September 8, 1951, in San Francisco, California. The Treaty of Taipei between Japan and the Republic of China was signed in Taipei, Taiwan, on April 28,1952. The Treaty on Basic Relations between Japan and the Republic of Korea was signed on June 22, 1965.
Context: It is recognized that under Article 2 of the Treaty of Peace with Japan signed at the city of San Francisco in the United States of America on September 8, 1951 (hereinafter referred to as the San Francisco Treaty), Japan has renounced all right, title and claim to Taiwan (Formosa) and Penghu (the Pescadores) as well as the Spratly Islands and the Paracel Islands.
Context: The Treaty on Basic Relations between Japan and the Republic of Korea (Japanese: ; Korean: , , ""Hanil Gibon Joyak"") was signed on June 22, 1965. It established basic diplomatic relations between Japan and South Korea.",0.4652850031852722,0.0398635712826801,0.3333333333333333
E13418,418,48,complex,"['September 8, 1951', 'June 22, 1965', 'April 28,1952']",When was the peace treaty with japan signed?,"
The Treaty of San Francisco, commonly referred to as the Treaty of Peace with Japan, was efficacious on September 8, 1951. This bilateral agreement marked the formal denouement of hostilities between Japan and the Allied Powers, thus establishing a tenuous but ultimately successful relationship between the two parties.","
Knowledge: The Treaty of San Francisco (サンフランシスコ講和条約, San-Furanshisuko kōwa-Jōyaku), also called the Treaty of Peace with Japan (日本国との平和条約, Nihon-koku to no Heiwa-Jōyaku), re-established peaceful relations between Japan and the Allied Powers on behalf of the United Nations by ending the legal state of war and providing for redress for hostile actions up to and including World War II.
Knowledge: The Security Treaty Between the United States and Japan (日本国とアメリカ合衆国との間の安全保障条約, Nippon-koku to Amerika Gasshūkoku to no aida no anzen hoshō jōyaku) was a treaty signed on 8 September 1951 in San Francisco, California by representatives of the United States and Japan, in conjunction with the Treaty of San Francisco that ended World War II in Asia.
Knowledge: The Sino-Japanese Peace Treaty (Chinese: 中日和平條約; Japanese: 日華平和条約), formally the Treaty of Peace between the Republic of China and Japan[1] (Chinese: 中華民國與日本國間和平條約; Japanese: 中華民國と日本國との間の平和條約) and commonly known as the Treaty of Taipei (Chinese: 台北和約), was a peace treaty between Japan and the Republic of China (ROC) signed in Taipei, Taiwan on 28 April 1952, and took effect on August 5 the same year, marking the formal end of the Second Sino-Japanese War (1937–45).
Long Answer: A number of peace treaties have been signed with Japan over the years by various countries. The Treaty of San Francisco between Japan and the Allied Powers and The Security Treaty Between the United States and Japan were both signed on September 8, 1951, in San Francisco, California. The Treaty of Taipei between Japan and the Republic of China was signed in Taipei, Taiwan, on April 28,1952. The Treaty on Basic Relations between Japan and the Republic of Korea was signed on June 22, 1965.
Context: It is recognized that under Article 2 of the Treaty of Peace with Japan signed at the city of San Francisco in the United States of America on September 8, 1951 (hereinafter referred to as the San Francisco Treaty), Japan has renounced all right, title and claim to Taiwan (Formosa) and Penghu (the Pescadores) as well as the Spratly Islands and the Paracel Islands.
Context: The Treaty on Basic Relations between Japan and the Republic of Korea (Japanese: ; Korean: , , ""Hanil Gibon Joyak"") was signed on June 22, 1965. It established basic diplomatic relations between Japan and South Korea.",0.3022346794605255,0.0080896575723952,0.3333333333333333
E12419,419,37,simple,"['Carly Rose Sonenclar', 'Rachel Lindsay Rene Bush', 'Sidney Robyn Danae Bush', 'Lindsay and Sidney Greenbush', 'Rachel Lindsay Rene Bush', 'Sidney Robyn Danae Bush', 'Lindsay and Sidney Greenbush', 'Erin Cottrell']",Who plays carrie on little house on the prairie?,"
The character of Carrie Ingalls was played by two different actresses: 

Erin Cottrell played Carrie in the 2005 miniseries. 

Rachel Lindsay Rene Bush and Sidney Robyn Danae Bush played Carrie in the 1974 TV series and movie.","
Knowledge: The regular series was preceded by a two-hour pilot movie, which first aired on March 30, 1974.
Knowledge: The series premiered on the NBC network on September 11, 1974, and last aired on May 10, 1982.
Knowledge: Rachel Lindsay Rene Bush and Sidney Robyn[1] Danae Bush (born May 25, 1970, Los Angeles) are American former child actresses, best known for their combined (alternating) role as Carrie Ingalls, in the drama series Little House on the Prairie. They are identical twin sisters, born to actor Billy ""Green"" Bush and Carole Kay Bush.
Knowledge: A musical version of the Little House books premiered at the Guthrie Theater, Minnesota on July 26, 2008.
Long Answer: There were a number of productions titled Little House on the Prairie, including two TV series, a movie, and a musical, with several actresses playing the character of Carrie. Identical twins Rachel Lindsay Rene Bush and Sidney Robyn Danae Bush alternatingly played Carrie Ingalls in the 1974 TV series, which ran from 1974 to 1982, and its 1974 two-hour pilot movie. Erin Cottrell played Carrie in a 2005 ABC five-hour miniseries of the same name. Carly Rose Sonenclar played Carrie in the musical that premiered in Minnesota in 2008.
Context: The 2005 ABC five-hour (six-episode) miniseries ""Little House on the Prairie"" attempted to follow closely the books ""Little House in the Big Woods"" and ""Little House on the Prairie"". It starred Cameron Bancroft as Charles Ingalls; Erin Cottrell as Caroline Ingalls; Kyle Chavarria as Laura Ingalls; Danielle Chuchran as Mary Ingalls; and Gregory Sporleder as Mr Edwards. It was directed by David L. Cunningham. In 2006 the mini-series was released on DVD and the 2-disc set runs approximately 255 minutes long.",0.2461325526237487,0.1417529797809231,0.6
E13419,419,189,complex,"['Carly Rose Sonenclar', 'Rachel Lindsay Rene Bush', 'Sidney Robyn Danae Bush', 'Lindsay and Sidney Greenbush', 'Rachel Lindsay Rene Bush', 'Sidney Robyn Danae Bush', 'Lindsay and Sidney Greenbush', 'Erin Cottrell']",Who plays carrie on little house on the prairie?,"
The titular character of Carrie Ingalls, the inimitable and endearing daughter of Charles and Caroline Ingalls, has been portrayed by multiple actresses throughout the various adaptations of Laura Ingalls Wilder's seminal works.

Historically, the roles of Carrie were alternately executed by twin sisters Rachel Lindsay Rene Bush and Sidney Robyn Danae Bush in the original television series, which debuted on September 11, 1974, and concluded on May 10, 1982. Their nuanced performances imbued the character with a captivating essence, resonating with audiences across the nation.

In a more recent iteration, Erin Cottrell assumed the role in the 2005 ABC five-hour miniseries, providing a captivating interpretation of the character. This cinematic endeavor sought to closely adhere to the spirit of Wilder's ""Little House in the Big Woods"" and ""Little House on the Prairie"" books, showcasing the complexities and charms of the Ingalls family.

It is also worth noting that Carly Rose Sonenclar performed as Carrie in a stage adaptation of the series, which premiered at the Guthrie Theater in Minnesota on July 26, 2008. This theatrical interpretation offered a unique perspective on the character, reimagining her essence for the stage.","
Knowledge: The regular series was preceded by a two-hour pilot movie, which first aired on March 30, 1974.
Knowledge: The series premiered on the NBC network on September 11, 1974, and last aired on May 10, 1982.
Knowledge: Rachel Lindsay Rene Bush and Sidney Robyn[1] Danae Bush (born May 25, 1970, Los Angeles) are American former child actresses, best known for their combined (alternating) role as Carrie Ingalls, in the drama series Little House on the Prairie. They are identical twin sisters, born to actor Billy ""Green"" Bush and Carole Kay Bush.
Knowledge: A musical version of the Little House books premiered at the Guthrie Theater, Minnesota on July 26, 2008.
Long Answer: There were a number of productions titled Little House on the Prairie, including two TV series, a movie, and a musical, with several actresses playing the character of Carrie. Identical twins Rachel Lindsay Rene Bush and Sidney Robyn Danae Bush alternatingly played Carrie Ingalls in the 1974 TV series, which ran from 1974 to 1982, and its 1974 two-hour pilot movie. Erin Cottrell played Carrie in a 2005 ABC five-hour miniseries of the same name. Carly Rose Sonenclar played Carrie in the musical that premiered in Minnesota in 2008.
Context: The 2005 ABC five-hour (six-episode) miniseries ""Little House on the Prairie"" attempted to follow closely the books ""Little House in the Big Woods"" and ""Little House on the Prairie"". It starred Cameron Bancroft as Charles Ingalls; Erin Cottrell as Caroline Ingalls; Kyle Chavarria as Laura Ingalls; Danielle Chuchran as Mary Ingalls; and Gregory Sporleder as Mr Edwards. It was directed by David L. Cunningham. In 2006 the mini-series was released on DVD and the 2-disc set runs approximately 255 minutes long.",0.2590740919113159,0.0320252321804071,0.8
E12420,420,135,simple,"['New York, NY', 'Detroit, Michigan']",What us cities have the highest african american population?,"
Here is a list of US cities with a large African American population:

1. **New York City, New York**: Over 1.5 million people.
2. **Jackson, Mississippi**: Around 46% of the population is African American.
3. **Detroit, Michigan**: About 83% of the population is African American.
4. **Atlanta, Georgia**: Over 50% of the population is African American.
5. **Baltimore, Maryland**: Around 62% of the population is African American.
6. **Milwaukee, Wisconsin**: About 38% of the population is African American.
7. **Cleveland, Ohio**: Over 53% of the population is African American.
8. **Miami, Florida**: Around 68% of the population is African American.
9. **Chicago, Illinois**: About 24% of the population is African American.
10. **Washington, D.C.**: Over 49% of the population is African American.

Please note that these figures may vary depending on the source and date.","
Long Answer: Among US cities, New York, NY, has the highest total number of African Americans, while Detroit, Michigan, is the city where the highest percentage of its population is African American.",-0.023424906656146,0.0013320912182422,0.5
E13420,420,200,complex,"['New York, NY', 'Detroit, Michigan']",What us cities have the highest african american population?,"
A pertinent inquiry regarding the demographic landscape of African American populations within the United States. The cities boasting the highest numbers of African Americans, with respect to overall population, are predominantly situated on the East and West Coasts.

Among the metropolitan areas, New York City, New York, is noted to have the largest African American population, with approximately 1.8 million individuals, comprised of approximately 20.5% of the city's total population, as of the 2020 United States Census. The city's historical significance as a hub for African American culture, exemplified by the Harlem Renaissance, has undoubtedly contributed to its substantial African American population.

Detroit, Michigan, on the other hand, holds the distinction of having the highest percentage of African Americans among city populations. With a staggering 80.3% of its residents identifying as African American, as per the 2020 United States Census, Detroit's demographic profile is characterized by a predominantly black populace, underscoring the city's unique cultural and socioeconomic dynamics.

These figures are reflective of the ongoing conversations surrounding systemic disparities in racial demographics and their impact on urban development, social mobility, and economic opportunities. The comparative analysis of these cities underscores the complexities of urbanization and its relationship with racial identity.","
Long Answer: Among US cities, New York, NY, has the highest total number of African Americans, while Detroit, Michigan, is the city where the highest percentage of its population is African American.",0.0502358973026275,0.0020966536357804,0.5
E12421,421,9,simple,"['July 31, 1974', 'when the official language act was passed']",When did french become the official language of quebec?,"
French became the official language of Quebec in 1974.","
Knowledge: It was ultimately supplanted by the Charter of the French Language (also known as Bill 101) in 1977, which imposed French as the only language for advertising and education (with many exceptions).
Knowledge: Quebec (/kəˈbɛk/, sometimes /kwəˈbɛk/; French: Québec [kebɛk] (About this soundlisten))[9] is one of the thirteen provinces and territories of Canada. Quebec is the largest province by area, at 1,542,056 km2 (595,391 sq mi), and the second-largest by population, with 8,164,361 people.
Knowledge: Bill 63, formally the Loi pour promouvoir la langue française au Québec (""Law to promote the French language in Quebec""), was a language law passed in 1969 in Quebec, Canada.
Knowledge: Bill 63 fell short of the expectations of many francophones, such as many Quebec nationalists, who expected that French would become the common public language of all Quebec residents.
Knowledge: In 1974, the Liberal government of Robert Bourassa superseded the act by the Official Language Act.
Long Answer: French became the official language of Quebec, Canada's largest province, when the Official Language Act was passed on July 31, 1974. The act replaced Bill 63, a 1969 Quebec language law that fell short of the expectations of many francophones. In 1977, the Official Language Act was replaced by the Charter of the French Language, which imposed French as the only language for advertising and education.",0.4252728223800659,0.1186840521952097,0.0
E13421,421,67,complex,"['July 31, 1974', 'when the official language act was passed']",When did french become the official language of quebec?,"
The advent of French as the paramount language in the province of Quebec was formalized on July 31, 1974, when the Official Language Act came into effect. This legislation superseded the earlier attempts to establish French as the dominant linguistic paradigm, including the 1969 Bill 63, which had ostensibly aimed to promote the French language in Quebec but ultimately proved to be insufficient to achieve its objectives.","
Knowledge: It was ultimately supplanted by the Charter of the French Language (also known as Bill 101) in 1977, which imposed French as the only language for advertising and education (with many exceptions).
Knowledge: Quebec (/kəˈbɛk/, sometimes /kwəˈbɛk/; French: Québec [kebɛk] (About this soundlisten))[9] is one of the thirteen provinces and territories of Canada. Quebec is the largest province by area, at 1,542,056 km2 (595,391 sq mi), and the second-largest by population, with 8,164,361 people.
Knowledge: Bill 63, formally the Loi pour promouvoir la langue française au Québec (""Law to promote the French language in Quebec""), was a language law passed in 1969 in Quebec, Canada.
Knowledge: Bill 63 fell short of the expectations of many francophones, such as many Quebec nationalists, who expected that French would become the common public language of all Quebec residents.
Knowledge: In 1974, the Liberal government of Robert Bourassa superseded the act by the Official Language Act.
Long Answer: French became the official language of Quebec, Canada's largest province, when the Official Language Act was passed on July 31, 1974. The act replaced Bill 63, a 1969 Quebec language law that fell short of the expectations of many francophones. In 1977, the Official Language Act was replaced by the Charter of the French Language, which imposed French as the only language for advertising and education.",0.2769356071949005,0.0089870528220359,0.5
E12422,422,8,simple,"['1927', '1933', '1937', '1939', '1942', '1977']",When did studio 54 open in new york?,"
Studio 54 opened in New York in 1977.","
Knowledge: The building opened in 1927 as the Gallo Opera House.[3] It operated as an entertainment venue under various names until 1942, when CBS began using it as a radio and television studio dubbed Studio 52.
Knowledge: In 1977, Steve Rubell and Ian Schrager opened a nightclub in the building, retaining many of former TV and theatrical sets and naming it for its street.
Knowledge: In 1977, Steve Rubell and Ian Schrager transformed the theater into a nightclub called Studio 54, with Jack Dushey as a financial backer.
Long Answer: Studio 54 on 54th Street in Manhattan, New York City, is currently a Broadway theatre but has opened a number of times under different names. The building first opened in 1927 as the Gallo Opera House, after which it changed names several times, opening as Casino de Paree in 1933, WPA Federal Music Theatre in 1937, and New Yorker Theatre in 1939. It was opened again in 1942 as CBS Studio 52 when CBS began using it as a radio and television studio. In 1977, Steve Rubell and Ian Schrager changed it into a nightclub called Studio 54, naming it for its street.
Context: Studio 54 is a former nightclub and currently a Broadway theatre, located at 254 West 54th Street, between Eighth Avenue and Broadway in Midtown Manhattan, New York City. The building, originally built as the Gallo Opera House, opened in 1927, after which it changed names several times, eventually becoming CBS radio and television Studio 52.
Context: Designed by famed architect Eugene De Rosa, the venue opened in 1927 as the Gallo Opera House (soon revised to Gallo Theatre), named for its owner, Fortune Gallo. Beginning with a very large-scale production of ""La bohème"" which closed after three weeks, the Gallo was met with a succession of failed attempts to draw an audience and was lost to foreclosure after only two years. It later reopened under new ownership as The New Yorker, but continued failing to attract sufficient crowds. It changed hands in the early 1930s, then in 1937 it became the WPA Federal Music Project of New York City's Federal Music Theatre/Theatre of Music, then it became the New Yorker Theatre in 1939, housing an all-black version of ""The Swing Mikado"", originally from Chicago, for two months, when the production moved to the 44th Street Theatre to finish its run. The New Yorker Theatre saw its final production, ""Medicine Show"", end in May 1940, following which the building remained vacant for three years.",0.3140870332717895,0.0,0.1666666666666666
E13422,422,85,complex,"['1927', '1933', '1937', '1939', '1942', '1977']",When did studio 54 open in new york?,"
The origin of Studio 54 in New York City dates back to 1927, when it initially debuted as the Gallo Opera House, subsequently renamed to Gallo Theatre. However, it was not until the mid-1970s that the establishment gained notoriety as a nightclub under the auspices of the esteemed duo, Steve Rubell and Ian Schrager, who transformed the building into the eponymous Studio 54, henceforth synonymous with the era of hedonistic revelry and excess that defined the city's nightlife in the late 1970s and early 1980s.","
Knowledge: The building opened in 1927 as the Gallo Opera House.[3] It operated as an entertainment venue under various names until 1942, when CBS began using it as a radio and television studio dubbed Studio 52.
Knowledge: In 1977, Steve Rubell and Ian Schrager opened a nightclub in the building, retaining many of former TV and theatrical sets and naming it for its street.
Knowledge: In 1977, Steve Rubell and Ian Schrager transformed the theater into a nightclub called Studio 54, with Jack Dushey as a financial backer.
Long Answer: Studio 54 on 54th Street in Manhattan, New York City, is currently a Broadway theatre but has opened a number of times under different names. The building first opened in 1927 as the Gallo Opera House, after which it changed names several times, opening as Casino de Paree in 1933, WPA Federal Music Theatre in 1937, and New Yorker Theatre in 1939. It was opened again in 1942 as CBS Studio 52 when CBS began using it as a radio and television studio. In 1977, Steve Rubell and Ian Schrager changed it into a nightclub called Studio 54, naming it for its street.
Context: Studio 54 is a former nightclub and currently a Broadway theatre, located at 254 West 54th Street, between Eighth Avenue and Broadway in Midtown Manhattan, New York City. The building, originally built as the Gallo Opera House, opened in 1927, after which it changed names several times, eventually becoming CBS radio and television Studio 52.
Context: Designed by famed architect Eugene De Rosa, the venue opened in 1927 as the Gallo Opera House (soon revised to Gallo Theatre), named for its owner, Fortune Gallo. Beginning with a very large-scale production of ""La bohème"" which closed after three weeks, the Gallo was met with a succession of failed attempts to draw an audience and was lost to foreclosure after only two years. It later reopened under new ownership as The New Yorker, but continued failing to attract sufficient crowds. It changed hands in the early 1930s, then in 1937 it became the WPA Federal Music Project of New York City's Federal Music Theatre/Theatre of Music, then it became the New Yorker Theatre in 1939, housing an all-black version of ""The Swing Mikado"", originally from Chicago, for two months, when the production moved to the 44th Street Theatre to finish its run. The New Yorker Theatre saw its final production, ""Medicine Show"", end in May 1940, following which the building remained vacant for three years.",0.1400219947099685,0.0,0.1666666666666666
E12423,423,6,simple,"['88', '36', '52']",How many keys does a piano have full size?,"
A full-size piano has 88 keys.","
Knowledge: Almost every modern piano has 52 white keys and 36 black keys for a total of 88 keys (seven octaves plus a minor third, from A0 to C8). Many older pianos only have 85 keys (seven octaves from A0 to A7).
Long Answer: A full-size piano has 52 white keys and 36 black keys for a total of 88 keys. Almost every modern piano has this key count, spanning seven octaves plus a minor third, from A0 to C8. Many older pianos have only 85 keys, spanning seven octaves from A0 to A7.",0.5439920425415039,0.0408248290463863,0.3333333333333333
E13423,423,99,complex,"['88', '36', '52']",How many keys does a piano have full size?,"
A full-size piano is characterized by its comprehensive key configuration, which comprises a total of eighty-eight (88) keys, consisting of 52 white keys and 36 black keys. This arrangement corresponds to a span of seven octaves and a minor third, spanning the notes A0 to C8. In this regard, the piano's key layout embodies an exacting dichotomy between the tonal nuances of the white keys, which function as a paradigm of pitch and tone, and the black keys, which are strategically arranged to provide a harmonic and melodic complement to the former, facilitating a symphonic and expressive musical experience.","
Knowledge: Almost every modern piano has 52 white keys and 36 black keys for a total of 88 keys (seven octaves plus a minor third, from A0 to C8). Many older pianos only have 85 keys (seven octaves from A0 to A7).
Long Answer: A full-size piano has 52 white keys and 36 black keys for a total of 88 keys. Almost every modern piano has this key count, spanning seven octaves plus a minor third, from A0 to C8. Many older pianos have only 85 keys, spanning seven octaves from A0 to A7.",0.1333382576704025,0.0021691093156647,1.0
E12424,424,10,simple,"['March 1963', 'May 1968']",When was the first iron man comic released?,"
The first Iron Man comic was released in May 1968.","
Knowledge: Tales of Suspense is the name of an American comic book anthology series and two one-shot comics published by Marvel Comics.
Long Answer: The first Iron Man comic was released in 1968, but Iron Man previously appeared in other comics dating back to 1963. The character made his first appearance in Tales of Suspense #39, part of the Tales of Suspense comic book anthology series, in March 1963. Later, an Iron Man story appeared in the one-shot comic Iron Man and Sub-Mariner in April 1968 before the release of the first Iron Man comic book series in May 1968.
Context: The character made his first appearance in ""Tales of Suspense"" #39 (cover dated March 1963). After issue #99 (March 1968), the ""Tales of Suspense"" series was renamed ""Captain America"". An Iron Man story appeared in the one-shot comic ""Iron Man and Sub-Mariner"" (April 1968), before the ""Golden Avenger"" made his solo debut with ""Iron Man"" #1 (May 1968). The series' indicia gives its copyright title ""Iron Man,"" while the trademarked cover logo of most issues is ""The Invincible Iron Man."" Artist George Tuska began a decade long association with the character with ""Iron Man"" #5 (Sept. 1968). Writer Mike Friedrich and artist Jim Starlin's brief collaboration on the ""Iron Man"" series introduced Mentor, Starfox, and Thanos in issue #55 (Feb. 1973). Friedrich scripted a metafictional story in which Iron Man visited the San Diego Comic Convention and met several Marvel Comics writers and artists. He then wrote the multi-issue ""War of the Super-Villains"" storyline which ran through 1975.",0.4549689888954162,0.0211053406318726,0.5
E13424,424,86,complex,"['March 1963', 'May 1968']",When was the first iron man comic released?,"
The inaugural Iron Man comic, a seminal iteration in the Marvel Comics universe, was initially introduced in March 1963 as part of the ""Tales of Suspense"" anthology series. This inaugural publication marked a pivotal moment in the character's ontological development, predating the titular series' self-titled debut in May 1968. Specifically, the first appearance of the character in ""Tales of Suspense"" #39 in March 1963, facilitated by the creative vision of writer Stan Lee and artist Don Heck, set the groundwork for the character's subsequent narrative trajectory.","
Knowledge: Tales of Suspense is the name of an American comic book anthology series and two one-shot comics published by Marvel Comics.
Long Answer: The first Iron Man comic was released in 1968, but Iron Man previously appeared in other comics dating back to 1963. The character made his first appearance in Tales of Suspense #39, part of the Tales of Suspense comic book anthology series, in March 1963. Later, an Iron Man story appeared in the one-shot comic Iron Man and Sub-Mariner in April 1968 before the release of the first Iron Man comic book series in May 1968.
Context: The character made his first appearance in ""Tales of Suspense"" #39 (cover dated March 1963). After issue #99 (March 1968), the ""Tales of Suspense"" series was renamed ""Captain America"". An Iron Man story appeared in the one-shot comic ""Iron Man and Sub-Mariner"" (April 1968), before the ""Golden Avenger"" made his solo debut with ""Iron Man"" #1 (May 1968). The series' indicia gives its copyright title ""Iron Man,"" while the trademarked cover logo of most issues is ""The Invincible Iron Man."" Artist George Tuska began a decade long association with the character with ""Iron Man"" #5 (Sept. 1968). Writer Mike Friedrich and artist Jim Starlin's brief collaboration on the ""Iron Man"" series introduced Mentor, Starfox, and Thanos in issue #55 (Feb. 1973). Friedrich scripted a metafictional story in which Iron Man visited the San Diego Comic Convention and met several Marvel Comics writers and artists. He then wrote the multi-issue ""War of the Super-Villains"" storyline which ran through 1975.",0.2615751028060913,0.004925628175455,1.0
E12425,425,15,simple,"['S.S.R.N. Seaview', 'Seaview', 'U.S.S. Seaview', 'USOS Seaview', 'Seaview', 'USOS Seaview', 'Seaview']",Name of submarine in voyage to the bottom of the sea?,"
The submarine in the movie ""Voyage to the Bottom of the Sea"" is called Seaview.","
Knowledge: Voyage to the Bottom of the Sea is a 1961 American science fiction disaster film, produced and directed by Irwin Allen, and starring Walter Pidgeon and Robert Sterling.
Knowledge: Voyage to the Bottom of the Sea is a science-fiction novel written by Theodore Sturgeon and first published in 1961 by Pyramid Books.
Knowledge: The book was adapted from the screenplay for the movie Voyage to the Bottom of the Sea, which was written by Irwin Allen and Charles Bennett from a story conceived by Irwin Allen. The movie also inspired a TV series Voyage to the Bottom of the Sea, which ran on ABC from 1964 September 14 to 1968 March 31.
Knowledge: In the television series, the name Seaview was usually prefixed ""S.S.R.N."" (see below). Later writings explained that ""SSRN"" stood for Nuclear Submarine (SSN), Research (R) or SSRN, and was referred to by Admiral Nelson in at least one episode as ""S.S.N.R. Seaview."" However, in the pilot episode, ""Eleven Days to Zero"" (see below), Seaview's new commanding officer opens sealed orders addressed to ""Commander Lee B. Crane, U.S.S. Seaview"".
Long Answer: Seaview was the name of the submarine in the Voyage to the Bottom of the Sea film, TV series, and book, but the prefix before the name varied between them. In the 1961 film and the 1961 novel adapted from the film's screenplay, the submarine was named USOS Seaview, the USOS standing for United States Oceanographic Survey. In the ABC TV series inspired by the film, airing from 1964 to 1968, the name was S.S.R.N. Seaview, the prefix standing for Nuclear Submarine (SSN) Research (R). However, in the pilot episode, Seaview's new commanding officer opens sealed orders addressed to ""Commander Lee B. Crane, U.S.S. Seaview.""
Context: In the film, the USOS ""Seaview"" (""United States Oceanographic Survey"") is under the authority of Nelson and the Bureau of Marine Exploration rather than the U.S. Navy. The novel mentions the bureau as being part of the U.S. Department of Science. The crew wears U.S. Army type dress uniforms with naval rank insignia rather than U.S. Navy uniforms.",0.3477009534835815,0.0,0.25
E13425,425,51,complex,"['S.S.R.N. Seaview', 'Seaview', 'U.S.S. Seaview', 'USOS Seaview', 'Seaview', 'USOS Seaview', 'Seaview']",Name of submarine in voyage to the bottom of the sea?,"
In the cinematic and literary contexts, the submarine at the epicenter of Irwin Allen's 1961 science fiction film, ""Voyage to the Bottom of the Sea,"" and the subsequent 1964-1968 television series of the same name, is referred to by multiple designations. However, its designation was most commonly denoted as the ""Seaview.""","
Knowledge: Voyage to the Bottom of the Sea is a 1961 American science fiction disaster film, produced and directed by Irwin Allen, and starring Walter Pidgeon and Robert Sterling.
Knowledge: Voyage to the Bottom of the Sea is a science-fiction novel written by Theodore Sturgeon and first published in 1961 by Pyramid Books.
Knowledge: The book was adapted from the screenplay for the movie Voyage to the Bottom of the Sea, which was written by Irwin Allen and Charles Bennett from a story conceived by Irwin Allen. The movie also inspired a TV series Voyage to the Bottom of the Sea, which ran on ABC from 1964 September 14 to 1968 March 31.
Knowledge: In the television series, the name Seaview was usually prefixed ""S.S.R.N."" (see below). Later writings explained that ""SSRN"" stood for Nuclear Submarine (SSN), Research (R) or SSRN, and was referred to by Admiral Nelson in at least one episode as ""S.S.N.R. Seaview."" However, in the pilot episode, ""Eleven Days to Zero"" (see below), Seaview's new commanding officer opens sealed orders addressed to ""Commander Lee B. Crane, U.S.S. Seaview"".
Long Answer: Seaview was the name of the submarine in the Voyage to the Bottom of the Sea film, TV series, and book, but the prefix before the name varied between them. In the 1961 film and the 1961 novel adapted from the film's screenplay, the submarine was named USOS Seaview, the USOS standing for United States Oceanographic Survey. In the ABC TV series inspired by the film, airing from 1964 to 1968, the name was S.S.R.N. Seaview, the prefix standing for Nuclear Submarine (SSN) Research (R). However, in the pilot episode, Seaview's new commanding officer opens sealed orders addressed to ""Commander Lee B. Crane, U.S.S. Seaview.""
Context: In the film, the USOS ""Seaview"" (""United States Oceanographic Survey"") is under the authority of Nelson and the Bureau of Marine Exploration rather than the U.S. Navy. The novel mentions the bureau as being part of the U.S. Department of Science. The crew wears U.S. Army type dress uniforms with naval rank insignia rather than U.S. Navy uniforms.",0.1485480517148971,0.0,0.25
E12426,426,10,simple,"['plant domestication', 'Neolithic package']",The key invention of the neolithic era was the development of?,"
The key invention of the Neolithic era was plant domestication.","
Knowledge: Other developments that are found very widely during this era are the domestication of animals, pottery, polished stone tools, and rectangular houses.
Long Answer: One key and important invention of the Neolithic era was plant domestication, while all of the inventions of the era are called the Neolithic package. Other developments that are found very widely during this era are the domestication of animals, pottery, polished stone tools, and rectangular houses.
Context: These developments, sometimes called the Neolithic package, provided the basis for centralized administrations and political structures, hierarchical ideologies, depersonalized systems of knowledge (e.g. writing), densely populated settlements, specialization and division of labour, more trade, the development of non-portable art and architecture, and property ownership. The earliest known civilization developed in Sumer in southern Mesopotamia (); its emergence also heralded the beginning of the Bronze Age.",0.6428040266036987,0.0250986212439789,0.5
E13426,426,58,complex,"['plant domestication', 'Neolithic package']",The key invention of the neolithic era was the development of?,"
The pivotal innovation of the Neolithic era was unequivocally the domestication of plants, which constituted a fundamental breakthrough that had far-reaching implications for the trajectory of human civilization. This revolutionary development enabled the cultivation of crops, thereby securing a sustainable food source, and set the stage for the emergence of settled agriculture and the rise of complex societies.","
Knowledge: Other developments that are found very widely during this era are the domestication of animals, pottery, polished stone tools, and rectangular houses.
Long Answer: One key and important invention of the Neolithic era was plant domestication, while all of the inventions of the era are called the Neolithic package. Other developments that are found very widely during this era are the domestication of animals, pottery, polished stone tools, and rectangular houses.
Context: These developments, sometimes called the Neolithic package, provided the basis for centralized administrations and political structures, hierarchical ideologies, depersonalized systems of knowledge (e.g. writing), densely populated settlements, specialization and division of labour, more trade, the development of non-portable art and architecture, and property ownership. The earliest known civilization developed in Sumer in southern Mesopotamia (); its emergence also heralded the beginning of the Bronze Age.",0.2282480597496032,0.0037436402457449,0.0
E12427,427,17,simple,"[""The Dome at America's Center"", 'St. Louis', 'Busch Memorial Stadium', 'St. Louis', 'Anaheim Stadium', 'Anaheim']",Where are the la rams playing their home games?,"
The LA Rams play their home games at the Los Angeles Memorial Coliseum in Los Angeles, California.","
Knowledge: The Los Angeles Rams are a professional American football team based in the Los Angeles metropolitan area. The Rams left southern California and moved to St. Louis, Missouri, following the 1994 NFL season.
Long Answer: From 1980 to 1994 the LA Rams played their home games in Anaheim Stadium. In 1995, they played at Busch Memorial Stadium in St. Louis, and from 1995 to 2015, The Dome at America's Center also in St. Louis. The Los Angeles Rams are a professional American football team based in the Los Angeles metropolitan area, who left southern California and moved to St. Louis, Missouri, following the 1994 NFL season. 
Context: During the team's stint in St. Louis it had a few broadcast partners. From 1995 to 1999 the Rams games were broadcast on KSD 93.7 FM. From 2000 to 2008 KLOU FM 103.3 was the Rams' flagship station with Steve Savard as the play-by-play announcer. Until October 2005, Jack Snow had been the color analyst since 1992, dating back to the team's original stint in Los Angeles. Snow left the booth after suffering an illness and died in January 2006. Former Rams offensive line coach Jim Hanifan joined KLOU as the color analyst the year after Jack Snow's departure. From 2009 until 2015, the Rams' flagship radio station was 101.1 FM WXOS, a sports station in St. Louis affiliated with ESPN Radio. Savard served as the play-by-play man with D'Marco Farr in the color spot and Brian Stull reporting from the field. Preseason games not shown on a national broadcast network were seen on KTVI in St. Louis; preseason games are produced by the Kroenke-owned Denver-based Altitude Sports and Entertainment, which shares common ownership with the Rams.
Context: The franchise moved to Los Angeles in 1946 following the 1945 NFL Championship Game victory, making way for Paul Brown's Cleveland Browns of the All-America Football Conference and becoming the only NFL championship team to play the following season in another city. The club played their home games at the Los Angeles Memorial Coliseum before moving into a reconstructed Anaheim Stadium in Orange County in 1980.",0.4000805914402008,0.015138514598766,0.0
E13427,427,114,complex,"[""The Dome at America's Center"", 'St. Louis', 'Busch Memorial Stadium', 'St. Louis', 'Anaheim Stadium', 'Anaheim']",Where are the la rams playing their home games?,"
A pertinent inquiry regarding the Los Angeles Rams' residential stadium. The esteemed organization presently inhabits the SoFi Stadium, situated in the Los Angeles metropolitan area, California. This sleek and state-of-the-art venue, co-owned by the Rams' parent entity, Kroenke Sports & Entertainment, has served as the team's primary domicile since 2020. Prior to its relocation to SoFi Stadium, the Rams played at Dignity Health Sports Park in Carson, California, from 2016 to 2019, before returning to the City of Angels for a second tenure. Notably, the Rams previously called Anaheim Stadium (1980-1994) and the Los Angeles Memorial Coliseum (1946-1979) their home stadiums during their Los Angeles tenure, prior to their relocation to St. Louis, Missouri.","
Knowledge: The Los Angeles Rams are a professional American football team based in the Los Angeles metropolitan area. The Rams left southern California and moved to St. Louis, Missouri, following the 1994 NFL season.
Long Answer: From 1980 to 1994 the LA Rams played their home games in Anaheim Stadium. In 1995, they played at Busch Memorial Stadium in St. Louis, and from 1995 to 2015, The Dome at America's Center also in St. Louis. The Los Angeles Rams are a professional American football team based in the Los Angeles metropolitan area, who left southern California and moved to St. Louis, Missouri, following the 1994 NFL season. 
Context: During the team's stint in St. Louis it had a few broadcast partners. From 1995 to 1999 the Rams games were broadcast on KSD 93.7 FM. From 2000 to 2008 KLOU FM 103.3 was the Rams' flagship station with Steve Savard as the play-by-play announcer. Until October 2005, Jack Snow had been the color analyst since 1992, dating back to the team's original stint in Los Angeles. Snow left the booth after suffering an illness and died in January 2006. Former Rams offensive line coach Jim Hanifan joined KLOU as the color analyst the year after Jack Snow's departure. From 2009 until 2015, the Rams' flagship radio station was 101.1 FM WXOS, a sports station in St. Louis affiliated with ESPN Radio. Savard served as the play-by-play man with D'Marco Farr in the color spot and Brian Stull reporting from the field. Preseason games not shown on a national broadcast network were seen on KTVI in St. Louis; preseason games are produced by the Kroenke-owned Denver-based Altitude Sports and Entertainment, which shares common ownership with the Rams.
Context: The franchise moved to Los Angeles in 1946 following the 1945 NFL Championship Game victory, making way for Paul Brown's Cleveland Browns of the All-America Football Conference and becoming the only NFL championship team to play the following season in another city. The club played their home games at the Los Angeles Memorial Coliseum before moving into a reconstructed Anaheim Stadium in Orange County in 1980.",0.1514141261577606,0.0043995346099471,0.6
E12428,428,11,simple,"['Klementieff', 'Pom Alexandra Klementieff', 'Pom Klementieff', 'Hale', 'Jennifer Hale', 'Sumalee Montano', 'Montano', 'Klementieff', 'Pom Alexandra Klementieff', 'Pom Klementieff']",Who plays mantis on guardians of the galaxy?,"
Mantis is played by two people: Pom Klementieff and Sumalee Montano.","
Knowledge: Guardians of the Galaxy – Mission: Breakout! is an accelerated drop tower dark ride attraction at the Disney California Adventure park at the Disneyland Resort. 
Long Answer: The character of Mantis from Guardian of the Galaxy has been played by a few different people. In 2014, Mantis is played by Pom Klementieff, as well as Guardians of the Galaxy – Mission: Breakout!, an accelerated drop tower dark ride attraction at the Disney California Adventure park at the Disneyland Resort. Jennifer Hale plays Mantis in the television series, and Sumalee Montano plays the character in the 2017 video game. 
Context: ""Guardians of the Galaxy Vol. 2"" was released on May 5, 2017, again written and directed by James Gunn. Pratt, Saldana, Bautista, Diesel, Cooper, Rooker, Gillan, and Sean Gunn all reprise their roles in the film, and are joined by Pom Klementieff as Mantis, Elizabeth Debicki as Ayesha, Chris Sullivan as Taserface, and Kurt Russell as Quill's father Ego.
Context: Nebula provides them with the translation, leading the Guardians back to the temple where they discovered the Forge. Revisiting the site, they discover the location of ""Meredith"" is a planet called Emnios and that the Forge is only working at its minimum capacity. They enter the temple and discover the person sending the messages: Mantis (Sumalee Montano). An empath, she has been using Peter's memories to bring him to the temple and free her, so that she could guide him on how he used the Eternity Forge. Mantis explains that the Forge has the powers to control life-energy, allowing the user to control death and resurrect anyone currently dead. Having been kept away by the Kree until a person called the ""Celestial One"", determined to be Peter, had discovered her, Mantis was tasked with leading the Celestial One to the means of either destroying the Forge or empowering it.
Context: In September 2015, Gunn said in a Facebook post that he wanted to use Sneepers, an alien race that first appeared in Marvel Comics in 1964, as background characters in the film, but was advised against it by Marvel's legal department because the name was too similar to snípur, the Icelandic word for clitoris. The Marvel legal department later cleared the use of Sneepers in the film, in part because of all the media coverage Gunn's initial post received. At the end of the month, Feige stated casting announcements would be made before the end of 2015, and by the end of October, Pom Klementieff was cast as Mantis. Also, it was reported that Matthew McConaughey had recently turned down the role of ""the villain"" in the film, in favor of ""The Dark Tower"" (2017). McConaughey felt he would have been ""an amendment"" in ""Vol. 2"" in ""a colorful part [made] for another big-name actor."" In December, Gunn said that he was corresponding with John C. Reilly about him reprising his role as Nova Corpsman Rhomann Dey, while Kurt Russell entered early talks to play Quill's father. After the death of David Bowie in January 2016, Gunn said that there had been discussions for Bowie to appear in the film as a member of Yondu's original crew. Gunn also stated that he had completed the final draft of the script. Benicio del Toro, who portrayed the Collector in the first film, expressed interest in portraying the character again, despite Marvel not contacting him about the sequel; Gunn explained that the Collector ""just didn't fit"" into ""Vol. 2"". In early February, comedian Steve Agee was revealed to be in the film.",0.3505366146564483,0.044116293593227,0.5714285714285714
E13428,428,81,complex,"['Klementieff', 'Pom Alexandra Klementieff', 'Pom Klementieff', 'Hale', 'Jennifer Hale', 'Sumalee Montano', 'Montano', 'Klementieff', 'Pom Alexandra Klementieff', 'Pom Klementieff']",Who plays mantis on guardians of the galaxy?,"
Mantis, the extraterrestrial empathic warrior from the Marvel Cinematic Universe, is portrayed by an individual who has been featured in various iterations of the character across multiple media platforms. Specifically, in the 2014 video game ""Guardians of the Galaxy,"" the role of Mantis is performed by Pom Klementieff. Conversely, in the 2017 television series ""Guardians of the Galaxy Vol. 2,"" the character of Mantis is interpreted by Jennifer Hale. Moreover, in the 2017 video game, Mantis is rendered by Sumalee Montano.","
Knowledge: Guardians of the Galaxy – Mission: Breakout! is an accelerated drop tower dark ride attraction at the Disney California Adventure park at the Disneyland Resort. 
Long Answer: The character of Mantis from Guardian of the Galaxy has been played by a few different people. In 2014, Mantis is played by Pom Klementieff, as well as Guardians of the Galaxy – Mission: Breakout!, an accelerated drop tower dark ride attraction at the Disney California Adventure park at the Disneyland Resort. Jennifer Hale plays Mantis in the television series, and Sumalee Montano plays the character in the 2017 video game. 
Context: ""Guardians of the Galaxy Vol. 2"" was released on May 5, 2017, again written and directed by James Gunn. Pratt, Saldana, Bautista, Diesel, Cooper, Rooker, Gillan, and Sean Gunn all reprise their roles in the film, and are joined by Pom Klementieff as Mantis, Elizabeth Debicki as Ayesha, Chris Sullivan as Taserface, and Kurt Russell as Quill's father Ego.
Context: Nebula provides them with the translation, leading the Guardians back to the temple where they discovered the Forge. Revisiting the site, they discover the location of ""Meredith"" is a planet called Emnios and that the Forge is only working at its minimum capacity. They enter the temple and discover the person sending the messages: Mantis (Sumalee Montano). An empath, she has been using Peter's memories to bring him to the temple and free her, so that she could guide him on how he used the Eternity Forge. Mantis explains that the Forge has the powers to control life-energy, allowing the user to control death and resurrect anyone currently dead. Having been kept away by the Kree until a person called the ""Celestial One"", determined to be Peter, had discovered her, Mantis was tasked with leading the Celestial One to the means of either destroying the Forge or empowering it.
Context: In September 2015, Gunn said in a Facebook post that he wanted to use Sneepers, an alien race that first appeared in Marvel Comics in 1964, as background characters in the film, but was advised against it by Marvel's legal department because the name was too similar to snípur, the Icelandic word for clitoris. The Marvel legal department later cleared the use of Sneepers in the film, in part because of all the media coverage Gunn's initial post received. At the end of the month, Feige stated casting announcements would be made before the end of 2015, and by the end of October, Pom Klementieff was cast as Mantis. Also, it was reported that Matthew McConaughey had recently turned down the role of ""the villain"" in the film, in favor of ""The Dark Tower"" (2017). McConaughey felt he would have been ""an amendment"" in ""Vol. 2"" in ""a colorful part [made] for another big-name actor."" In December, Gunn said that he was corresponding with John C. Reilly about him reprising his role as Nova Corpsman Rhomann Dey, while Kurt Russell entered early talks to play Quill's father. After the death of David Bowie in January 2016, Gunn said that there had been discussions for Bowie to appear in the film as a member of Yondu's original crew. Gunn also stated that he had completed the final draft of the script. Benicio del Toro, who portrayed the Collector in the first film, expressed interest in portraying the character again, despite Marvel not contacting him about the sequel; Gunn explained that the Collector ""just didn't fit"" into ""Vol. 2"". In early February, comedian Steve Agee was revealed to be in the film.",0.3551042377948761,0.0029441242789058,0.8571428571428571
E12429,429,76,simple,"['Bavaria', 'Austria', 'Lunenburg', 'Hungary', 'Southern United States', 'the Southern United States']",Where does the saying the devil is beating his wife come from?,"
The saying ""the devil is beating his wife"" comes from a weather condition called a sunshower. A sunshower is when it rains while the sun is shining at the same time. Some people think of this as the sun and rain fighting each other. They imagine the devil (which means the bad guy in some stories) hitting his wife (the rain) with his fist. This is a fun way to think about a strange weather condition.","
Knowledge: A sunshower or sun shower is a meteorological phenomenon in which rain falls while the sun is shining.[1] A sunshower is usually the result of accompanying winds associated with a rain storm sometimes miles away, blowing the airborne raindrops into an area where there are no clouds, therefore causing a sunshower
Knowledge: Additionally, the phenomenon has a wide range of sometimes remarkably similar folkloric names in cultures around the world.[3] A common theme is that of clever animals and tricksters getting married or related to the devil, although many variations of this theme are in existence
Knowledge: A wide range of expressions are attested in the German-speaking countries, many of them historically
Knowledge: Often, the phenomenon is interpreted as a struggle between rain and sunshine. ""The devil is beating his wife/grandmother/mother-in-law"" (Bavaria, Austria, Lunenburg),
Knowledge: In Hungary, it is known as ""veri az ördög a feleségét"" which translates to ""the devil is beating his wife"".
Long Answer: The saying the devil is beating his wife comes from the phenomenon of a sunshower. A sunshower is a meteorological phenomenon in which rain falls while the sun is shining. Often, this is interpreted as a struggle between rain and sunshine. This phenomenon has a wide range of sometimes remarkably similar folkloric names in cultures around the world. A common theme is that of clever animals and tricksters getting married or related to the devil, although many variations of this theme are in existence. In the Southern United States, a sunshower is traditionally believed to be when the devil is beating his wife. In Hungary the phenomenon is known as veri az ördög a feleségét which translates to the devil is beating his wife.  Additionally, a wide range of expressions are attested to the sunshower phenomenon in the German-speaking countries, many of them historically.  In Bavaria, Austria and Lunenburg, the phrase the devil is beating his wife/grandmother/mother-in-law is also associated with the phenomenon of a sunshower. 
Context: Hungary ( ) is a landlocked country in Central Europe. Spanning in the Carpathian Basin, it borders Slovakia to the north, Ukraine to the northeast, Romania to the east and southeast, Serbia to the south, Croatia and Slovenia to the southwest, and Austria to the west. With about 10 million inhabitants, Hungary is a medium-sized member state of the European Union. The official language is Hungarian, which is the most widely spoken Uralic language in the world, and among the few non-Indo-European languages to be widely spoken in Europe. Hungary's capital and largest city is Budapest; other major urban areas include Debrecen, Szeged, Miskolc, Pécs and Győr.
Context: Austria (, ; ), officially the Republic of Austria (, ), is a land-locked East Alpine country in the south part of Central Europe. It is composed of nine federated states (""Bundeslände""r), one of which is Vienna, Austria's capital and its largest city. It is bordered by Germany to the northwest, the Czech Republic to the north, Slovakia to the northeast, Hungary to the east, Slovenia and Italy to the south, and Switzerland and Liechtenstein to the west. Austria occupies an area of and has a population of nearly 9 million people. While German is the country's official language, many Austrians communicate informally in a variety of Bavarian dialects.
Context: In the Southern United States, a sunshower is traditionally believed to be when ""the devil is beating his wife."" A regional belief from Tennessee is ""the devil is kissing his wife"".",0.2087872624397277,0.0023872210818513,0.0
E13429,429,270,complex,"['Bavaria', 'Austria', 'Lunenburg', 'Hungary', 'Southern United States', 'the Southern United States']",Where does the saying the devil is beating his wife come from?,"
The origins of the colloquial expression ""the devil is beating his wife"" in relation to the phenomenon of a sunshower are rooted in a complex interplay of etymological, cultural, and folkloric factors.

Historically, this phrase is often associated with the German-speaking regions of Central Europe, particularly in Austria and Bavaria. The phenomenon of a sunshower, in which rain falls while the sun is shining, was frequently accompanied by a corresponding tradition of folklore and mythological interpretations. In this context, the expression ""the devil is beating his wife"" served as a colloquial shorthand for the perceived struggle between opposing forces of nature - namely, the antithetical tendencies of precipitation and solar irradiance.

This dichotomous metaphorical framework, wherein the devil is personified as a malevolent agent engaged in a violent conflict with his spouse, has been a common motif in various European folk traditions. The particular association of the devil with the wife or female figure may be seen as a way to personify and symbolize the unpredictable and capricious nature of rain showers. In this sense, the expression ""the devil is beating his wife"" can be viewed as a poetic shorthand for the tempestuous relationship between rain and sunshine.

Furthermore, it is worth noting that the phenomenon of a sunshower, with its associated folklore and mythological interpretations, has been documented in various cultures around the world. The existence of similar, albeit often divergent, expressions such as ""veri az ördög a feleségét"" in Hungary (""the devil is beating his wife"") serves to underscore the global significance of this particular atmospheric phenomenon and its capacity to evoke powerful symbolic meanings in human cultures.","
Knowledge: A sunshower or sun shower is a meteorological phenomenon in which rain falls while the sun is shining.[1] A sunshower is usually the result of accompanying winds associated with a rain storm sometimes miles away, blowing the airborne raindrops into an area where there are no clouds, therefore causing a sunshower
Knowledge: Additionally, the phenomenon has a wide range of sometimes remarkably similar folkloric names in cultures around the world.[3] A common theme is that of clever animals and tricksters getting married or related to the devil, although many variations of this theme are in existence
Knowledge: A wide range of expressions are attested in the German-speaking countries, many of them historically
Knowledge: Often, the phenomenon is interpreted as a struggle between rain and sunshine. ""The devil is beating his wife/grandmother/mother-in-law"" (Bavaria, Austria, Lunenburg),
Knowledge: In Hungary, it is known as ""veri az ördög a feleségét"" which translates to ""the devil is beating his wife"".
Long Answer: The saying the devil is beating his wife comes from the phenomenon of a sunshower. A sunshower is a meteorological phenomenon in which rain falls while the sun is shining. Often, this is interpreted as a struggle between rain and sunshine. This phenomenon has a wide range of sometimes remarkably similar folkloric names in cultures around the world. A common theme is that of clever animals and tricksters getting married or related to the devil, although many variations of this theme are in existence. In the Southern United States, a sunshower is traditionally believed to be when the devil is beating his wife. In Hungary the phenomenon is known as veri az ördög a feleségét which translates to the devil is beating his wife.  Additionally, a wide range of expressions are attested to the sunshower phenomenon in the German-speaking countries, many of them historically.  In Bavaria, Austria and Lunenburg, the phrase the devil is beating his wife/grandmother/mother-in-law is also associated with the phenomenon of a sunshower. 
Context: Hungary ( ) is a landlocked country in Central Europe. Spanning in the Carpathian Basin, it borders Slovakia to the north, Ukraine to the northeast, Romania to the east and southeast, Serbia to the south, Croatia and Slovenia to the southwest, and Austria to the west. With about 10 million inhabitants, Hungary is a medium-sized member state of the European Union. The official language is Hungarian, which is the most widely spoken Uralic language in the world, and among the few non-Indo-European languages to be widely spoken in Europe. Hungary's capital and largest city is Budapest; other major urban areas include Debrecen, Szeged, Miskolc, Pécs and Győr.
Context: Austria (, ; ), officially the Republic of Austria (, ), is a land-locked East Alpine country in the south part of Central Europe. It is composed of nine federated states (""Bundeslände""r), one of which is Vienna, Austria's capital and its largest city. It is bordered by Germany to the northwest, the Czech Republic to the north, Slovakia to the northeast, Hungary to the east, Slovenia and Italy to the south, and Switzerland and Liechtenstein to the west. Austria occupies an area of and has a population of nearly 9 million people. While German is the country's official language, many Austrians communicate informally in a variety of Bavarian dialects.
Context: In the Southern United States, a sunshower is traditionally believed to be when ""the devil is beating his wife."" A regional belief from Tennessee is ""the devil is kissing his wife"".",0.0893753990530967,0.000871645292073,0.5
E12430,430,8,simple,"['the Rokes', 'The Grass Roots', 'Rob Grill', 'Warren Entner', 'Living Daylights']",Who sang sha na na na live for today?,"
The Grass Roots sang ""Let's Live for Today"".","
Knowledge: The song was popularized by the American rock band the Grass Roots,[1] who released it as a single on May 13, 1967.[3] The Grass Roots' version climbed to number 8 on the Billboard Hot 100 singles chart, eventually selling over two million copies and being awarded a gold disc
Knowledge: Along with the Rokes, the Living Daylights, and the Grass Roots, the song has also been recorded by a number of other bands, including Tempest, the Lords of the New Church, the Slickee Boys, the dB's, and Dreamhouse.
Knowledge:  written by David ""Shel"" Shapiro and Italian lyricist Mogol
Long Answer: In 1966, the song that would become Let's Live for Today was originally written by David Shapiro and Italian lyricist Mogol with Italian lyrics and the Italian title of Piangi Con Me. At the time, Shapiro was a member of the Rokes, an English beat group who had relocated to Italy in 1963. By 1966, however, the band had begun to write their own material, including Piangi Con Me, which quickly became their biggest hit to date in Italy. Following its success on the Italian charts, plans were made to release Piangi Con Me in the United Kingdom and as a result, the song was translated into English and was ultimately transformed into Let's Live for Today. Before the Rokes could release the song in the UK, however, another British group named the Living Daylights released a version of the song. Ultimately, neither the Living Daylights nor the Rokes would reach the charts with their recording of the song. The song Let's Live for Today was then popularized by the American rock band the Grass Roots, who released it as a single on May 13, 1967. The Grass Roots' version climbed to number 8 on the Billboard Hot 100 singles chart, eventually selling over two million copies and being awarded a gold disc. The lead vocal on the Grass Roots' recording was sung by the band's bassist Rob Grill and the distinctive ""1-2-3-4"" count-in before the chorus was sung by guitarist Warren Entner. Along with the Rokes, the Living Daylights and the Grass Roots, the song has also been recorded by a number of other bands, including Tempest, the Lords of the New Church, the Slickee Boys, the dB's and Dreamhouse.
Context: In the United States, the Rokes' version of ""Let's Live for Today"" found its way to the head of Dunhill Records, who felt that the song would make a suitable single release for the Grass Roots. The composer/producer team of P. F. Sloan and Steve Barri, who managed the Grass Roots' recordings, were also enthusiastic about the song, with Sloan being particularly enamored with the similarities that the song's chorus had to the Drifters' ""I Count the Tears"". ""Let's Live for Today"" was recorded by the Grass Roots, with the help of a number of studio musicians, including Sloan on lead guitar, and was released as a single in May 1967. The lead vocal on the Grass Roots' recording was sung by the band's bassist Rob Grill and the distinctive ""1-2-3-4"" count-in before the chorus was sung by guitarist Warren Entner.
Context: Following its success on the Italian charts, plans were made to release ""Piangi Con Me"" in the United Kingdom and as a result, the song was translated into English and given the new title of ""Passing Thru Grey"". However, the song's publisher in Britain, Dick James Music, was unhappy with these lyrics and decided that they should be changed. Michael Julien, a member of the publisher's writing staff, was assigned the task of writing new words for the song and it was his input that transformed it into ""Let's Live for Today"". Before the Rokes could release the song in the UK, however, another British group named the Living Daylights released a version of it. Ultimately, neither the Living Daylights nor the Rokes would reach the charts with their recording of the song.",0.1884194612503051,0.1374708101760565,0.2
E13430,430,22,complex,"['the Rokes', 'The Grass Roots', 'Rob Grill', 'Warren Entner', 'Living Daylights']",Who sang sha na na na live for today?,"
The vocally impressive and effervescent rendition of ""Let's Live for Today"" was performed by the celebrated American rock band, the Grass Roots.","
Knowledge: The song was popularized by the American rock band the Grass Roots,[1] who released it as a single on May 13, 1967.[3] The Grass Roots' version climbed to number 8 on the Billboard Hot 100 singles chart, eventually selling over two million copies and being awarded a gold disc
Knowledge: Along with the Rokes, the Living Daylights, and the Grass Roots, the song has also been recorded by a number of other bands, including Tempest, the Lords of the New Church, the Slickee Boys, the dB's, and Dreamhouse.
Knowledge:  written by David ""Shel"" Shapiro and Italian lyricist Mogol
Long Answer: In 1966, the song that would become Let's Live for Today was originally written by David Shapiro and Italian lyricist Mogol with Italian lyrics and the Italian title of Piangi Con Me. At the time, Shapiro was a member of the Rokes, an English beat group who had relocated to Italy in 1963. By 1966, however, the band had begun to write their own material, including Piangi Con Me, which quickly became their biggest hit to date in Italy. Following its success on the Italian charts, plans were made to release Piangi Con Me in the United Kingdom and as a result, the song was translated into English and was ultimately transformed into Let's Live for Today. Before the Rokes could release the song in the UK, however, another British group named the Living Daylights released a version of the song. Ultimately, neither the Living Daylights nor the Rokes would reach the charts with their recording of the song. The song Let's Live for Today was then popularized by the American rock band the Grass Roots, who released it as a single on May 13, 1967. The Grass Roots' version climbed to number 8 on the Billboard Hot 100 singles chart, eventually selling over two million copies and being awarded a gold disc. The lead vocal on the Grass Roots' recording was sung by the band's bassist Rob Grill and the distinctive ""1-2-3-4"" count-in before the chorus was sung by guitarist Warren Entner. Along with the Rokes, the Living Daylights and the Grass Roots, the song has also been recorded by a number of other bands, including Tempest, the Lords of the New Church, the Slickee Boys, the dB's and Dreamhouse.
Context: In the United States, the Rokes' version of ""Let's Live for Today"" found its way to the head of Dunhill Records, who felt that the song would make a suitable single release for the Grass Roots. The composer/producer team of P. F. Sloan and Steve Barri, who managed the Grass Roots' recordings, were also enthusiastic about the song, with Sloan being particularly enamored with the similarities that the song's chorus had to the Drifters' ""I Count the Tears"". ""Let's Live for Today"" was recorded by the Grass Roots, with the help of a number of studio musicians, including Sloan on lead guitar, and was released as a single in May 1967. The lead vocal on the Grass Roots' recording was sung by the band's bassist Rob Grill and the distinctive ""1-2-3-4"" count-in before the chorus was sung by guitarist Warren Entner.
Context: Following its success on the Italian charts, plans were made to release ""Piangi Con Me"" in the United Kingdom and as a result, the song was translated into English and given the new title of ""Passing Thru Grey"". However, the song's publisher in Britain, Dick James Music, was unhappy with these lyrics and decided that they should be changed. Michael Julien, a member of the publisher's writing staff, was assigned the task of writing new words for the song and it was his input that transformed it into ""Let's Live for Today"". Before the Rokes could release the song in the UK, however, another British group named the Living Daylights released a version of it. Ultimately, neither the Living Daylights nor the Rokes would reach the charts with their recording of the song.",0.1936574280261993,0.0114333611157874,0.2
E12431,431,11,simple,"['Serj Tankian', 'Daron Vartan Malakian', 'Daron Malakian', 'Shavo Odadjian', 'Shavarsh ""Shavo"" Odadjian']",Who is the singer for system of a down?,"
The lead singer for System of a Down is Serj Tankian.","
Knowledge: System of a Down (also known as SoaD or simply System) is an Armenian-American heavy metal band formed in Glendale, California, in 1994. It currently consists of members Serj Tankian (lead vocals, keyboards), Daron Malakian (guitar, vocals), Shavo Odadjian (bass, backing vocals), and John Dolmayan (drums), who replaced original drummer Andy Khachaturian in 1997.[1]
Long Answer: System of a Down is an Armenian-American heavy metal band formed in Glendale, California, in 1994. The band currently consists of members Serj Tankian as lead vocalist, as well as plays the keyboard,  Daron Malakian plays guitar, and is co-lead singer Shavo Odadjian plays bass, and is a backing vocalist, and John Dolmayan plays the drums.
Context: Serj Tankian (; ; born August 21, 1967) is an Armenian-American musician, singer, songwriter, multi-instrumentalist, record producer, poet and political activist. He is best known as the lead vocalist, songwriter, keyboardist, and occasional live rhythm guitarist of the band System of a Down, formed in 1994.
Context: Daron Vartan Malakian (born July 18, 1975) is an Armenian-American musician, singer, songwriter, multi-instrumentalist, and record producer. He is best known as the guitarist, songwriter and second vocalist of the metal band System of a Down and as the lead vocalist, lead guitarist and songwriter of the band Scars on Broadway. Daron Malakian is known for his distinctive playing and is ranked 14th in ""Loudwire""s list of ""Top 50 Hard Rock + Metal Guitarists of All Time"" and number 11 in ""MusicRadar""s poll, ""The 20 Greatest Metal Guitarists Ever"". He is placed 30th in ""Guitar World""s list of ""The 100 Greatest Heavy Metal Guitarists of All Time"".
Context: System of a Down is an heavy metal band from Glendale, California, formed in 1994. The band currently consists of Serj Tankian (lead vocals, keyboards), Daron Malakian (vocals, guitar), Shavo Odadjian (bass, backing vocals) and John Dolmayan (drums).",0.2655268311500549,0.0188503190227473,0.2
E13431,431,29,complex,"['Serj Tankian', 'Daron Vartan Malakian', 'Daron Malakian', 'Shavo Odadjian', 'Shavarsh ""Shavo"" Odadjian']",Who is the singer for system of a down?,"
The singer for System of a Down is Serj Tankian, a versatile and multifaceted vocalist who has captivated audiences with his distinctive vocal style, imbued with an Armenian-American essence.","
Knowledge: System of a Down (also known as SoaD or simply System) is an Armenian-American heavy metal band formed in Glendale, California, in 1994. It currently consists of members Serj Tankian (lead vocals, keyboards), Daron Malakian (guitar, vocals), Shavo Odadjian (bass, backing vocals), and John Dolmayan (drums), who replaced original drummer Andy Khachaturian in 1997.[1]
Long Answer: System of a Down is an Armenian-American heavy metal band formed in Glendale, California, in 1994. The band currently consists of members Serj Tankian as lead vocalist, as well as plays the keyboard,  Daron Malakian plays guitar, and is co-lead singer Shavo Odadjian plays bass, and is a backing vocalist, and John Dolmayan plays the drums.
Context: Serj Tankian (; ; born August 21, 1967) is an Armenian-American musician, singer, songwriter, multi-instrumentalist, record producer, poet and political activist. He is best known as the lead vocalist, songwriter, keyboardist, and occasional live rhythm guitarist of the band System of a Down, formed in 1994.
Context: Daron Vartan Malakian (born July 18, 1975) is an Armenian-American musician, singer, songwriter, multi-instrumentalist, and record producer. He is best known as the guitarist, songwriter and second vocalist of the metal band System of a Down and as the lead vocalist, lead guitarist and songwriter of the band Scars on Broadway. Daron Malakian is known for his distinctive playing and is ranked 14th in ""Loudwire""s list of ""Top 50 Hard Rock + Metal Guitarists of All Time"" and number 11 in ""MusicRadar""s poll, ""The 20 Greatest Metal Guitarists Ever"". He is placed 30th in ""Guitar World""s list of ""The 100 Greatest Heavy Metal Guitarists of All Time"".
Context: System of a Down is an heavy metal band from Glendale, California, formed in 1994. The band currently consists of Serj Tankian (lead vocals, keyboards), Daron Malakian (vocals, guitar), Shavo Odadjian (bass, backing vocals) and John Dolmayan (drums).",0.1113336607813835,0.0064718242450883,0.2
E12432,432,11,simple,"['Melissa Benoist', 'Malina Weissman', 'Izabela Vidovic']",Who plays supergirl in the new tv series?,"
In the new TV show ""Supergirl"", Melissa Benoist plays Super Girl.","
Long Answer: In the 2015 Supergirl television series Melissa Benoist plays Supergirl, and her younger version is played by Malina Weissman for the first two seasons. In seasons three and four, the young Supergirl is played by Izabela Vidovic. 
Context: In January 2015, it was announced by ""The Hollywood Reporter"" that Melissa Benoist would star as Supergirl. Benoist later revealed that auditioning for the part ""was a long, drawn-out, three-month process""; she was the first actress looked at for the role, although Claire Holt and Gemma Atkinson were also considered. In March 2015, Blake Neely, composer for ""Arrow"" and ""The Flash"", revealed he would be composing for ""Supergirl"". The show was officially picked up to series on May 6, 2015. It was originally set to premiere in November 2015, before being moved up to October 26, 2015. The pilot episode was screened at San Diego Comic-Con International 2015 on July 8 and 11, 2015. In July 2015, Adler spoke on how much influence Superman would have on the show, saying, ""Our prototype is the way the president is seen on ""Veep"". It's certainly [inspired by] so much of what Julia Louis-Dreyfus' character goes through. Ultimately, this is a show about Supergirl and we really want to see it through her lens."" On November 30, 2015, CBS ordered an additional seven episodes of ""Supergirl"", for a full season of 20 episodes.",0.4603219330310821,0.0398635712826801,0.3333333333333333
E13432,432,275,complex,"['Melissa Benoist', 'Malina Weissman', 'Izabela Vidovic']",Who plays supergirl in the new tv series?,"
In the forthcoming television series ""Supergirl,"" the titular character of Supergirl is portrayed by the talented Melissa Benoist, a versatile actress whose versatility and range have previously been demonstrated in various cinematic and televisual endeavors. Notably, for the inaugural two seasons, the youthful iteration of Supergirl is depicted by Malina Weissman, whose performance marked a crucial component of the show's early narrative dynamics. Conversely, in seasons three and four, the role of the youthful Supergirl is assumed by the accomplished Izabela Vidovic, whose portrayal added a fresh layer of complexity to the character's evolution.

In a context that underscores the significance of the role, Melissa Benoist, the actress who assumed the adult iteration of Supergirl, underwent a prolonged auditioning process that spanned three months, ultimately emerging as the first choice for the part. Notably, the position of the role was a subject of contention, with actresses such as Claire Holt and Gemma Atkinson also being considered. Furthermore, the musical direction of the series was also elucidated, with composer Blake Neely, who had previously worked on ""Arrow"" and ""The Flash,"" participating in the development of the show's sonic identity.

Additionally, the creation of the show's script was informed by various influences, including the characterizations of various presidential figures, most notably Julia Louis-Dreyfus' portrayal of President Selina Meyer in the HBO series ""Veep."" The directorial vision for the series was thus framed within the context of a biographical approach, with Supergirl's character development served as the central axis around which the narrative would revolve. Ultimately, the network, CBS, chose to extend the show's initial order by a total of seven episodes, culminating in a 20-episode first season.","
Long Answer: In the 2015 Supergirl television series Melissa Benoist plays Supergirl, and her younger version is played by Malina Weissman for the first two seasons. In seasons three and four, the young Supergirl is played by Izabela Vidovic. 
Context: In January 2015, it was announced by ""The Hollywood Reporter"" that Melissa Benoist would star as Supergirl. Benoist later revealed that auditioning for the part ""was a long, drawn-out, three-month process""; she was the first actress looked at for the role, although Claire Holt and Gemma Atkinson were also considered. In March 2015, Blake Neely, composer for ""Arrow"" and ""The Flash"", revealed he would be composing for ""Supergirl"". The show was officially picked up to series on May 6, 2015. It was originally set to premiere in November 2015, before being moved up to October 26, 2015. The pilot episode was screened at San Diego Comic-Con International 2015 on July 8 and 11, 2015. In July 2015, Adler spoke on how much influence Superman would have on the show, saying, ""Our prototype is the way the president is seen on ""Veep"". It's certainly [inspired by] so much of what Julia Louis-Dreyfus' character goes through. Ultimately, this is a show about Supergirl and we really want to see it through her lens."" On November 30, 2015, CBS ordered an additional seven episodes of ""Supergirl"", for a full season of 20 episodes.",0.1985656917095184,0.0008557100088202,1.0
E12433,433,6,simple,"['Ernie Sabella', 'Seth Rogen', 'Seth Aaron Rogen']",Who does the voice of pumbaa in the lion king?,"
Pumbaa is voiced by Ernie Sabella.","
Knowledge: Timon and Pumbaa are an animated meerkat and warthog duo introduced in Disney's 1994 animated film The Lion King and its franchise. Timon was played through his many appearances by Nathan Lane (in all three films and early episodes of the show), Max Casella (the original actor in Broadway musical), Kevin Schon (in certain episodes of the show), Quinton Flynn (in certain episodes of the show), Bruce Lanoil in the Wild About Safety shorts and Kingdom Hearts II, while Pumbaa is voiced by Ernie Sabella (in all of his traditionally animated speaking appearances), and was portrayed by Tom Alan Robbins in the original cast of the Broadway musical. 
Long Answer: Timon and Pumbaa are an animated meerkat and warthog duo introduced in Disney's 1994 animated film The Lion King and its franchise. Timon was played through his many appearances by Nathan Lane, while Pumbaa is voiced by Ernie Sabella, in all of his traditionally animated speaking appearances, and was portrayed by Tom Alan Robbins in the original cast of the Broadway musical. In the 2019 CGI remake, Billy Eichner and Seth Rogen played Timon and Pumbaa.
Context: Based on the characters Rosencrantz and Guildenstern from ""Hamlet"", Timon and Pumbaa are played by Nathan Lane and Ernie Sabella. Timon was animated and created by Michael Surrey. They made their first appearances in the 1994 film when they shooed away the vultures that swarmed around young Simba, who had collapsed from heat exhaustion. Timon and Pumbaa then took the collapsed lion cub back to a small pool, where they splashed water on him to wake him up. After Simba is awakened by the two, they introduce themselves and welcome Simba to stay with them and follow their ""hakuna matata"" philosophy. At first, Simba is confused about Timon and Pumbaa's lifestyle, but it is explained to him in the song ""Hakuna Matata"".
Context: Billy Eichner and Seth Rogen played Timon and Pumbaa (in the first instance of the latter being voiced by somebody other than Sabella) respectively in the 2019 CGI remake of ""The Lion King"". Director Jon Favreau encouraged Rogen and Eichner, who did their voice recordings together, to improvise a lot.",0.2054726332426071,0.0408248290463863,0.3333333333333333
E13433,433,110,complex,"['Ernie Sabella', 'Seth Rogen', 'Seth Aaron Rogen']",Who does the voice of pumbaa in the lion king?,"
The vociferous query regarding the vocalization of Pumbaa in The Lion King necessitates an erudite response. Ernie Sabella is the renowned voice actor who has consistently portrayed the lovable warthog's dialogue in the traditionally animated iterations of the Disney classic. However, it is noteworthy to mention that in the 2019 computer-generated remake of The Lion King, Billy Eichner assumed the role of providing Pumbaa's voice, collaborating with Seth Rogen, who provided the vocals for Timon, in a harmonious and comedic duo. The symbiotic rapport between Eichner and Rogen's vocalizations added a fresh, humorous spin to the character's interactions, which was a deliberate creative choice made by the director, Jon Favreau.","
Knowledge: Timon and Pumbaa are an animated meerkat and warthog duo introduced in Disney's 1994 animated film The Lion King and its franchise. Timon was played through his many appearances by Nathan Lane (in all three films and early episodes of the show), Max Casella (the original actor in Broadway musical), Kevin Schon (in certain episodes of the show), Quinton Flynn (in certain episodes of the show), Bruce Lanoil in the Wild About Safety shorts and Kingdom Hearts II, while Pumbaa is voiced by Ernie Sabella (in all of his traditionally animated speaking appearances), and was portrayed by Tom Alan Robbins in the original cast of the Broadway musical. 
Long Answer: Timon and Pumbaa are an animated meerkat and warthog duo introduced in Disney's 1994 animated film The Lion King and its franchise. Timon was played through his many appearances by Nathan Lane, while Pumbaa is voiced by Ernie Sabella, in all of his traditionally animated speaking appearances, and was portrayed by Tom Alan Robbins in the original cast of the Broadway musical. In the 2019 CGI remake, Billy Eichner and Seth Rogen played Timon and Pumbaa.
Context: Based on the characters Rosencrantz and Guildenstern from ""Hamlet"", Timon and Pumbaa are played by Nathan Lane and Ernie Sabella. Timon was animated and created by Michael Surrey. They made their first appearances in the 1994 film when they shooed away the vultures that swarmed around young Simba, who had collapsed from heat exhaustion. Timon and Pumbaa then took the collapsed lion cub back to a small pool, where they splashed water on him to wake him up. After Simba is awakened by the two, they introduce themselves and welcome Simba to stay with them and follow their ""hakuna matata"" philosophy. At first, Simba is confused about Timon and Pumbaa's lifestyle, but it is explained to him in the song ""Hakuna Matata"".
Context: Billy Eichner and Seth Rogen played Timon and Pumbaa (in the first instance of the latter being voiced by somebody other than Sabella) respectively in the 2019 CGI remake of ""The Lion King"". Director Jon Favreau encouraged Rogen and Eichner, who did their voice recordings together, to improvise a lot.",0.1368446201086044,0.0038359561556491,0.6666666666666666
