prompt_id,row_in_dataset,word_count,response_complexity,dataset_answers,question,response,retrieval_context,bert_score,bleu_score,short_answers_score
E12434,434,13,simple,"['18', '21']",Legal age to own a pistol in michigan?,"
In Michigan, the legal age to own a pistol is 18 years old.","
Long Answer: In Michigan, the legal age to own a gun purchased from a private seller is 18. However, the legal age to purchase a gun from a federally licensed dealer is 21. ",0.71693354845047,0.0155371256927603,0.5
E13434,434,101,complex,"['18', '21']",Legal age to own a pistol in michigan?,"
In the state of Michigan, the regulatory framework governing the possession of firearms necessitates a distinction between privately sold and federally licensed dealer-purchased firearms. 

Specifically, the law dictates that individuals who have attained the age of 18 are permissible to acquire and possess a pistol from a private seller, thereby allowing them to exercise their Second Amendment rights in a manner that aligns with the statutory requirements. Conversely, the procurement of a firearm from a federally licensed dealer is subject to an age restriction of 21 years, thereby necessitating a minimum maturity threshold for individuals desirous of acquiring such a firearm.","
Long Answer: In Michigan, the legal age to own a gun purchased from a private seller is 18. However, the legal age to purchase a gun from a federally licensed dealer is 21. ",0.1664074212312698,0.0021255035658507,1.0
E12435,435,7,simple,"['Dioscuri', 'Polydeuces', 'Castor and Pollux', 'Anthony Senter and Joseph Testa']",What are the names of the gemini twins?,"
The Gemini twins are Castor and Pollux.","
Knowledge: Gemini is one of the constellations of the zodiac and is located in the northern celestial hemisphere. It was one of the 48 constellations described by the 2nd century AD astronomer Ptolemy, and it remains one of the 88 modern constellations today. Its name is Latin for twins, and it is associated with the twins Castor and Pollux in Greek mythology
Knowledge: The Dioscuri were regarded as helpers of humankind and held to be patrons of travellers and of sailors in particular, who invoked them to seek favourable winds.[3] Their role as horsemen and boxers also led to them being regarded as the patrons of athletes and athletic contests.[4] They characteristically intervened at the moment of crisis, aiding those who honoured or trusted them
Knowledge: Testa and Senter became known as the ""Gemini twins,"" because they were always together, and the primary hangout of the DeMeo crew was the Gemini Lounge.
Long Answer: Gemini is the name one of the constellations of the zodiac. This constellation's name is Latin for twins, and it is associated with the twins Castor and Pollux from Greek mythology. These twins were regarded as helpers of humankind and held to be patrons of travelers and of sailors in particular, who invoked them to seek favorable winds. Their role as horsemen and boxers also led to them being regarded as the patrons of athletes and athletic contests. Additionally, they were known to characteristically intervene at the moment of crisis, aiding those who honored or trusted them. However, Anthony Senter and Joseph Testa are also known as the Gemini twins.  These Gemini twins are two mobsters from the Lucchese crime family. Senter and Testa are also former members of the DeMeo crew in the Gambino crime family. Testa and Senter became known as the Gemini twins because they were always together, and the primary hangout of the DeMeo crew was the Gemini Lounge. In 1989, both Senter and Testa were found guilty of racketeering and 10 counts of murder. Each was sentenced to life in federal prison.
Context: Anthony Senter and Joseph Testa, better known as the Gemini twins, are two mobsters in the Lucchese crime family. Senter and Testa are former members of the DeMeo crew in the Gambino crime family. In 1989, both Senter and Testa were found guilty of racketeering and 10 counts of murder, and each was sentenced to life in federal prison.",0.3135882318019867,0.0698534205658009,0.25
E13435,435,73,complex,"['Dioscuri', 'Polydeuces', 'Castor and Pollux', 'Anthony Senter and Joseph Testa']",What are the names of the gemini twins?,"
The Gemini twins are, in the celestial realm, Castor and Pollux, whose names are derived from the Latin term for twins, thus rendering their designation as a constellation synonymous with the concept of dyadic unity. Conversely, in the sphere of organized crime, the moniker ""Gemini twins"" is colloquially applied to two notorious mobsters, Anthony Senter and Joseph Testa, also known collectively as the Gemini twins, due to their indissoluble partnership and symbiotic relationship.","
Knowledge: Gemini is one of the constellations of the zodiac and is located in the northern celestial hemisphere. It was one of the 48 constellations described by the 2nd century AD astronomer Ptolemy, and it remains one of the 88 modern constellations today. Its name is Latin for twins, and it is associated with the twins Castor and Pollux in Greek mythology
Knowledge: The Dioscuri were regarded as helpers of humankind and held to be patrons of travellers and of sailors in particular, who invoked them to seek favourable winds.[3] Their role as horsemen and boxers also led to them being regarded as the patrons of athletes and athletic contests.[4] They characteristically intervened at the moment of crisis, aiding those who honoured or trusted them
Knowledge: Testa and Senter became known as the ""Gemini twins,"" because they were always together, and the primary hangout of the DeMeo crew was the Gemini Lounge.
Long Answer: Gemini is the name one of the constellations of the zodiac. This constellation's name is Latin for twins, and it is associated with the twins Castor and Pollux from Greek mythology. These twins were regarded as helpers of humankind and held to be patrons of travelers and of sailors in particular, who invoked them to seek favorable winds. Their role as horsemen and boxers also led to them being regarded as the patrons of athletes and athletic contests. Additionally, they were known to characteristically intervene at the moment of crisis, aiding those who honored or trusted them. However, Anthony Senter and Joseph Testa are also known as the Gemini twins.  These Gemini twins are two mobsters from the Lucchese crime family. Senter and Testa are also former members of the DeMeo crew in the Gambino crime family. Testa and Senter became known as the Gemini twins because they were always together, and the primary hangout of the DeMeo crew was the Gemini Lounge. In 1989, both Senter and Testa were found guilty of racketeering and 10 counts of murder. Each was sentenced to life in federal prison.
Context: Anthony Senter and Joseph Testa, better known as the Gemini twins, are two mobsters in the Lucchese crime family. Senter and Testa are former members of the DeMeo crew in the Gambino crime family. In 1989, both Senter and Testa were found guilty of racketeering and 10 counts of murder, and each was sentenced to life in federal prison.",0.0485467463731765,0.035177264276945,0.5
E12436,436,24,simple,"['October 10, 2017', 'November 3, 2017', 'October 13, 2017', 'October 13', 'October 26, 2017', 'October 26', 'October 20, 2017']",When does the new thor ragnarok come out?,"
A new Thor movie is coming out. It is called ""Thor: Love and Thunder"". It is scheduled to be released on November 5, 2021.","
Long Answer: Thor Ragnarok came out in the 2017 with different released dates around the world. In came out in El Capitan Theatre on October 10, 2017,  on the Gold Coast October 13, in all of Australia October 26, and in the United States and Canada on November 3, 2017. Hollywood Records released the film's soundtrack digitally on October 20, 2017, and was released physically on November 10, 2017.
Context: ""Thor: Ragnarok"" had its world premiere at the El Capitan Theatre in Los Angeles on October 10, 2017, and its Australian premiere took place on October 13, on the Gold Coast. It was released in the United Kingdom on October 24, 2017, with additional international releases on October 25, and in Australia on October 26. The film was released in the United States and Canada on November 3, in 4,080 theaters, of which over 3,400 were 3D, 381 were IMAX and IMAX 3D, and 204 were D-Box. The film opened in 1,187 IMAX theaters globally, which was a November opening weekend record. It was originally scheduled for release on July 28, 2017.
Context: ""Thor: Ragnarok"" premiered in Los Angeles on October 10, 2017, and was released in the United States on November 3, 2017, in 3D, IMAX, and IMAX 3D. The film received praise for its acting and Waititi's direction, as well as the action sequences, humor and musical score, with many critics considering it to be the best installment of the ""Thor"" films. It grossed $854 million, becoming the highest-grossing film of the trilogy and the ninth-highest-grossing film of 2017. A sequel, ""Thor: Love and Thunder"", is scheduled for release on November 5, 2021.
Context: ""Thor: Ragnarok"" had its world premiere at the El Capitan Theatre in Los Angeles on October 10, 2017, and its Australian premiere took place on October 13, on the Gold Coast. It was released in the United Kingdom on October 24, 2017, with additional international releases on October 25, and in Australia on October 26. The film was released in the United States and Canada on November 3, in 4,080 theaters, of which over 3,400 were 3D, 381 were IMAX and IMAX 3D, and 204 were D-Box. The film opened in 1,187 IMAX theaters globally, which was a November opening weekend record. It was originally scheduled for release on July 28, 2017.
Context: By August 2016, Mark Mothersbaugh was hired to score the film. Mothersbaugh was influenced by a video essay from the YouTube channel Every Frame a Painting, which criticized the scores from previous Marvel Cinematic Universe films for their lack of memorability, to make the score for ""Thor: Ragnarok"" as distinctive as possible. The score was recorded at Abbey Road Studios. The synthesized score is influenced by the work of Jean-Michel Jarre. Mothersbaugh combined synthesizer keyboards he used from his days with the band Devo with a 100 piece orchestra. Patrick Doyle's themes from ""Thor"" and Brian Tyler's themes from """" and """", as well as Joe Harnell's ""The Lonely Man"" theme from ""The Incredible Hulk"" series, are also used in the film. Director Taika Waititi would have asked the band Queen to work on the soundtrack for the film (if their lead singer Freddie Mercury was still alive) because the film is ""a cool bold, colorful cosmic adventure"" which would have suited the ""feel"" of the band. Hollywood Records released the film's soundtrack digitally on October 20, 2017, and was released physically on November 10, 2017.",0.3682191073894501,0.0079132472714226,0.0
E13436,436,127,complex,"['October 10, 2017', 'November 3, 2017', 'October 13, 2017', 'October 13', 'October 26, 2017', 'October 26', 'October 20, 2017']",When does the new thor ragnarok come out?,"
A most pertinent query! Unfortunately, I must clarify that I am not privy to information on a forthcoming ""Thor Ragnarok"" sequel, as the context provided appears to be centered around the 2017 film ""Thor: Ragnarok."" However, I can offer some supplementary information regarding the original's release, which may serve as a precedent for any potential future installments.

That being said, I must inform you that the sequel to ""Thor: Ragnarok,"" titled ""Thor: Love and Thunder,"" was indeed scheduled for release on November 5, 2021. Nonetheless, I am not aware of any concrete information regarding a forthcoming sequel to ""Thor: Love and Thunder."" Any updates on upcoming releases would be welcomed, as they are frequently announced and disseminated by the studios and production companies involved in the films.","
Long Answer: Thor Ragnarok came out in the 2017 with different released dates around the world. In came out in El Capitan Theatre on October 10, 2017,  on the Gold Coast October 13, in all of Australia October 26, and in the United States and Canada on November 3, 2017. Hollywood Records released the film's soundtrack digitally on October 20, 2017, and was released physically on November 10, 2017.
Context: ""Thor: Ragnarok"" had its world premiere at the El Capitan Theatre in Los Angeles on October 10, 2017, and its Australian premiere took place on October 13, on the Gold Coast. It was released in the United Kingdom on October 24, 2017, with additional international releases on October 25, and in Australia on October 26. The film was released in the United States and Canada on November 3, in 4,080 theaters, of which over 3,400 were 3D, 381 were IMAX and IMAX 3D, and 204 were D-Box. The film opened in 1,187 IMAX theaters globally, which was a November opening weekend record. It was originally scheduled for release on July 28, 2017.
Context: ""Thor: Ragnarok"" premiered in Los Angeles on October 10, 2017, and was released in the United States on November 3, 2017, in 3D, IMAX, and IMAX 3D. The film received praise for its acting and Waititi's direction, as well as the action sequences, humor and musical score, with many critics considering it to be the best installment of the ""Thor"" films. It grossed $854 million, becoming the highest-grossing film of the trilogy and the ninth-highest-grossing film of 2017. A sequel, ""Thor: Love and Thunder"", is scheduled for release on November 5, 2021.
Context: ""Thor: Ragnarok"" had its world premiere at the El Capitan Theatre in Los Angeles on October 10, 2017, and its Australian premiere took place on October 13, on the Gold Coast. It was released in the United Kingdom on October 24, 2017, with additional international releases on October 25, and in Australia on October 26. The film was released in the United States and Canada on November 3, in 4,080 theaters, of which over 3,400 were 3D, 381 were IMAX and IMAX 3D, and 204 were D-Box. The film opened in 1,187 IMAX theaters globally, which was a November opening weekend record. It was originally scheduled for release on July 28, 2017.
Context: By August 2016, Mark Mothersbaugh was hired to score the film. Mothersbaugh was influenced by a video essay from the YouTube channel Every Frame a Painting, which criticized the scores from previous Marvel Cinematic Universe films for their lack of memorability, to make the score for ""Thor: Ragnarok"" as distinctive as possible. The score was recorded at Abbey Road Studios. The synthesized score is influenced by the work of Jean-Michel Jarre. Mothersbaugh combined synthesizer keyboards he used from his days with the band Devo with a 100 piece orchestra. Patrick Doyle's themes from ""Thor"" and Brian Tyler's themes from """" and """", as well as Joe Harnell's ""The Lonely Man"" theme from ""The Incredible Hulk"" series, are also used in the film. Director Taika Waititi would have asked the band Queen to work on the soundtrack for the film (if their lead singer Freddie Mercury was still alive) because the film is ""a cool bold, colorful cosmic adventure"" which would have suited the ""feel"" of the band. Hollywood Records released the film's soundtrack digitally on October 20, 2017, and was released physically on November 10, 2017.",0.0095674954354763,0.0016851206781117,0.0
E12437,437,10,simple,"['May 10, 1930', '1937']",When was the national pan hellenic council formed?,"
The National Pan-Hellenic Council was formed on May 10, 1930.","
Long Answer: The National Pan-Hellenic Council was originally formed on May 10, 1930, when it was formed as a permanent organization on the campus of Howard University in Washington, D.C., while it was officially incorporated in 1937.
Context: The National Pan-Hellenic Council (NPHC) is a collaborative organization of nine historically African American, international Greek lettered fraternities and sororities. The nine NPHC organizations are sometimes collectively referred to as the ""Divine Nine"". The member/partner organizations have not formally adopted nor recommended the use of this term to describe their collaborative grouping. The NPHC was formed as a permanent organization on May 10, 1930 on the campus of Howard University, in Washington, D.C. with Matthew W. Bullock as the active Chairman and B. Beatrix Scott as Vice-Chairman. NPHC was incorporated under the laws of the State of Illinois in 1937 and headquartered in Decatur, Georgia.",0.4947006702423095,0.0446323613785333,0.5
E13437,437,32,complex,"['May 10, 1930', '1937']",When was the national pan hellenic council formed?,"
The National Pan-Hellenic Council (NPHC) was formally instituted on May 10, 1930, marking the genesis of a perpetual organization on the campus of Howard University in the nation's capital city, Washington, D.C.","
Long Answer: The National Pan-Hellenic Council was originally formed on May 10, 1930, when it was formed as a permanent organization on the campus of Howard University in Washington, D.C., while it was officially incorporated in 1937.
Context: The National Pan-Hellenic Council (NPHC) is a collaborative organization of nine historically African American, international Greek lettered fraternities and sororities. The nine NPHC organizations are sometimes collectively referred to as the ""Divine Nine"". The member/partner organizations have not formally adopted nor recommended the use of this term to describe their collaborative grouping. The NPHC was formed as a permanent organization on May 10, 1930 on the campus of Howard University, in Washington, D.C. with Matthew W. Bullock as the active Chairman and B. Beatrix Scott as Vice-Chairman. NPHC was incorporated under the laws of the State of Illinois in 1937 and headquartered in Decatur, Georgia.",0.4828486442565918,0.0123381420988508,0.5
E12438,438,14,simple,"['West', 'Central', 'south']",Where is riverview florida located on the map?,"
Riverview, Florida is located in the state of Florida. It is in Hillsborough County.","
Long Answer: Riverview was founded in 1885 on the Alafia River's north shore, on the west coast of Florida. However, in the 1830's settlers arrived on the south side of the river at an area formerly known as ""Peru"" because ""Peru"" was an indigenous name for ""straight part of the river"". Peru existed for nearly 100 years and was one of the oldest settlements in central Florida. It wasn't until the 1940's that Riverview absorbed Peru, and now claims the south side of the Alafia River. 
Context: Riverview was founded in 1885 on the Alafia River's north shore. However, in the 1830s settlers arrived on the south side of the river at an area formerly known as ""Peru"" (pronounced ""Pe-Roo"") because ""Peru"" was an indigenous name for ""straight part of the river"". Peru existed for nearly 100 years and was one of the oldest settlements in central Florida. It wasn't until the 1940s that Riverview absorbed Peru, and now claims the south side of the Alafia River. The Peruvian Mining Company, which mined phosphate from the Alafia, took its name from the settlement. The term ""Alafia"" is translated as ""River of Fire"" due to the phosphorus on the early riverbottom glowing at night.
Context: Riverview is an unincorporated census-designated place in Hillsborough County, Florida, United States. It is located south of Brandon. The population was 71,050 in the 2010 census, up from 12,035 in the 2000 census.",0.4368245005607605,0.0,0.0
E13438,438,96,complex,"['West', 'Central', 'south']",Where is riverview florida located on the map?,"
Riverview, a nascent municipality situated in the state of Florida, USA, is situated within Hillsborough County, situated south of the eponymous city of Brandon. Specifically, it lies along the southern bank of the Alafia River, which originates from the vicinity of Tampa and dissects the county, thereby dividing it into two distinct regions. In the northern aspect of the county, Riverview is adjacent to the existing city limits, whereas in the southern aspect, it occupies the previously autonomous area known as ""Peru,"" which existed prior to its subjugation to the municipality's jurisdiction in the mid-20th century.","
Long Answer: Riverview was founded in 1885 on the Alafia River's north shore, on the west coast of Florida. However, in the 1830's settlers arrived on the south side of the river at an area formerly known as ""Peru"" because ""Peru"" was an indigenous name for ""straight part of the river"". Peru existed for nearly 100 years and was one of the oldest settlements in central Florida. It wasn't until the 1940's that Riverview absorbed Peru, and now claims the south side of the Alafia River. 
Context: Riverview was founded in 1885 on the Alafia River's north shore. However, in the 1830s settlers arrived on the south side of the river at an area formerly known as ""Peru"" (pronounced ""Pe-Roo"") because ""Peru"" was an indigenous name for ""straight part of the river"". Peru existed for nearly 100 years and was one of the oldest settlements in central Florida. It wasn't until the 1940s that Riverview absorbed Peru, and now claims the south side of the Alafia River. The Peruvian Mining Company, which mined phosphate from the Alafia, took its name from the settlement. The term ""Alafia"" is translated as ""River of Fire"" due to the phosphorus on the early riverbottom glowing at night.
Context: Riverview is an unincorporated census-designated place in Hillsborough County, Florida, United States. It is located south of Brandon. The population was 71,050 in the 2010 census, up from 12,035 in the 2000 census.",0.0602324903011322,0.0018819088728501,0.3333333333333333
E12439,439,18,simple,"['The Cleveland Show', 'American Dad!', 'Family Guy']",What popular cartoon was created by a risd graduate?,"
A popular cartoon was created by a RISD graduate named Seth MacFarlane. The cartoon is called Family Guy.","
Knowledge: MacFarlane went on to study film, video, and animation at the Rhode Island School of Design (RISD), where he earned a Bachelor of Fine Arts degree.
Knowledge: He is the creator of the television series Family Guy (1999–present) and The Orville (2017–present), and co-creator of the television series American Dad! (2005–present) and The Cleveland Show (2009–2013).
Long Answer: RISD graduate Seth MacFarlane created the popular cartoon Family Guy, which follows the Griffin family, and co-created the popular Family Guy spin-off cartoon The Cleveland Show and a popular cartoon in production since 2005, American Dad! MacFarlane studied film, video, and animation at the Rhode Island School of Design, or RISD, where he earned a Bachelor of Fine Arts degree.
Context: MacFarlane developed a ""Family Guy"" spin-off called ""The Cleveland Show"", which focuses on the character of Cleveland Brown and his family. The idea for the show originated from a suggestion by ""Family Guy"" writer and voice of Cleveland, Mike Henry. Fox ordered 22 episodes and the series first aired on September 27, 2009. The show, which was picked up to air a first season consisting of 22 episodes, was picked up by Fox for a second season, consisting of 13 episodes, bringing the total number to 35 episodes. The announcement was made on May 3, 2009 before the first season even premiered. Due to strong ratings, Fox picked up the back nine episodes of season 2, making a 22-episode season and bringing the total episode count of the show to 44. The series ended on May 19, 2013, with a total of 4 seasons and 88 episodes, and the character of Cleveland returned to ""Family Guy"" in the episode ""He's Bla-ack!"". This is the only animated series created by MacFarlane that does not have him voicing the main character.
Context: MacFarlane has a second long-running, successful adult animated series in ""American Dad!"" which has been in production since early 2005. To date, ""American Dad!"" is MacFarlane's only animated series never to have suffered an official cancellation, though it did undergo a network relocation from Fox to TBS on October 20, 2014, following the show's 11th season. TBS announced on July 16, 2013, that they had picked up the series for a 15-episode 12th season. Reportedly, the purpose of the network relocation was originally to make room for new animated broadcasts on Fox's now-defunct ""Animation Domination"" lineup. It was reported that the relocation of ""American Dad!"" allowed room for other shows, such as ""Mulaney"" and another animated series from Seth MacFarlane called ""Bordertown"". ""Bordertown"" ran during the 2015–16 television season.
Context: ""Family Guy"" first aired January 31, 1999. MacFarlane's work in animating ""Family Guy"" has been influenced by Jackie Gleason and Hanna-Barbera along with examples from ""The Simpsons"" and ""All in the Family"". In addition to writing three episodes, ""Death Has a Shadow"", ""Family Guy Viewer Mail 1"" and ""North by North Quahog"", MacFarlane voices ""Family Guy""s main male characters – Peter Griffin, Stewie Griffin, Brian Griffin, and Glenn Quagmire as well as Tom Tucker, his son Jake Tucker, and additional characters. Bolstered by high DVD sales and established fan loyalty, ""Family Guy"" developed into a US$1-billion franchise. On May 4, 2008, after approximately two and a half years of negotiations, MacFarlane reached a US$100-million agreement with Fox to keep ""Family Guy"" and ""American Dad!"" until 2012. The agreement makes him the world's highest paid television writer.",0.3281959593296051,0.0128461897267677,0.3333333333333333
E13439,439,67,complex,"['The Cleveland Show', 'American Dad!', 'Family Guy']",What popular cartoon was created by a risd graduate?,"
Seth MacFarlane, a paradigmatic exemplar of artistic innovation and versatility, is the creator of the paradigmatic animated series, Family Guy. The aforementioned television program, which premiered on January 31, 1999, has garnered a plethora of accolades and devoted a considerable following. Born and raised in Kent, Connecticut, MacFarlane's formative experiences and academic tenure at the Rhode Island School of Design (RISD) undoubtedly influenced his nascent creative endeavors.","
Knowledge: MacFarlane went on to study film, video, and animation at the Rhode Island School of Design (RISD), where he earned a Bachelor of Fine Arts degree.
Knowledge: He is the creator of the television series Family Guy (1999–present) and The Orville (2017–present), and co-creator of the television series American Dad! (2005–present) and The Cleveland Show (2009–2013).
Long Answer: RISD graduate Seth MacFarlane created the popular cartoon Family Guy, which follows the Griffin family, and co-created the popular Family Guy spin-off cartoon The Cleveland Show and a popular cartoon in production since 2005, American Dad! MacFarlane studied film, video, and animation at the Rhode Island School of Design, or RISD, where he earned a Bachelor of Fine Arts degree.
Context: MacFarlane developed a ""Family Guy"" spin-off called ""The Cleveland Show"", which focuses on the character of Cleveland Brown and his family. The idea for the show originated from a suggestion by ""Family Guy"" writer and voice of Cleveland, Mike Henry. Fox ordered 22 episodes and the series first aired on September 27, 2009. The show, which was picked up to air a first season consisting of 22 episodes, was picked up by Fox for a second season, consisting of 13 episodes, bringing the total number to 35 episodes. The announcement was made on May 3, 2009 before the first season even premiered. Due to strong ratings, Fox picked up the back nine episodes of season 2, making a 22-episode season and bringing the total episode count of the show to 44. The series ended on May 19, 2013, with a total of 4 seasons and 88 episodes, and the character of Cleveland returned to ""Family Guy"" in the episode ""He's Bla-ack!"". This is the only animated series created by MacFarlane that does not have him voicing the main character.
Context: MacFarlane has a second long-running, successful adult animated series in ""American Dad!"" which has been in production since early 2005. To date, ""American Dad!"" is MacFarlane's only animated series never to have suffered an official cancellation, though it did undergo a network relocation from Fox to TBS on October 20, 2014, following the show's 11th season. TBS announced on July 16, 2013, that they had picked up the series for a 15-episode 12th season. Reportedly, the purpose of the network relocation was originally to make room for new animated broadcasts on Fox's now-defunct ""Animation Domination"" lineup. It was reported that the relocation of ""American Dad!"" allowed room for other shows, such as ""Mulaney"" and another animated series from Seth MacFarlane called ""Bordertown"". ""Bordertown"" ran during the 2015–16 television season.
Context: ""Family Guy"" first aired January 31, 1999. MacFarlane's work in animating ""Family Guy"" has been influenced by Jackie Gleason and Hanna-Barbera along with examples from ""The Simpsons"" and ""All in the Family"". In addition to writing three episodes, ""Death Has a Shadow"", ""Family Guy Viewer Mail 1"" and ""North by North Quahog"", MacFarlane voices ""Family Guy""s main male characters – Peter Griffin, Stewie Griffin, Brian Griffin, and Glenn Quagmire as well as Tom Tucker, his son Jake Tucker, and additional characters. Bolstered by high DVD sales and established fan loyalty, ""Family Guy"" developed into a US$1-billion franchise. On May 4, 2008, after approximately two and a half years of negotiations, MacFarlane reached a US$100-million agreement with Fox to keep ""Family Guy"" and ""American Dad!"" until 2012. The agreement makes him the world's highest paid television writer.",0.1487624198198318,0.0032290850333869,0.3333333333333333
E12440,440,18,simple,"['Maulik Pancholy', 'Chris Hardwick']",Who does the voice of sanjay and craig?,"
Sanjay and Craig has two voices. 

Sanjay is voiced by Maulik Pancholy. 
Craig is voiced by Chris Hardwick.","
Knowledge: Sanjay Patel[9] (voiced by Maulik Pancholy)[10] is a 12-year-old Indian-American boy
Knowledge: Craig Slithers[9] (voiced by Chris Hardwick)[10] is Sanjay's anthropomorphic pet boa constrictor 
Long Answer: On the show Sanjay and Craig, Sanjay Patel is voiced by Maulik Pancholy. Craig Slithers, Sanjay's best friend and pet boa constrictor, is voiced by Chris Hardwick. ",0.388300746679306,0.0128461897267677,1.0
E13440,440,48,complex,"['Maulik Pancholy', 'Chris Hardwick']",Who does the voice of sanjay and craig?,"
The voice actors responsible for voicing the titular characters in the animated television series ""Sanjay and Craig"" are Maulik Pancholy, who lends his vocal talents to the role of Sanjay Patel, and Chris Hardwick, who provides the voice for Craig Slithers, Sanjay's endearing and affable pet boa constrictor.","
Knowledge: Sanjay Patel[9] (voiced by Maulik Pancholy)[10] is a 12-year-old Indian-American boy
Knowledge: Craig Slithers[9] (voiced by Chris Hardwick)[10] is Sanjay's anthropomorphic pet boa constrictor 
Long Answer: On the show Sanjay and Craig, Sanjay Patel is voiced by Maulik Pancholy. Craig Slithers, Sanjay's best friend and pet boa constrictor, is voiced by Chris Hardwick. ",0.2733871340751648,0.0045491487595968,1.0
E12441,441,15,simple,"['10', '""Brave New World""']",When do haley and nathan get back together season 3?,"
Haley and Nathan get back together in Season 3, Episode 10, called ""Brave New World"".","
Knowledge: One Tree Hill is an American drama television series created by Mark Schwahn, which premiered on September 23, 2003, on The WB.
Knowledge: The show is set in the fictional town of Tree Hill in North Carolina and initially follows the lives of two half-brothers, Lucas Scott (Chad Michael Murray) and Nathan Scott (James Lafferty), who compete for positions on their school's basketball team, and the drama that ensues from the brothers' romances.
Knowledge: Other major storylines are Nathan and Haley's developing relationship, the Peyton-Lucas-Brooke love triangle, and the love quadrangle involving Lucas and Nathan's parents.
Knowledge: Haley's decision to go on a music tour with Keller causes Nathan to file for divorce.
Long Answer: One Tree Hill is an American drama television series that follows the lives of two half-brothers, Lucas and Nathan Scott. In the show, Nathan and Haley develop a relationship but Nathan ends up filing for divorce. They get back together in season 3, episode 10, which is called ""Brave New World"".",0.486978679895401,0.0279525559635875,1.0
E13441,441,60,complex,"['10', '""Brave New World""']",When do haley and nathan get back together season 3?,"
Upon reviewing the narrative trajectory of the television series, it is evident that Haley James Scott and Nathan Scott, the ostensibly antagonistic yet romantically entwined protagonists, ultimately reconcile in the third season, specifically in episode 10, titled ""Brave New World"". This pivotal moment occurs after a considerable period of estrangement, as the couple navigates the intricacies of their tumultuous relationship.","
Knowledge: One Tree Hill is an American drama television series created by Mark Schwahn, which premiered on September 23, 2003, on The WB.
Knowledge: The show is set in the fictional town of Tree Hill in North Carolina and initially follows the lives of two half-brothers, Lucas Scott (Chad Michael Murray) and Nathan Scott (James Lafferty), who compete for positions on their school's basketball team, and the drama that ensues from the brothers' romances.
Knowledge: Other major storylines are Nathan and Haley's developing relationship, the Peyton-Lucas-Brooke love triangle, and the love quadrangle involving Lucas and Nathan's parents.
Knowledge: Haley's decision to go on a music tour with Keller causes Nathan to file for divorce.
Long Answer: One Tree Hill is an American drama television series that follows the lives of two half-brothers, Lucas and Nathan Scott. In the show, Nathan and Haley develop a relationship but Nathan ends up filing for divorce. They get back together in season 3, episode 10, which is called ""Brave New World"".",0.1885804086923599,0.0064295558196796,1.0
E12442,442,6,simple,"['president of Mexico', 'president of the United Mexican States', 'Enrique Peña Nieto', 'EPN', 'Felipe de Jesús Calderón Hinojosa', 'Felipe Calderón', 'Vicente Fox', 'Vicente Fox Quesada']",Mexico is led by a chief of state who is?,"
Mexico is led by a president.","
Knowledge: The president of Mexico (Spanish: Presidente de México), officially known as the president of the United Mexican States (Spanish: Presidente de los Estados Unidos Mexicanos),[2] is the head of state and head of government of Mexico. Under the Constitution of Mexico, the President is the chief of the executive branch of the federal government and is the commander in chief of the Mexican Armed Forces. The current president is Andrés Manuel López Obrador, who took office on 1 December 2018.
Knowledge: Mexican presidents are limited to a single six-year term, called a sexenio.
Long Answer: The president of Mexico is the head of state and head of government of Mexico. Under the Constitution of Mexico, the President is the chief of the executive branch of the federal government and is the commander in chief of the Mexican Armed Forces. The current president is Andrés Manuel López Obrador, who took office on 1 December 2018. Enrique Peña Nieto was President from 2012 to 2018, Felipe de Jesús Calderón Hinojosa was President from 2006 to 2012, and Vicente Fox Quesada was President from 2000 to 2006. Mexican presidents are limited to a single six-year term.
Context: Peña Nieto was sworn-in as President of Mexico on 1 December 2012 at the federal congress and later flew to a military parade to formally take control of the armed forces. During his inauguration speech at the National Palace, Peña Nieto proposed his agendas and reforms for the new administration. Before and after the inauguration, in an event that has been labeled by the media as the ""1DMX"", protesters rioted outside of the National Palace and clashed with Federal Police forces, vandalizing hotel structures and setting fires in downtown Mexico City. More than 90 protesters were arrested and several were injured. Mayor Marcelo Ebrard blamed anarchist groups for the violence. However, there is evidence that agents of provocation worked with the police, paid 300 Mexican pesos (about US$20) for their acts of vandalism, according to media reports. Photos show the vandals waiting in groups behind police lines prior to the violence. Previous protests had been entirely peaceful, but on this occasion, in apparent response to violence, the police fired rubber bullets. The day after his inauguration, Peña Nieto announced the Pact for Mexico, an agreement that he had struck with the leaders of the two other major parties at the time, Jesús Zambrano Grijalva of the Party of the Democratic Revolution and Gustavo Madero Muñoz of the National Action Party, about the government's goals for the next few years. On December 1, 2018, Enrique Peña Nieto left office and was succeeded by Andrés Manuel López Obrador.
Context: Felipe de Jesús Calderón Hinojosa, (; born 19 August 1962) is a Mexican politician who served as the 56th President of Mexico from 1 December 2006 to 30 November 2012. He was a member of the National Action Party (""Partido Acción Nacional"", PAN) for thirty years before quitting the party in November 2018.
Context: On November 30, 2006, outgoing President Vicente Fox Quesada and still President-elect Felipe Calderón Hinojosa stood side-by-side on national television as Fox turned over the presidential sash to a cadet, who handed it to Calderón. Afterwards, Fox read a short speech indicating that he had concluded his mandate by receiving the flag ""that had accompanied him during the last six years which he had devoted himself completely to the service of Mexico and had the utmost honor of being the president of the republic"". Calderón then made a speech to the Mexican public indicating that he would still attend the inauguration ceremony at the Chamber of Deputies. He made a call to unity.",0.0885493904352188,0.0408248290463863,0.0
E13442,442,14,complex,"['president of Mexico', 'president of the United Mexican States', 'Enrique Peña Nieto', 'EPN', 'Felipe de Jesús Calderón Hinojosa', 'Felipe Calderón', 'Vicente Fox', 'Vicente Fox Quesada']",Mexico is led by a chief of state who is?,"
Mexico is led by a president, specifically the president of the United Mexican States.","
Knowledge: The president of Mexico (Spanish: Presidente de México), officially known as the president of the United Mexican States (Spanish: Presidente de los Estados Unidos Mexicanos),[2] is the head of state and head of government of Mexico. Under the Constitution of Mexico, the President is the chief of the executive branch of the federal government and is the commander in chief of the Mexican Armed Forces. The current president is Andrés Manuel López Obrador, who took office on 1 December 2018.
Knowledge: Mexican presidents are limited to a single six-year term, called a sexenio.
Long Answer: The president of Mexico is the head of state and head of government of Mexico. Under the Constitution of Mexico, the President is the chief of the executive branch of the federal government and is the commander in chief of the Mexican Armed Forces. The current president is Andrés Manuel López Obrador, who took office on 1 December 2018. Enrique Peña Nieto was President from 2012 to 2018, Felipe de Jesús Calderón Hinojosa was President from 2006 to 2012, and Vicente Fox Quesada was President from 2000 to 2006. Mexican presidents are limited to a single six-year term.
Context: Peña Nieto was sworn-in as President of Mexico on 1 December 2012 at the federal congress and later flew to a military parade to formally take control of the armed forces. During his inauguration speech at the National Palace, Peña Nieto proposed his agendas and reforms for the new administration. Before and after the inauguration, in an event that has been labeled by the media as the ""1DMX"", protesters rioted outside of the National Palace and clashed with Federal Police forces, vandalizing hotel structures and setting fires in downtown Mexico City. More than 90 protesters were arrested and several were injured. Mayor Marcelo Ebrard blamed anarchist groups for the violence. However, there is evidence that agents of provocation worked with the police, paid 300 Mexican pesos (about US$20) for their acts of vandalism, according to media reports. Photos show the vandals waiting in groups behind police lines prior to the violence. Previous protests had been entirely peaceful, but on this occasion, in apparent response to violence, the police fired rubber bullets. The day after his inauguration, Peña Nieto announced the Pact for Mexico, an agreement that he had struck with the leaders of the two other major parties at the time, Jesús Zambrano Grijalva of the Party of the Democratic Revolution and Gustavo Madero Muñoz of the National Action Party, about the government's goals for the next few years. On December 1, 2018, Enrique Peña Nieto left office and was succeeded by Andrés Manuel López Obrador.
Context: Felipe de Jesús Calderón Hinojosa, (; born 19 August 1962) is a Mexican politician who served as the 56th President of Mexico from 1 December 2006 to 30 November 2012. He was a member of the National Action Party (""Partido Acción Nacional"", PAN) for thirty years before quitting the party in November 2018.
Context: On November 30, 2006, outgoing President Vicente Fox Quesada and still President-elect Felipe Calderón Hinojosa stood side-by-side on national television as Fox turned over the presidential sash to a cadet, who handed it to Calderón. Afterwards, Fox read a short speech indicating that he had concluded his mandate by receiving the flag ""that had accompanied him during the last six years which he had devoted himself completely to the service of Mexico and had the utmost honor of being the president of the republic"". Calderón then made a speech to the Mexican public indicating that he would still attend the inauguration ceremony at the Chamber of Deputies. He made a call to unity.",0.2136697173118591,0.2782462328835313,0.125
E12443,443,54,simple,"['Jean-Jacques-François Le Barbier', 'Marquis de Lafayette', 'Honoré Mirabeau', 'Abbé Sieyès', 'Thomas Jefferson', 'National Constituent Assembly', 'Louis Antoine Léon de Saint-Just', 'Marie-Jean Hérault de Séchelles']",Who created the declaration of the rights of man?,"
The Declaration of the Rights of Man was created by many people, but the main ones were:

* The Abbé Sieyès (a French priest and writer)
* The Marquis de Lafayette (a French general and leader)
* Thomas Jefferson (an American writer and friend of Lafayette)

They worked together to create this important document.","
Knowledge: The Declaration of the Rights of Man and of the Citizen (French: Déclaration des droits de l'homme et du citoyen de 1789), set by France's National Constituent Assembly in 1789, is a human civil rights document from the French Revolution.
Knowledge: The content of the document emerged largely from the ideals of the Enlightenment.[5] The principal drafts were prepared by Lafayette, working at times with his close friend Thomas Jefferson.[6][7] In August 1789, the Abbé Emmanuel Joseph Sieyès and Honoré Mirabeau played a central role in conceptualizing and drafting the final Declaration of the Rights of Man and of the Citizen.[8][9]
Knowledge: The Declaration and Constitution were ratified by popular vote in July 1793, and officially adopted on 10 August; however, they never went into effect, and the constitution was officially suspended on 10 October.
Knowledge: The Declaration was written by the commission that included Louis Antoine Léon de Saint-Just and Marie-Jean Hérault de Séchelles during the period of the French Revolution.
Knowledge: The 1793 version included new rights, and revisions to prior ones: to work, to public assistance, to education, and to resist oppression.[1]
Long Answer: The Declaration of the Rights of Man and of the Citizen, set by France's National Constituent Assembly in 1789, is a human civil rights document from the French Revolution. The content of the document emerged largely from the ideals of the Enlightenment. The principal drafts were prepared by Lafayette, working at times with his close friend Thomas Jefferson. In August 1789, the Abbé Sieyès and Honoré Mirabeau played a central role in conceptualizing and drafting the final Declaration of the Rights of Man and of the Citizen. The Declaration of the Rights of Man painting was created by Jean-Jacques-François Le Barbier. The Declaration of the Rights of the Man and of the Citizen of 1793 was written by the commission that included Louis Antoine Léon de Saint-Just and Marie-Jean Hérault de Séchelles. It included new rights and revisions to prior ones. It was officially adopted on 10 August but never went into effect.
Context: The Declaration was drafted by the Abbé Sieyès and the Marquis de Lafayette, in consultation with Thomas Jefferson. Influenced by the doctrine of ""natural right"", the rights of man are held to be universal: valid at all times and in every place, pertaining to human nature itself. It became the basis for a nation of free individuals protected equally by the law. It is included in the beginning of the constitutions of both the Fourth French Republic (1946) and Fifth Republic (1958) and is still current. Inspired by the Enlightenment philosophers, the Declaration was a core statement of the values of the French Revolution and had a major impact on the development of freedom and democracy in Europe and worldwide.
Context: The Declaration of the Rights of Man and of the Citizen (), set by France's National Constituent Assembly in 1789, is a human civil rights document from the French Revolution.",0.0688434466719627,0.0246449942149454,0.375
E13443,443,213,complex,"['Jean-Jacques-François Le Barbier', 'Marquis de Lafayette', 'Honoré Mirabeau', 'Abbé Sieyès', 'Thomas Jefferson', 'National Constituent Assembly', 'Louis Antoine Léon de Saint-Just', 'Marie-Jean Hérault de Séchelles']",Who created the declaration of the rights of man?,"
The genesis of the Declaration of the Rights of Man and of the Citizen is a multifaceted narrative that involves the collaborative efforts of several luminaries of the French Revolution. While Thomas Jefferson, the illustrious American statesman and principal author of the United States Declaration of Independence, is often credited with influencing the document's core principles, the actual drafting process involved a broader array of individuals.

The Abbé Emmanuel Joseph Sieyès, a French Enlightenment philosopher and statesman, played a pivotal role in conceptualizing and conceptualizing the final version of the Declaration. His work, in tandem with that of the Marquis de Lafayette, a French aristocrat and military leader, laid the groundwork for the document's emphasis on universal human rights.

The official ratification of the Declaration by the French National Constituent Assembly in August 1789 marked a significant milestone in the revolutionary process. However, it was during the commission's subsequent drafting phase, led by the triumvirate of Louis Antoine Léon de Saint-Just, Marie-Jean Hérault de Séchelles, and others, that the document underwent revisions and refinements, ultimately yielding the 1793 version.

In essence, while the Declaration's authorship is often attributed to a singular individual or group, the actual creation process involved a dynamic interplay of multiple minds, fueled by the intellectual currents of the Enlightenment.","
Knowledge: The Declaration of the Rights of Man and of the Citizen (French: Déclaration des droits de l'homme et du citoyen de 1789), set by France's National Constituent Assembly in 1789, is a human civil rights document from the French Revolution.
Knowledge: The content of the document emerged largely from the ideals of the Enlightenment.[5] The principal drafts were prepared by Lafayette, working at times with his close friend Thomas Jefferson.[6][7] In August 1789, the Abbé Emmanuel Joseph Sieyès and Honoré Mirabeau played a central role in conceptualizing and drafting the final Declaration of the Rights of Man and of the Citizen.[8][9]
Knowledge: The Declaration and Constitution were ratified by popular vote in July 1793, and officially adopted on 10 August; however, they never went into effect, and the constitution was officially suspended on 10 October.
Knowledge: The Declaration was written by the commission that included Louis Antoine Léon de Saint-Just and Marie-Jean Hérault de Séchelles during the period of the French Revolution.
Knowledge: The 1793 version included new rights, and revisions to prior ones: to work, to public assistance, to education, and to resist oppression.[1]
Long Answer: The Declaration of the Rights of Man and of the Citizen, set by France's National Constituent Assembly in 1789, is a human civil rights document from the French Revolution. The content of the document emerged largely from the ideals of the Enlightenment. The principal drafts were prepared by Lafayette, working at times with his close friend Thomas Jefferson. In August 1789, the Abbé Sieyès and Honoré Mirabeau played a central role in conceptualizing and drafting the final Declaration of the Rights of Man and of the Citizen. The Declaration of the Rights of Man painting was created by Jean-Jacques-François Le Barbier. The Declaration of the Rights of the Man and of the Citizen of 1793 was written by the commission that included Louis Antoine Léon de Saint-Just and Marie-Jean Hérault de Séchelles. It included new rights and revisions to prior ones. It was officially adopted on 10 August but never went into effect.
Context: The Declaration was drafted by the Abbé Sieyès and the Marquis de Lafayette, in consultation with Thomas Jefferson. Influenced by the doctrine of ""natural right"", the rights of man are held to be universal: valid at all times and in every place, pertaining to human nature itself. It became the basis for a nation of free individuals protected equally by the law. It is included in the beginning of the constitutions of both the Fourth French Republic (1946) and Fifth Republic (1958) and is still current. Inspired by the Enlightenment philosophers, the Declaration was a core statement of the values of the French Revolution and had a major impact on the development of freedom and democracy in Europe and worldwide.
Context: The Declaration of the Rights of Man and of the Citizen (), set by France's National Constituent Assembly in 1789, is a human civil rights document from the French Revolution.",0.1104202792048454,0.020930446955031,0.625
E12444,444,20,simple,"['June 9, 2018', 'May 6, 2019']",When is the second big hero 6 coming out?,"
Big Hero 6 has two seasons. The first season came out in 2017. The second season came out in 2019.","
Knowledge: Big Hero 6: The Series is an American animated television series developed by Mark McCorkle and Bob Schooley for Disney Television Animation, based on film which in turn is based on characters created by Steven T. Seagle and Duncan Rouleau (credited to Man of Action) and published by Marvel Comics.
Knowledge: Taking place after the events of the film, the show follows the continuing adventures of Hiro Hamada and his robot companion Baymax who, together with their friends, fight crime in the city of San Fransokyo.
Long Answer: Big Hero 6: The Series is an American animated television series developed for Disney Television Animation. Taking place after the events of the film, the show follows the continuing adventures of Hiro Hamada and his robot companion Baymax who, together with their friends, fight crime in the city of San Fransokyo. The second episode of the show came out on June 9, 2018 and the second season came out on May 6, 2019.",0.4353270828723907,0.0,0.0
E13444,444,97,complex,"['June 9, 2018', 'May 6, 2019']",When is the second big hero 6 coming out?,"
The forthcoming release of Big Hero 6's second installment is a most anticipated event, and I shall provide a succinct and erudite response to your query.

A forthcoming sequel to the animated television series Big Hero 6 is indeed forthcoming. Specifically, the second season of the show, subtitled ""Big Hero 6: The Series,"" premiered on May 6, 2019, marking a significant milestone in the franchise's trajectory. Unfortunately, I must lament that there has been no official announcement regarding a forthcoming release of a second season, nor has any concrete information been divulged regarding its anticipated release date.","
Knowledge: Big Hero 6: The Series is an American animated television series developed by Mark McCorkle and Bob Schooley for Disney Television Animation, based on film which in turn is based on characters created by Steven T. Seagle and Duncan Rouleau (credited to Man of Action) and published by Marvel Comics.
Knowledge: Taking place after the events of the film, the show follows the continuing adventures of Hiro Hamada and his robot companion Baymax who, together with their friends, fight crime in the city of San Fransokyo.
Long Answer: Big Hero 6: The Series is an American animated television series developed for Disney Television Animation. Taking place after the events of the film, the show follows the continuing adventures of Hiro Hamada and his robot companion Baymax who, together with their friends, fight crime in the city of San Fransokyo. The second episode of the show came out on June 9, 2018 and the second season came out on May 6, 2019.",0.0639801099896431,0.0039380741786297,0.5
E12445,445,12,simple,"['1976', '11 November 1976', '2002', '12 December 2002', '3 January 1977']",When were fundamental duties added to the indian constitution?,"
Fundamental duties were added to the Indian Constitution on 3 January 1977.","
Knowledge: The Fundamental Rights, Directive Principles of State Policy and Fundamental Duties' are sections of the Constitution of India that prescribe the fundamental obligations of the states to its citizens and the duties and the rights of the citizens to the State.[note 1] These sections are considered vital elements of the constitution, which was developed between 1947 and 1949 by the Constituent Assembly of India.
Long Answer: The Fundamental Rights, Directive Principles of State Policy and Fundamental Duties' are sections of the Constitution of India that prescribe the fundamental obligations of the states to its citizens and the duties and the rights of the citizens to the State. These sections are considered vital elements of the constitution, which was developed between 1947 and 1949 by the Constituent Assembly of India. The ten original fundamental duties were added to the constitution by the 42nd Amendment in 1976 and came into effect on 3 January 1977. The fundamental duties were increased to eleven by the 86th Amendment on 12 December 2002, which added a duty on every parent or guardian to ensure that their child or ward was provided opportunities for education between the ages of six and fourteen years. 
Context: The of citizens were added to the constitution by the 42nd Amendment in 1976, upon the recommendations of the Swaran Singh Committee that was constituted by the government earlier that year. Originally ten in number, the fundamental duties were increased to eleven by the 86th Amendment in 2002, which added a duty on every parent or guardian to ensure that their child or ward was provided opportunities for education between the ages of six and fourteen years. The other fundamental duties obligate all citizens to respect the national symbols of India, including the constitution, to cherish its heritage, preserve its composite culture and assist in its defence. They also obligate all Indians to promote the spirit of common brotherhood, protect the environment and public property, develop scientific temper, abjure violence, and strive towards excellence in all spheres of life. In case of violation of fundamental duties enshrined in the constitution by a citizen including President, Vice President, Speaker, parliament members, state legislative members, etc., it amounts to contempt of the constitution which is punishable under Prevention of Insults to National Honour Act, 1971. Supreme court has ruled that these fundamental duties can also help the court to decide the constitutionality of a law passed by the legislature. There is reference to such duties in international instruments such as the Universal Declaration of Human Rights and International Covenant on Civil and Political Rights, and Article 51A brings the Indian constitution into conformity with these treaties.",0.3804188668727875,0.0360208028820736,0.2
E13445,445,135,complex,"['1976', '11 November 1976', '2002', '12 December 2002', '3 January 1977']",When were fundamental duties added to the indian constitution?,"
The fundamental rights, directive principles of state policy, and fundamental duties in the Constitution of India have undergone modifications over time, with the latter being specifically enacted through legislative amendments. The ten original fundamental duties were formally incorporated into the constitution by the 42nd Amendment to the Indian Constitution, which was enacted in the year 1976. This amendment, brought forth by the government of India, mandated that all citizens were compelled to adhere to the aforementioned fundamental duties, thereby introducing a new paradigm in the governance of the nation. The subsequent amendment in 2002, as per the 86th Amendment, expanded the scope of fundamental duties by adding a new provision, stipulating that every parent or guardian had a moral obligation to provide their child with opportunities for education between the ages of six and fourteen.","
Knowledge: The Fundamental Rights, Directive Principles of State Policy and Fundamental Duties' are sections of the Constitution of India that prescribe the fundamental obligations of the states to its citizens and the duties and the rights of the citizens to the State.[note 1] These sections are considered vital elements of the constitution, which was developed between 1947 and 1949 by the Constituent Assembly of India.
Long Answer: The Fundamental Rights, Directive Principles of State Policy and Fundamental Duties' are sections of the Constitution of India that prescribe the fundamental obligations of the states to its citizens and the duties and the rights of the citizens to the State. These sections are considered vital elements of the constitution, which was developed between 1947 and 1949 by the Constituent Assembly of India. The ten original fundamental duties were added to the constitution by the 42nd Amendment in 1976 and came into effect on 3 January 1977. The fundamental duties were increased to eleven by the 86th Amendment on 12 December 2002, which added a duty on every parent or guardian to ensure that their child or ward was provided opportunities for education between the ages of six and fourteen years. 
Context: The of citizens were added to the constitution by the 42nd Amendment in 1976, upon the recommendations of the Swaran Singh Committee that was constituted by the government earlier that year. Originally ten in number, the fundamental duties were increased to eleven by the 86th Amendment in 2002, which added a duty on every parent or guardian to ensure that their child or ward was provided opportunities for education between the ages of six and fourteen years. The other fundamental duties obligate all citizens to respect the national symbols of India, including the constitution, to cherish its heritage, preserve its composite culture and assist in its defence. They also obligate all Indians to promote the spirit of common brotherhood, protect the environment and public property, develop scientific temper, abjure violence, and strive towards excellence in all spheres of life. In case of violation of fundamental duties enshrined in the constitution by a citizen including President, Vice President, Speaker, parliament members, state legislative members, etc., it amounts to contempt of the constitution which is punishable under Prevention of Insults to National Honour Act, 1971. Supreme court has ruled that these fundamental duties can also help the court to decide the constitutionality of a law passed by the legislature. There is reference to such duties in international instruments such as the Universal Declaration of Human Rights and International Covenant on Civil and Political Rights, and Article 51A brings the Indian constitution into conformity with these treaties.",0.2697223126888275,0.0,0.4
E12446,446,11,simple,"['Donna Summer', 'Young Divas']",Who sang this time i know its for real?,"
Donna Summer originally sang ""This Time I Know It's for Real"".","
Knowledge: ""This Time I Know It's for Real"" is a song originally recorded by Donna Summer and released on February 13, 1989 as the first single from her album Another Place and Time by Atlantic Records and Warner Bros. Records.
Knowledge: It became Summer's biggest hit in the UK since the 1970s (during which time she had been the most popular female disco artist), reaching number three[1] and spending a total of 14 weeks in the Top 75,[1] longer than any of her other singles there.
Long Answer: This Time I Know It's for Real is a song originally recorded by Donna Summer and released on February 13, 1989 as the first single from her album Another Place and Time by Atlantic Records and Warner Bros. Records. It became Summer's biggest hit in the UK since the 1970s, reaching number three and spending a total of 14 weeks in the Top 75, longer than any of her other singles there. Australian girl group Young Divas covered This Time I Know It's for Real to coincide with nationwide tour dates from July to August 2006. The song was released as a CD single on May 6, 2006 to attract attention for the tour.
Context: Australian girl group Young Divas' covered ""This Time I Know It's for Real"" to coincide with nationwide tour dates from July to August 2006. The song was produced by George Papapetros and Max Kourilov and released as a CD single on May 6, 2006 to attract attention for the tour. ""This Time I Know It's for Real"" peaked at number two on the ARIA Singles Chart and spent 14 weeks in the top ten. It was certified platinum by the Australian Recording Industry Association (ARIA), for shipments of 70,000 copies. The song was later included on their self-titled debut album ""Young Divas"". Due to an overwhelming response of the Young Divas' version of ""This Time I Know It's for Real"", a music video was filmed to accompany the song's release.",0.260549932718277,0.0398635712826801,0.5
E13446,446,30,complex,"['Donna Summer', 'Young Divas']",Who sang this time i know its for real?,"
""This Time I Know It's for Real"" is an iconic recording by the distinguished American vocalist Donna Summer, who was a preeminent figure in the disco era of the 1970s.","
Knowledge: ""This Time I Know It's for Real"" is a song originally recorded by Donna Summer and released on February 13, 1989 as the first single from her album Another Place and Time by Atlantic Records and Warner Bros. Records.
Knowledge: It became Summer's biggest hit in the UK since the 1970s (during which time she had been the most popular female disco artist), reaching number three[1] and spending a total of 14 weeks in the Top 75,[1] longer than any of her other singles there.
Long Answer: This Time I Know It's for Real is a song originally recorded by Donna Summer and released on February 13, 1989 as the first single from her album Another Place and Time by Atlantic Records and Warner Bros. Records. It became Summer's biggest hit in the UK since the 1970s, reaching number three and spending a total of 14 weeks in the Top 75, longer than any of her other singles there. Australian girl group Young Divas covered This Time I Know It's for Real to coincide with nationwide tour dates from July to August 2006. The song was released as a CD single on May 6, 2006 to attract attention for the tour.
Context: Australian girl group Young Divas' covered ""This Time I Know It's for Real"" to coincide with nationwide tour dates from July to August 2006. The song was produced by George Papapetros and Max Kourilov and released as a CD single on May 6, 2006 to attract attention for the tour. ""This Time I Know It's for Real"" peaked at number two on the ARIA Singles Chart and spent 14 weeks in the top ten. It was certified platinum by the Australian Recording Industry Association (ARIA), for shipments of 70,000 copies. The song was later included on their self-titled debut album ""Young Divas"". Due to an overwhelming response of the Young Divas' version of ""This Time I Know It's for Real"", a music video was filmed to accompany the song's release.",0.1996994614601135,0.0062443859512347,0.5
E12447,447,39,simple,"['Moudros harbor', 'Greek island of Lemnos.', 'HMS Agamemnon', 'Veneto', 'Northern Italy', 'outside Padua', 'Villa Giusti', 'Le Francport near Compiègne', 'France']",Where was the world war 1 armistice signed?,"
The World War 1 armistice was signed in two places:

1. It was signed between Italy and Austria-Hungary in Villa Giusti, near Padua, Italy.
2. It was signed between the Allies (Germany and others) and Germany in Compiègne, France.","
Knowledge: Concluded on 30 October 1918 and taking effect at noon the next day, the Armistice of Mudros (Turkish: Mondros Mütarekesi) ended hostilities in the Middle Eastern theatre between the Ottoman Empire and the Allies of World War I. It was signed by the Ottoman Minister of Marine Affairs Rauf Bey and British Admiral Somerset Arthur Gough-Calthorpe, on board HMS Agamemnon in Moudros harbor on the Greek island of Lemnos.[1]
Knowledge: The Armistice of Villa Giusti or Padua ended warfare between Italy and Austria-Hungary on the Italian Front during World War I. The armistice was signed on 3 November 1918 in the Villa Giusti, outside Padua in the Veneto, Northern Italy, and took effect 24 hours later.
Long Answer: Armistice Day is commemorated every year on 11 November to mark the armistice signed between the Allies of World War I and Germany at Le Francport near  Compiègne, France. It took effect at eleven o'clock in the morning—the ""eleventh hour of the eleventh day of the eleventh month"" of 1918. The Armistice of Mudros ended hostilities in the Middle Eastern theatre between the Ottoman Empire and the Allies of World War I. It was signed on board HMS Agamemnon in Moudros harbor on the Greek island of Lemnos. The Armistice of Villa Giusti or Padua ended warfare between Italy and Austria-Hungary on the Italian Front during World War I. The armistice was signed in the Villa Giusti, outside Padua in the Veneto, Northern Italy.
Context: Armistice Day is commemorated every year on 11 November to mark the armistice signed between the Allies of World War I and Germany at Compiègne, France at 5:45 am, for the cessation of hostilities on the Western Front of World War I, which took effect at eleven o'clock in the morning—the ""eleventh hour of the eleventh day of the eleventh month"" of 1918. But, according to Thomas R. Gowenlock, an intelligence officer with the U.S. First Division, shelling from both sides continued for the rest of the day, only ending at nightfall. The armistice initially expired after a period of 36 days and had to be extended several times. A formal peace agreement was only reached when the Treaty of Versailles was signed the following year.",0.3367669284343719,0.006243702571093,0.2222222222222222
E13447,447,143,complex,"['Moudros harbor', 'Greek island of Lemnos.', 'HMS Agamemnon', 'Veneto', 'Northern Italy', 'outside Padua', 'Villa Giusti', 'Le Francport near Compiègne', 'France']",Where was the world war 1 armistice signed?,"
The armistice marking the cessation of hostilities in the first world war was signed in two distinct locations, albeit on different fronts. The Armistice of Mudros, as it came to be known, was concluded on the Greek island of Lemnos, specifically in the Moudros harbor, where it was signed by the Ottoman Minister of Marine Affairs, Rauf Bey, and the British Admiral Somerset Arthur Gough-Calthorpe, on October 30, 1918. In stark contrast, the Armistice of Villa Giusti or Padua, which brought an end to hostilities between Italy and Austria-Hungary on the Italian Front, was formally agreed upon in the Villa Giusti, situated outside the city of Padua in the Veneto region of Northern Italy. This armistice was signed on November 3, 1918, and subsequently took effect at the stroke of midnight, thereby rendering it null and void at 11:59 PM that same day.","
Knowledge: Concluded on 30 October 1918 and taking effect at noon the next day, the Armistice of Mudros (Turkish: Mondros Mütarekesi) ended hostilities in the Middle Eastern theatre between the Ottoman Empire and the Allies of World War I. It was signed by the Ottoman Minister of Marine Affairs Rauf Bey and British Admiral Somerset Arthur Gough-Calthorpe, on board HMS Agamemnon in Moudros harbor on the Greek island of Lemnos.[1]
Knowledge: The Armistice of Villa Giusti or Padua ended warfare between Italy and Austria-Hungary on the Italian Front during World War I. The armistice was signed on 3 November 1918 in the Villa Giusti, outside Padua in the Veneto, Northern Italy, and took effect 24 hours later.
Long Answer: Armistice Day is commemorated every year on 11 November to mark the armistice signed between the Allies of World War I and Germany at Le Francport near  Compiègne, France. It took effect at eleven o'clock in the morning—the ""eleventh hour of the eleventh day of the eleventh month"" of 1918. The Armistice of Mudros ended hostilities in the Middle Eastern theatre between the Ottoman Empire and the Allies of World War I. It was signed on board HMS Agamemnon in Moudros harbor on the Greek island of Lemnos. The Armistice of Villa Giusti or Padua ended warfare between Italy and Austria-Hungary on the Italian Front during World War I. The armistice was signed in the Villa Giusti, outside Padua in the Veneto, Northern Italy.
Context: Armistice Day is commemorated every year on 11 November to mark the armistice signed between the Allies of World War I and Germany at Compiègne, France at 5:45 am, for the cessation of hostilities on the Western Front of World War I, which took effect at eleven o'clock in the morning—the ""eleventh hour of the eleventh day of the eleventh month"" of 1918. But, according to Thomas R. Gowenlock, an intelligence officer with the U.S. First Division, shelling from both sides continued for the rest of the day, only ending at nightfall. The armistice initially expired after a period of 36 days and had to be extended several times. A formal peace agreement was only reached when the Treaty of Versailles was signed the following year.",0.3931980431079864,0.0095254522089216,0.4444444444444444
E12448,448,29,simple,"['Spencer Bell', 'Bert Lahr']",Who played the lion in the wizard of oz?,"
In the 1939 movie ""The Wizard of Oz"", a man named Bert Lahr played the Cowardly Lion. He was a funny actor who was good at making people laugh.","
Knowledge: The Wizard of Oz is a 1939 American musical fantasy film produced by Metro-Goldwyn-Mayer. Often seen as one of the greatest films of all time,[5] it is the most commercially successful adaptation of L. Frank Baum's 1900 children's fantasy novel The Wonderful Wizard of Oz.[6]
Knowledge: The Wizard of Oz is a 1925 American silent fantasy-adventure comedy film directed by Larry Semon, who also performs in the lead role as a Kansas farmhand and later in the story disguised as the Scarecrow. This production, which is the only completed 1920s adaptation of L. Frank Baum's 1900 novel The Wonderful Wizard of Oz, costars Dorothy Dwan as Dorothy, Oliver Hardy as the Tin Woodman in a portion of the film, and Spencer Bell briefly disguised as a less ""cowardly"" Lion than in the 1939 Metro-Goldwyn-Mayer version of Baum's work.
Knowledge: Bell was one of the first African American comedic actors of the silent film era, and was the first to be signed to film contract.[1]
Long Answer: The Wizard of Oz film released in 1925 is a silent fantasy-adventure comedy film and is the only completed 1920s adaptation of L. Frank Baum's 1900 novel The Wonderful Wizard of Oz. In this film, the Cowardly Lion was played in disguise by Spencer Bell, who was one of the first African American comedic actors of the silent film era and was the first to be signed to film contract. The Wizard of Oz film released in 1939 is a musical fantasy film produced by Metro-Goldwyn-Mayer. Often seen as one of the greatest films of all time, it is the most commercially successful adaptation of L. Frank Baum's 1900 children's fantasy novel The Wonderful Wizard of Oz. In this film, Bert Lahr, a popular vaudeville and Broadway star, played the role of the Cowardly Lion.
Context: In the 1925 silent film ""The Wizard of Oz"", directed and starring Larry Semon, the Cowardly Lion was played in disguise by Spencer Bell.
Context: In the classic 1939 movie ""The Wizard of Oz"", the Cowardly Lion was a humanoid biped and played by Bert Lahr, a popular vaudeville and Broadway star, with many of Lahr's trademark mannerisms deliberately worked into the film. In this version, the liquid courage given to him by the Wizard is replaced with a medal marked ""Courage"". Bert Lahr's biography, written by his son John Lahr, is entitled ""Notes on a Cowardly Lion"".",0.2735852301120758,0.0136862419575886,0.5
E13448,448,84,complex,"['Spencer Bell', 'Bert Lahr']",Who played the lion in the wizard of oz?,"
In the context of the 1925 silent film adaptation of L. Frank Baum's ""The Wonderful Wizard of Oz,"" the Cowardly Lion was portrayed by Spencer Bell, a pioneering figure in the silent film era, marking him as the first African American comedic actor to secure a film contract.

In contrast, the 1939 musical fantasy film, ""The Wizard of Oz,"" featured the iconic portrayal of the Cowardly Lion by Bert Lahr, a vaudeville and Broadway luminary whose distinctive mannerisms were deliberately incorporated into the film.","
Knowledge: The Wizard of Oz is a 1939 American musical fantasy film produced by Metro-Goldwyn-Mayer. Often seen as one of the greatest films of all time,[5] it is the most commercially successful adaptation of L. Frank Baum's 1900 children's fantasy novel The Wonderful Wizard of Oz.[6]
Knowledge: The Wizard of Oz is a 1925 American silent fantasy-adventure comedy film directed by Larry Semon, who also performs in the lead role as a Kansas farmhand and later in the story disguised as the Scarecrow. This production, which is the only completed 1920s adaptation of L. Frank Baum's 1900 novel The Wonderful Wizard of Oz, costars Dorothy Dwan as Dorothy, Oliver Hardy as the Tin Woodman in a portion of the film, and Spencer Bell briefly disguised as a less ""cowardly"" Lion than in the 1939 Metro-Goldwyn-Mayer version of Baum's work.
Knowledge: Bell was one of the first African American comedic actors of the silent film era, and was the first to be signed to film contract.[1]
Long Answer: The Wizard of Oz film released in 1925 is a silent fantasy-adventure comedy film and is the only completed 1920s adaptation of L. Frank Baum's 1900 novel The Wonderful Wizard of Oz. In this film, the Cowardly Lion was played in disguise by Spencer Bell, who was one of the first African American comedic actors of the silent film era and was the first to be signed to film contract. The Wizard of Oz film released in 1939 is a musical fantasy film produced by Metro-Goldwyn-Mayer. Often seen as one of the greatest films of all time, it is the most commercially successful adaptation of L. Frank Baum's 1900 children's fantasy novel The Wonderful Wizard of Oz. In this film, Bert Lahr, a popular vaudeville and Broadway star, played the role of the Cowardly Lion.
Context: In the 1925 silent film ""The Wizard of Oz"", directed and starring Larry Semon, the Cowardly Lion was played in disguise by Spencer Bell.
Context: In the classic 1939 movie ""The Wizard of Oz"", the Cowardly Lion was a humanoid biped and played by Bert Lahr, a popular vaudeville and Broadway star, with many of Lahr's trademark mannerisms deliberately worked into the film. In this version, the liquid courage given to him by the Wizard is replaced with a medal marked ""Courage"". Bert Lahr's biography, written by his son John Lahr, is entitled ""Notes on a Cowardly Lion"".",0.3386407494544983,0.0025635597045867,1.0
E12449,449,9,simple,"['1962', '1957', '2011', '1988', '1966']",What year did the first thor come out?,"
The first Thor comic book was released in 1962.","
Knowledge: Thor starred in the segment ""The Mighty Thor"" of the animated The Marvel Super Heroes, originally syndicated in 1966.[1]
Knowledge: The character was first portrayed in live action by Eric Allan Kramer in the 1988 television movie The Incredible Hulk Returns.
Long Answer: Thor debuted as a Marvel Comics superhero in the science fiction/fantasy anthology title ""Journey into Mystery"" #83 in August 1962. A version of Thor was created for D.C. Comics before this, which was included in ""Tales of the Unexpected"" #16, released in 1957. Thor starred in the segment ""The Mighty Thor"" of the animated The Marvel Super Heroes, originally syndicated in 1966. Thor was first portrayed in live action by Eric Allan Kramer in the 1988 television movie The Incredible Hulk Returns. The first Thor film by Marvel Studios came out in 2011.
Context: Thor debuted as a Marvel Comics superhero in the science fiction/fantasy anthology title ""Journey into Mystery"" #83 (cover-date August 1962), created by editor-plotter Stan Lee, scripter Larry Lieber, and penciller-plotter Jack Kirby. Kirby said, ""I created Thor at Marvel because I was forever enamored of legends, which is why I knew about Balder, Heimdall, and Odin. I tried to update Thor and put him into a superhero costume, but he was still Thor."" Lee and Kirby included Thor in ""The Avengers"" #1 (Sept. 1963) as a founding member of the superhero team. A live-action television adaptation of the comic book character first appeared in the 1988 television film ""The Incredible Hulk Returns"". Live-action film adaptations of the character were thereafter proposed, but did not come to fruition. In the mid-2000s, Kevin Feige realized that Marvel still owned the rights to the core members of the Avengers, which included Thor. Feige, a self-professed ""fanboy"", envisioned creating a shared universe just as creators Stan Lee and Jack Kirby had done with their comic books in the early 1960s.
Context: In a 1984 interview Kirby said ""I did a version of Thor for D.C. in the fifties before I did him for Marvel. I created Thor at Marvel because I was forever enamored of legends, which is why I knew about Balder, Heimdall, and Odin. I tried to update Thor and put him into a superhero costume, but he was still Thor."" The story was included in ""Tales of the Unexpected"" #16, from 1957; and although the character had a different design, some details would be reused by Kirby when he created the Marvel Comics version. And in a 1992 interview, Kirby said ""[I] knew the Thor legends very well, but I wanted to modernize them. I felt that might be a new thing for comics, taking the old legends and modernizing them.""
Context: Thor is a 2011 American superhero film based on the Marvel Comics character of the same name. Produced by Marvel Studios and distributed by Paramount Pictures, it is the fourth film in the Marvel Cinematic Universe (MCU). The film was directed by Kenneth Branagh, written by the writing team of Ashley Edward Miller and Zack Stentz along with Don Payne, and stars Chris Hemsworth as the title character, alongside Natalie Portman, Tom Hiddleston, Stellan Skarsgård, Colm Feore, Ray Stevenson, Idris Elba, Kat Dennings, Rene Russo, and Anthony Hopkins. The film sees Thor banished to Earth from Asgard, stripped of his powers and his hammer Mjölnir, after reigniting a dormant war. As his brother Loki plots to take the Asgardian throne, Thor must prove himself worthy.
Context: The character was first portrayed in live action by Eric Allan Kramer in the 1988 television movie ""The Incredible Hulk Returns"". Chris Hemsworth portrays Thor Odinson in the Marvel Cinematic Universe films ""Thor"" (2011), ""The Avengers"" (2012), """" (2013), """" (2015), ""Doctor Strange"" (2016) in a cameo, """" (2017), """" (2018), """" (2019) and will return in """" (2021). Additionally, archival footage of Hemsworth as Thor was used in the 2013 episodes ""Pilot"" and ""The Well"" of ""Marvel's Agents of S.H.I.E.L.D."" ",0.3358496725559234,0.0,0.2
E13449,449,55,complex,"['1962', '1957', '2011', '1988', '1966']",What year did the first thor come out?,"
The inaugural appearance of Thor, the Norse god of thunder, was recorded in the comic book series ""Journey into Mystery"" #83, which was published in August 1962. This seminal installment marked the debut of Thor as a Marvel Comics superhero, created by the ingenious minds of Stan Lee, Larry Lieber, and the inimitable Jack Kirby.","
Knowledge: Thor starred in the segment ""The Mighty Thor"" of the animated The Marvel Super Heroes, originally syndicated in 1966.[1]
Knowledge: The character was first portrayed in live action by Eric Allan Kramer in the 1988 television movie The Incredible Hulk Returns.
Long Answer: Thor debuted as a Marvel Comics superhero in the science fiction/fantasy anthology title ""Journey into Mystery"" #83 in August 1962. A version of Thor was created for D.C. Comics before this, which was included in ""Tales of the Unexpected"" #16, released in 1957. Thor starred in the segment ""The Mighty Thor"" of the animated The Marvel Super Heroes, originally syndicated in 1966. Thor was first portrayed in live action by Eric Allan Kramer in the 1988 television movie The Incredible Hulk Returns. The first Thor film by Marvel Studios came out in 2011.
Context: Thor debuted as a Marvel Comics superhero in the science fiction/fantasy anthology title ""Journey into Mystery"" #83 (cover-date August 1962), created by editor-plotter Stan Lee, scripter Larry Lieber, and penciller-plotter Jack Kirby. Kirby said, ""I created Thor at Marvel because I was forever enamored of legends, which is why I knew about Balder, Heimdall, and Odin. I tried to update Thor and put him into a superhero costume, but he was still Thor."" Lee and Kirby included Thor in ""The Avengers"" #1 (Sept. 1963) as a founding member of the superhero team. A live-action television adaptation of the comic book character first appeared in the 1988 television film ""The Incredible Hulk Returns"". Live-action film adaptations of the character were thereafter proposed, but did not come to fruition. In the mid-2000s, Kevin Feige realized that Marvel still owned the rights to the core members of the Avengers, which included Thor. Feige, a self-professed ""fanboy"", envisioned creating a shared universe just as creators Stan Lee and Jack Kirby had done with their comic books in the early 1960s.
Context: In a 1984 interview Kirby said ""I did a version of Thor for D.C. in the fifties before I did him for Marvel. I created Thor at Marvel because I was forever enamored of legends, which is why I knew about Balder, Heimdall, and Odin. I tried to update Thor and put him into a superhero costume, but he was still Thor."" The story was included in ""Tales of the Unexpected"" #16, from 1957; and although the character had a different design, some details would be reused by Kirby when he created the Marvel Comics version. And in a 1992 interview, Kirby said ""[I] knew the Thor legends very well, but I wanted to modernize them. I felt that might be a new thing for comics, taking the old legends and modernizing them.""
Context: Thor is a 2011 American superhero film based on the Marvel Comics character of the same name. Produced by Marvel Studios and distributed by Paramount Pictures, it is the fourth film in the Marvel Cinematic Universe (MCU). The film was directed by Kenneth Branagh, written by the writing team of Ashley Edward Miller and Zack Stentz along with Don Payne, and stars Chris Hemsworth as the title character, alongside Natalie Portman, Tom Hiddleston, Stellan Skarsgård, Colm Feore, Ray Stevenson, Idris Elba, Kat Dennings, Rene Russo, and Anthony Hopkins. The film sees Thor banished to Earth from Asgard, stripped of his powers and his hammer Mjölnir, after reigniting a dormant war. As his brother Loki plots to take the Asgardian throne, Thor must prove himself worthy.
Context: The character was first portrayed in live action by Eric Allan Kramer in the 1988 television movie ""The Incredible Hulk Returns"". Chris Hemsworth portrays Thor Odinson in the Marvel Cinematic Universe films ""Thor"" (2011), ""The Avengers"" (2012), """" (2013), """" (2015), ""Doctor Strange"" (2016) in a cameo, """" (2017), """" (2018), """" (2019) and will return in """" (2021). Additionally, archival footage of Hemsworth as Thor was used in the 2013 episodes ""Pilot"" and ""The Well"" of ""Marvel's Agents of S.H.I.E.L.D."" ",0.2791320383548736,0.0,0.2
E12450,450,66,simple,"['Michael Patrick Smith', 'Michael Crawford', 'Crawford', 'Warlow', 'Anthony Warlow', 'Brent Barrett and Anthony Crivello', 'Barrett', 'Crivello', 'Anthony Crivello', 'Brent Barrett']",Who played the phantom of the opera in 1986?,"
The Phantom of the Opera had different actors play the Phantom in different places in 1986.

In the West End, the actor who played the Phantom was Anthony Warlow.

In Las Vegas, the actor who played the Phantom was Brent Barrett.

But in New York, the actor who played the Phantom was not in 1986. The show started in 1988 with Michael Crawford playing the Phantom.","
Knowledge: Phantom began Broadway previews at the Majestic Theatre on 9 January 1988 and opened on 26 January.
Knowledge: Crawford, Brightman, and Barton reprised their respective roles from the West End.
Long Answer: The Phantom of the Opera opened in London's West End in 1986 and on Broadway in 1988. Michael Patrick Smith, known professionally as Michael Crawford, starred as the phantom in the West End version and the Broadway version. Anthony Warlow played the phantom in the 1986 Australian version. Brent Barrett and Anthony Crivello played the phantom in the 1986 Las Vegas version.
Context: The musical opened in London's West End at Her Majesty's Theatre in 1986, and on Broadway in 1988. It won the 1986 Olivier Award and the 1988 Tony Award for Best Musical, and Michael Crawford (in the title role) won the Olivier and Tony Awards for Best Actor in a Musical. It is the longest running show in Broadway history by a wide margin, and celebrated its 10,000th Broadway performance on 11 February 2012, the first production ever to do so. It is the second longest-running West End musical, after ""Les Misérables"", and the third longest-running West End show overall, after ""The Mousetrap"".",0.2388191372156143,0.0069345860870297,0.6
E13450,450,46,complex,"['Michael Patrick Smith', 'Michael Crawford', 'Crawford', 'Warlow', 'Anthony Warlow', 'Brent Barrett and Anthony Crivello', 'Barrett', 'Crivello', 'Anthony Crivello', 'Brent Barrett']",Who played the phantom of the opera in 1986?,"
In the inaugural production of Andrew Lloyd Webber's magnum opus, ""The Phantom of the Opera,"" the iconic role of the eponymous Phantom was initially portrayed by the renowned British actor, Anthony Warlow, in 1986, during its London debut at Her Majesty's Theatre in the West End.","
Knowledge: Phantom began Broadway previews at the Majestic Theatre on 9 January 1988 and opened on 26 January.
Knowledge: Crawford, Brightman, and Barton reprised their respective roles from the West End.
Long Answer: The Phantom of the Opera opened in London's West End in 1986 and on Broadway in 1988. Michael Patrick Smith, known professionally as Michael Crawford, starred as the phantom in the West End version and the Broadway version. Anthony Warlow played the phantom in the 1986 Australian version. Brent Barrett and Anthony Crivello played the phantom in the 1986 Las Vegas version.
Context: The musical opened in London's West End at Her Majesty's Theatre in 1986, and on Broadway in 1988. It won the 1986 Olivier Award and the 1988 Tony Award for Best Musical, and Michael Crawford (in the title role) won the Olivier and Tony Awards for Best Actor in a Musical. It is the longest running show in Broadway history by a wide margin, and celebrated its 10,000th Broadway performance on 11 February 2012, the first production ever to do so. It is the second longest-running West End musical, after ""Les Misérables"", and the third longest-running West End show overall, after ""The Mousetrap"".",0.2446124851703643,0.003997395604823,0.2
E12451,451,86,simple,"['David Gilmour, Polly Samson', 'Peter Hook, David Potts', 'Tony Cornelissen, Manuel Reuter & Yann Peifer', 'Austin Bello, Caleb Turman, Shep Goodman', 'Alecia Moore, Max Martin, Johan Schuster']",Who wrote the song what do you want from me?,"
There are many songs with the title ""What Do You Want from Me"". Here are a few examples of the writers of these songs:

* Pink Floyd's song is by David Gilmour, Polly Samson, and Richard Wright.
* Monaco's song is by Peter Hook, David Potts.
* Cascada's song is by Tony Cornelissen, Manuel Reuter, and Yann Peifer.
* Forever the Sickest Kids' song is by Austin Bello, Caleb Turman, and Shep Goodman.
* Adam Lambert's song is by Alecia Moore, Max Martin, and Johan Schuster.","
Knowledge: ""What Do You Want from Me"" is a song by Pink Floyd featured on their 1994 album, The Division Bell.[1][2] Richard Wright and David Gilmour composed the music, with Gilmour and his then-girlfriend and subsequent wife Polly Samson supplying the lyrics.
Knowledge: ""What Do You Want from Me?"" is a song by New Order bassist Peter Hook's band Monaco. Released in 1997 from the band's debut album, Music for Pleasure (1997), it peaked at number 11 on the UK Singles Chart and became a moderately successful rock hit in Canada and the United States.
Knowledge: ""What Do You Want from Me?"" is a 2007 song recorded by Cascada.
Knowledge: ""What Do You Want from Me"" is a single by the American band Forever the Sickest Kids. It is the first single from their EP The Weekend: Friday. It was first released on October 30, 2009 in the United States.[1]
Knowledge: ""Whataya Want from Me"" is a song by American recording artist and American Idol eighth season runner-up Adam Lambert from his debut studio album, For Your Entertainment.
Long Answer: What Do You Want from Me is a song by Pink Floyd featured on their 1994 album, The Division Bell. It was written by David Gilmour, Polly Samson, and Richard Wright. What Do You Want from Me? is also a song written by Peter Hook, David Potts, and was made for Hook's band Monaco. It was released in 1997 from the band's debut album, Music for Pleasure. What Do You Want from Me? is also a 2007 song recorded by Cascada. This song was written by Tony Cornelissen, Manuel Reuter & Yann Peifer. What Do You Want from Me is also a single by Forever the Sickest Kids released in 2009. This song was written by Austin Bello, Caleb Turman, Shep Goodman. Whataya Want from Me is a song by American Idol eighth season runner-up Adam Lambert. It was written by Alecia Moore, Max Martin, Johan Schuster.",0.349666029214859,0.0889604624398665,0.4
E13451,451,144,complex,"['David Gilmour, Polly Samson', 'Peter Hook, David Potts', 'Tony Cornelissen, Manuel Reuter & Yann Peifer', 'Austin Bello, Caleb Turman, Shep Goodman', 'Alecia Moore, Max Martin, Johan Schuster']",Who wrote the song what do you want from me?,"
The song ""What Do You Want from Me"" is a multifaceted creation with diverse credits, as it is represented by several distinct artists across various genres. However, a comprehensive examination of the song's composition reveals that the Pink Floyd iteration, featured on their 1994 album The Division Bell, was penned by David Gilmour and Richard Wright. In contrast, the Monaco rendition, released in 1997, was crafted by the bassist Peter Hook, in conjunction with David Potts. Furthermore, the 2007 recording by Cascada, penned by Tony Cornelissen, Manuel Reuter, and Yann Peifer, and the Forever the Sickest Kids' version, written by Austin Bello, Caleb Turman, and Shep Goodman, demonstrate the versatility of the song's creative narrative. Notably, the song ""Whataya Want from Me"", by Adam Lambert, as featured on his 2009 album For Your Entertainment, was co-authored by Alecia Moore, Max Martin, and Johan Schuster.","
Knowledge: ""What Do You Want from Me"" is a song by Pink Floyd featured on their 1994 album, The Division Bell.[1][2] Richard Wright and David Gilmour composed the music, with Gilmour and his then-girlfriend and subsequent wife Polly Samson supplying the lyrics.
Knowledge: ""What Do You Want from Me?"" is a song by New Order bassist Peter Hook's band Monaco. Released in 1997 from the band's debut album, Music for Pleasure (1997), it peaked at number 11 on the UK Singles Chart and became a moderately successful rock hit in Canada and the United States.
Knowledge: ""What Do You Want from Me?"" is a 2007 song recorded by Cascada.
Knowledge: ""What Do You Want from Me"" is a single by the American band Forever the Sickest Kids. It is the first single from their EP The Weekend: Friday. It was first released on October 30, 2009 in the United States.[1]
Knowledge: ""Whataya Want from Me"" is a song by American recording artist and American Idol eighth season runner-up Adam Lambert from his debut studio album, For Your Entertainment.
Long Answer: What Do You Want from Me is a song by Pink Floyd featured on their 1994 album, The Division Bell. It was written by David Gilmour, Polly Samson, and Richard Wright. What Do You Want from Me? is also a song written by Peter Hook, David Potts, and was made for Hook's band Monaco. It was released in 1997 from the band's debut album, Music for Pleasure. What Do You Want from Me? is also a 2007 song recorded by Cascada. This song was written by Tony Cornelissen, Manuel Reuter & Yann Peifer. What Do You Want from Me is also a single by Forever the Sickest Kids released in 2009. This song was written by Austin Bello, Caleb Turman, Shep Goodman. Whataya Want from Me is a song by American Idol eighth season runner-up Adam Lambert. It was written by Alecia Moore, Max Martin, Johan Schuster.",0.288207471370697,0.0438905841545409,0.0
E12452,452,14,simple,"['6 February 1952', '20 June 1837']",When did the queen became the queen of the uk?,"
Queen Elizabeth II became the Queen of the United Kingdom on February 6, 1952.","
Knowledge: The current monarch of the United Kingdom is Queen Elizabeth II, who ascended the throne in 1952.
Knowledge: She has reigned as a constitutional monarch through major political changes, such as devolution in the United Kingdom, accession of the United Kingdom to the European Communities, Brexit, Canadian patriation, and the decolonisation of Africa.
Knowledge: Elizabeth is the longest-lived and longest-reigning British monarch, the longest-serving female head of state in world history, the world's oldest living monarch, longest-reigning current monarch, and oldest and longest-serving current head of state.
Knowledge: Victoria (Alexandrina Victoria; 24 May 1819 – 22 January 1901) was Queen of the United Kingdom of Great Britain and Ireland from 20 June 1837 until her death in 1901. Known as the Victorian era, her reign of 63 years and seven months was longer than any previous British monarch. It was a period of industrial, political, scientific, and military change within the United Kingdom, and was marked by a great expansion of the British Empire. 
Long Answer: The current monarch of the United Kingdom is Queen Elizabeth II, who ascended the throne on 6 February 1952. She has reigned as a constitutional monarch through major political changes, such as devolution in the United Kingdom, accession of the United Kingdom to the European Communities, Brexit, Canadian patriation, and the decolonization of Africa. Elizabeth is the longest-lived and longest-reigning British monarch as well as the oldest and longest-serving current head of state. Queen Victoria became the Queen of the United Kingdom on 20 June 1837 and remained Queen until her death in 1901. Known as the Victorian era, her reign of 63 years and seven months was longer than any previous British monarch. It was a period of industrial, political, scientific, and military change within the United Kingdom, and was marked by a great expansion of the British Empire.",0.4409332871437073,0.0142836325786592,0.0
E13452,452,40,complex,"['6 February 1952', '20 June 1837']",When did the queen became the queen of the uk?,"
The reigning monarch of the United Kingdom, Her Majesty Queen Elizabeth II, ascended to the throne on February 6, 1952, following the unfortunate demise of her esteemed predecessor, Queen Elizabeth The Queen Mother, who passed away on February 24, 2002.","
Knowledge: The current monarch of the United Kingdom is Queen Elizabeth II, who ascended the throne in 1952.
Knowledge: She has reigned as a constitutional monarch through major political changes, such as devolution in the United Kingdom, accession of the United Kingdom to the European Communities, Brexit, Canadian patriation, and the decolonisation of Africa.
Knowledge: Elizabeth is the longest-lived and longest-reigning British monarch, the longest-serving female head of state in world history, the world's oldest living monarch, longest-reigning current monarch, and oldest and longest-serving current head of state.
Knowledge: Victoria (Alexandrina Victoria; 24 May 1819 – 22 January 1901) was Queen of the United Kingdom of Great Britain and Ireland from 20 June 1837 until her death in 1901. Known as the Victorian era, her reign of 63 years and seven months was longer than any previous British monarch. It was a period of industrial, political, scientific, and military change within the United Kingdom, and was marked by a great expansion of the British Empire. 
Long Answer: The current monarch of the United Kingdom is Queen Elizabeth II, who ascended the throne on 6 February 1952. She has reigned as a constitutional monarch through major political changes, such as devolution in the United Kingdom, accession of the United Kingdom to the European Communities, Brexit, Canadian patriation, and the decolonization of Africa. Elizabeth is the longest-lived and longest-reigning British monarch as well as the oldest and longest-serving current head of state. Queen Victoria became the Queen of the United Kingdom on 20 June 1837 and remained Queen until her death in 1901. Known as the Victorian era, her reign of 63 years and seven months was longer than any previous British monarch. It was a period of industrial, political, scientific, and military change within the United Kingdom, and was marked by a great expansion of the British Empire.",0.1718682497739792,0.0046208569092302,0.0
E12453,453,17,simple,"['2017', '1918', '2016', '2015']",When was the last year we had a total eclipse of the sun?,"
We had a total solar eclipse on August 21, 2017. It was called the ""Great American Eclipse"".","
Knowledge: A total solar eclipse occurs when the Moon's apparent diameter is larger than the Sun's, blocking all direct sunlight, turning day into darkness. Totality occurs in a narrow path across Earth's surface, with a partial solar eclipse visible over a surrounding region thousands of kilometres wide.
Long Answer: A total solar eclipse occurs when the Moon's apparent diameter is larger than the Sun's, blocking all direct sunlight, turning day into darkness. Totality occurs in a narrow path across Earth's surface, with a partial solar eclipse visible over a surrounding region thousands of kilometers wide. The last year a total solar eclipse was visible in the US was in 2017, which spanned the entire contiguous United States. Prior to this event, no solar eclipse had been visible across the entire United States since 1918. The last time a total solar eclipse was visible from the Faroe Islands, Svalbard, the North Atlantic, the North Pole, and the UK was in 2015. The last time a total solar eclipse was visible from Indonesia, Micronesia, and the Marshall Islands was in 2016.
Context: The solar eclipse of August 21, 2017, dubbed the ""Great American Eclipse"" by the media, was a total solar eclipse visible within a band that spanned the entire contiguous United States, passing from the Pacific to the Atlantic coasts. As a partial solar eclipse, it was visible on land from Nunavut in northern Canada to as far south as northern South America. In northwestern Europe and Africa, it was partially visible in the late evening. In Asia, it was visible only at the eastern extremity, the Chukchi Peninsula.
Context: Prior to this event, no solar eclipse had been visible across the entire United States since June 8, 1918; not since the February 1979 eclipse had a total eclipse been visible from anywhere in the mainland United States. The path of totality touched 14 states, and the rest of the U.S. had a partial eclipse. The area of the path of totality was about 16 percent of the area of the United States, with most of this area over the ocean, not land. The event's shadow began to cover land on the Oregon coast as a partial eclipse at 4:05 p.m. UTC (9:05 a.m. PDT), with the total eclipse beginning there at 5:16 p.m. UTC (10:16 a.m. PDT); the total eclipse's land coverage ended along the South Carolina coast at about 6:44 p.m. UTC (2:44 p.m. EDT). Visibility as a partial eclipse in Honolulu, Hawaii began with sunrise at 4:20 p.m. UTC (6:20 a.m. HST) and ended by 5:25 p.m. UTC (7:25 a.m. HST).",0.3757582306861877,0.0,0.25
E13453,453,115,complex,"['2017', '1918', '2016', '2015']",When was the last year we had a total eclipse of the sun?,"
Based on the provided context, I can affirmatively state that the most recent instance of a total solar eclipse visible across the entire United States occurred in the year 2017. This phenomenon, colloquially referred to as the ""Great American Eclipse,"" was a rare and extraordinary event that traversed the contiguous United States, commencing on the Oregon coast and terminating on the South Carolina coast. The path of totality, a narrow band of approximately 16% of the total area of the United States, encompassed 14 distinct states and presented an unprecedented spectacle of celestial alignment, allowing observers to witness the rare and awe-inspiring sight of totality for approximately 2 minutes and 40 seconds in some locations.","
Knowledge: A total solar eclipse occurs when the Moon's apparent diameter is larger than the Sun's, blocking all direct sunlight, turning day into darkness. Totality occurs in a narrow path across Earth's surface, with a partial solar eclipse visible over a surrounding region thousands of kilometres wide.
Long Answer: A total solar eclipse occurs when the Moon's apparent diameter is larger than the Sun's, blocking all direct sunlight, turning day into darkness. Totality occurs in a narrow path across Earth's surface, with a partial solar eclipse visible over a surrounding region thousands of kilometers wide. The last year a total solar eclipse was visible in the US was in 2017, which spanned the entire contiguous United States. Prior to this event, no solar eclipse had been visible across the entire United States since 1918. The last time a total solar eclipse was visible from the Faroe Islands, Svalbard, the North Atlantic, the North Pole, and the UK was in 2015. The last time a total solar eclipse was visible from Indonesia, Micronesia, and the Marshall Islands was in 2016.
Context: The solar eclipse of August 21, 2017, dubbed the ""Great American Eclipse"" by the media, was a total solar eclipse visible within a band that spanned the entire contiguous United States, passing from the Pacific to the Atlantic coasts. As a partial solar eclipse, it was visible on land from Nunavut in northern Canada to as far south as northern South America. In northwestern Europe and Africa, it was partially visible in the late evening. In Asia, it was visible only at the eastern extremity, the Chukchi Peninsula.
Context: Prior to this event, no solar eclipse had been visible across the entire United States since June 8, 1918; not since the February 1979 eclipse had a total eclipse been visible from anywhere in the mainland United States. The path of totality touched 14 states, and the rest of the U.S. had a partial eclipse. The area of the path of totality was about 16 percent of the area of the United States, with most of this area over the ocean, not land. The event's shadow began to cover land on the Oregon coast as a partial eclipse at 4:05 p.m. UTC (9:05 a.m. PDT), with the total eclipse beginning there at 5:16 p.m. UTC (10:16 a.m. PDT); the total eclipse's land coverage ended along the South Carolina coast at about 6:44 p.m. UTC (2:44 p.m. EDT). Visibility as a partial eclipse in Honolulu, Hawaii began with sunrise at 4:20 p.m. UTC (6:20 a.m. HST) and ended by 5:25 p.m. UTC (7:25 a.m. HST).",0.1259364187717437,0.0,0.25
E12454,454,28,simple,"['102.7', '63.5', '84.2']",Total us debt as a percentage of gdp?,"
The US debt as a percentage of GDP is about 100%. This means that for every dollar the government spends, it owes 100 cents of it in debt.","
Knowledge: The national debt of the United States is the total national debt owed by the federal government of the United States to Treasury security holders.
Knowledge: Historically, the U.S. public debt as a share of gross domestic product (GDP) increases during wars and recessions and then subsequently declines.
Long Answer: The national debt of the United States is the total national debt owed by the federal government of the United States to Treasury security holders. Historically, the U.S. public debt as a share of gross domestic product (GDP) increases during wars and recessions and then subsequently declines. At the end of President Bush's first term, total debt as a percentage of GDP was 63.5%, which increased to 84.2% at the end of his second term. At the end of President Obama's first term, total debt as a percentage of GDP was 102.7%.",0.1421926021575927,0.0,0.0
E13454,454,56,complex,"['102.7', '63.5', '84.2']",Total us debt as a percentage of gdp?,"
The total debt of the United States as a proportion of its gross domestic product (GDP) is a pertinent indicator of the country's fiscal sustainability. Historically, this ratio has exhibited a propensity to fluctuate in tandem with major economic and geopolitical events, thereby rendering it a useful metric for assessing the nation's economic and financial health.","
Knowledge: The national debt of the United States is the total national debt owed by the federal government of the United States to Treasury security holders.
Knowledge: Historically, the U.S. public debt as a share of gross domestic product (GDP) increases during wars and recessions and then subsequently declines.
Long Answer: The national debt of the United States is the total national debt owed by the federal government of the United States to Treasury security holders. Historically, the U.S. public debt as a share of gross domestic product (GDP) increases during wars and recessions and then subsequently declines. At the end of President Bush's first term, total debt as a percentage of GDP was 63.5%, which increased to 84.2% at the end of his second term. At the end of President Obama's first term, total debt as a percentage of GDP was 102.7%.",0.1700538694858551,0.0,0.0
E12455,455,14,simple,"['December 31, 1974', 'January 30, 1976']",When did it become legal to own gold again?,"
It became legal to own gold again in the United States in December 1974.","
Knowledge: A year earlier, in 1933, Executive Order 6102 had made it a criminal offense for U.S. citizens to own or trade gold anywhere in the world, with exceptions for some jewelry and collector's coins. These prohibitions were relaxed starting in 1964 – gold certificates were again allowed for private investors on April 24, 1964, although the obligation to pay the certificate holder on demand in gold specie would not be honored.
Knowledge: In Australia, Part IV of the Banking Act 1959 allows the Commonwealth government to seize private citizens' gold in return for paper money where the Governor-General is satisfied that it is expedient so to do, for the protection of the currency or of the public credit of the Commonwealth.[30] On January 30, 1976, the operation of that part of the Act was suspended.[31]
Long Answer: In 1933, Executive Order 6102 had made it a criminal offense for U.S. citizens to own or trade gold anywhere in the world. These prohibitions were relaxed starting in 1964 and by December 31, 1974, Americans could legally own and trade gold again. In Australia, Part IV of the Banking Act 1959 allowed the Commonwealth government to seize private citizens' gold in return for paper money for the protection of the currency or of the public credit of the Commonwealth. On January 30, 1976, the operation of that part of the Act was suspended.",0.4569128453731537,0.0142836325786592,0.0
E13455,455,59,complex,"['December 31, 1974', 'January 30, 1976']",When did it become legal to own gold again?,"
The prohibition on U.S. citizens owning or trading gold was initially reinstated in 1933 with the issuance of Executive Order 6102. However, a subsequent relaxation of these restrictions began to materialize in 1964, ultimately culminating in the December 31, 1974, expiration of the moratorium. Consequently, by this date, American citizens were permitted to acquire and trade gold with impunity.","
Knowledge: A year earlier, in 1933, Executive Order 6102 had made it a criminal offense for U.S. citizens to own or trade gold anywhere in the world, with exceptions for some jewelry and collector's coins. These prohibitions were relaxed starting in 1964 – gold certificates were again allowed for private investors on April 24, 1964, although the obligation to pay the certificate holder on demand in gold specie would not be honored.
Knowledge: In Australia, Part IV of the Banking Act 1959 allows the Commonwealth government to seize private citizens' gold in return for paper money where the Governor-General is satisfied that it is expedient so to do, for the protection of the currency or of the public credit of the Commonwealth.[30] On January 30, 1976, the operation of that part of the Act was suspended.[31]
Long Answer: In 1933, Executive Order 6102 had made it a criminal offense for U.S. citizens to own or trade gold anywhere in the world. These prohibitions were relaxed starting in 1964 and by December 31, 1974, Americans could legally own and trade gold again. In Australia, Part IV of the Banking Act 1959 allowed the Commonwealth government to seize private citizens' gold in return for paper money for the protection of the currency or of the public credit of the Commonwealth. On January 30, 1976, the operation of that part of the Act was suspended.",0.3840458393096924,0.0065414161215054,0.5
E12456,456,28,simple,"['Greg Louganis', 'Ken Burns', 'Louis Zamperini', 'Janet Evans', 'Allyson Felix']",Who is the grand marshall of the rose parade?,"
I don't have that information. But I can tell you that the person selected as the Grand Marshal for the 2015 Tournament of Roses Parade was Louis Zamperini.","
Knowledge: The following is a list of Grand Marshals of the Rose Parade. This is an honorary position selected by the president of the Tournament. Many are picked for a relationship to the theme that is also picked by the president.
Knowledge: On November 3, 2016, the 2017 Grand Marshals were revealed to be three Olympic athletes: Greg Louganis, Janet Evans and Allyson Felix.[5] The Olympians were deliberately chosen to reflect on Los Angeles' bid for the 2024 Summer Olympics.[6]
Long Answer: The Grand Marshal of the Rose Parade is an honorary position selected by the president of the Tournament. Many are picked for a relationship to the theme that is also picked by the president. Louis Zamperini was selected as the Grand Marshal for the 2015 Tournament of Roses Parade, though he would die of pneumonia two months later, and six months before the parade was set to begin. Rather than select a new Grand Marshal, the Tournament announced that it was ""committed to honoring him as the Grand Marshal of the 2015 Rose Parade,"" making him the first posthumous grand marshal since Jackie Robinson in 1999. Ken Burns was selected as the Grand Marshal for the 2016 Rose Parade. The 2017 Grand Marshals were three Olympic athletes: diver Greg Louganis, sprinter Janet Evans, and swimmer Allyson Felix. The Olympians were deliberately chosen to reflect on Los Angeles' bid for the 2024 Summer Olympics.
Context: On May 9, 2014, Louis Zamperini was selected as the Grand Marshal for the 2015 Tournament of Roses Parade, though he would die of pneumonia two months later, and six months before the parade was set to begin. Rather than select a new Grand Marshal, the Tournament announced that it was ""committed to honoring him as the Grand Marshal of the 2015 Rose Parade,"" making him the first posthumous grand marshal since Jackie Robinson in 1999.",0.2259886711835861,0.0067164720523548,0.2
E13456,456,78,complex,"['Greg Louganis', 'Ken Burns', 'Louis Zamperini', 'Janet Evans', 'Allyson Felix']",Who is the grand marshall of the rose parade?,"
The Grand Marshal of the Rose Parade is a prestigious and esteemed position, serving as the honorary patron of the Tournament of Roses Parade. This esteemed title is typically bestowed upon an individual who shares a connection to the parade's theme, as designated by the president of the Tournament. The selection of a Grand Marshal is a highly regarded honor, one that requires a deep understanding of the parades' rich history and a profound affinity for its mission.","
Knowledge: The following is a list of Grand Marshals of the Rose Parade. This is an honorary position selected by the president of the Tournament. Many are picked for a relationship to the theme that is also picked by the president.
Knowledge: On November 3, 2016, the 2017 Grand Marshals were revealed to be three Olympic athletes: Greg Louganis, Janet Evans and Allyson Felix.[5] The Olympians were deliberately chosen to reflect on Los Angeles' bid for the 2024 Summer Olympics.[6]
Long Answer: The Grand Marshal of the Rose Parade is an honorary position selected by the president of the Tournament. Many are picked for a relationship to the theme that is also picked by the president. Louis Zamperini was selected as the Grand Marshal for the 2015 Tournament of Roses Parade, though he would die of pneumonia two months later, and six months before the parade was set to begin. Rather than select a new Grand Marshal, the Tournament announced that it was ""committed to honoring him as the Grand Marshal of the 2015 Rose Parade,"" making him the first posthumous grand marshal since Jackie Robinson in 1999. Ken Burns was selected as the Grand Marshal for the 2016 Rose Parade. The 2017 Grand Marshals were three Olympic athletes: diver Greg Louganis, sprinter Janet Evans, and swimmer Allyson Felix. The Olympians were deliberately chosen to reflect on Los Angeles' bid for the 2024 Summer Olympics.
Context: On May 9, 2014, Louis Zamperini was selected as the Grand Marshal for the 2015 Tournament of Roses Parade, though he would die of pneumonia two months later, and six months before the parade was set to begin. Rather than select a new Grand Marshal, the Tournament announced that it was ""committed to honoring him as the Grand Marshal of the 2015 Rose Parade,"" making him the first posthumous grand marshal since Jackie Robinson in 1999.",0.1774408519268036,0.0,0.0
E12457,457,11,simple,"['1998', 'late 1998', '30 October 2000']",When was i look at the world written?,"
I Look at the World was written by U2 in 1999.","
Knowledge: ""When I Look at the World"" is a song by Irish rock band U2, and the ninth track on their 2000 album All That You Can't Leave Behind.
Long Answer: When I Look at the World is a song by Irish rock band U2 and the ninth track on their album All That You Can't Leave Behind, first released on 30 October 2000. U2 started writing songs for All That You Can't Leave Behind in late 1998.",0.3772192001342773,0.0,0.0
E13457,457,53,complex,"['1998', 'late 1998', '30 October 2000']",When was i look at the world written?,"
The genesis of ""When I Look at the World"" can be attributed to the creative process undertaken by U2 in the late period of 1998. Specifically, the song is situated as the ninth track on the band's critically acclaimed album All That You Can't Leave Behind, which was released on October 30, 2000.","
Knowledge: ""When I Look at the World"" is a song by Irish rock band U2, and the ninth track on their 2000 album All That You Can't Leave Behind.
Long Answer: When I Look at the World is a song by Irish rock band U2 and the ninth track on their album All That You Can't Leave Behind, first released on 30 October 2000. U2 started writing songs for All That You Can't Leave Behind in late 1998.",0.383021742105484,0.0041072643014725,0.3333333333333333
E12458,458,19,simple,"['Megan Cavanagh', 'Patricia Wilson']",Who played marla on a league of their own?,"
The character Marla Hooton was played by actress Megan Cavanagh in the 1992 movie ""A League of Their Own"".","
Knowledge: A League of Their Own is a 1992 American sports comedy-drama film that tells a fictionalized account of the real-life All-American Girls Professional Baseball League (AAGPBL).
Knowledge: In 1988, Dottie Hinson attends the opening of the new All-American Girls Professional Baseball League (AAGPBL) exhibit at the Baseball Hall of Fame. She sees many of her former teammates and friends, prompting a flashback to 1943.
Knowledge: Back in the present, Dottie is reunited with several other players, including Kit.
Long Answer: A League of Their Own is a 1992 American sports comedy-drama film that tells a fictionalized account of the real-life All-American Girls Professional Baseball League (AAGPBL). In the film, Dottie Hinson attends the opening of the new AAGPBL exhibit at the Baseball Hall of Fame and sees many of her former teammates and friends, prompting a flashback to 1943. When the film goes back into the present, Dottie is reunited with several other players. The younger version of Marla was played by Megan Cavanagh and the older version of Marla was played by Patricia Wilson.",0.3035435378551483,0.0215332085408146,0.5
E13458,458,30,complex,"['Megan Cavanagh', 'Patricia Wilson']",Who played marla on a league of their own?,"
In the cinematic production of A League of Their Own, the role of Marla Snyder, the antagonist and the primary antagonist of the film, was portrayed by actress Geena Davis.","
Knowledge: A League of Their Own is a 1992 American sports comedy-drama film that tells a fictionalized account of the real-life All-American Girls Professional Baseball League (AAGPBL).
Knowledge: In 1988, Dottie Hinson attends the opening of the new All-American Girls Professional Baseball League (AAGPBL) exhibit at the Baseball Hall of Fame. She sees many of her former teammates and friends, prompting a flashback to 1943.
Knowledge: Back in the present, Dottie is reunited with several other players, including Kit.
Long Answer: A League of Their Own is a 1992 American sports comedy-drama film that tells a fictionalized account of the real-life All-American Girls Professional Baseball League (AAGPBL). In the film, Dottie Hinson attends the opening of the new AAGPBL exhibit at the Baseball Hall of Fame and sees many of her former teammates and friends, prompting a flashback to 1943. When the film goes back into the present, Dottie is reunited with several other players. The younger version of Marla was played by Megan Cavanagh and the older version of Marla was played by Patricia Wilson.",0.1404167860746383,0.0,0.0
E12459,459,11,simple,"['December 9, 2017', 'December 12, 2017', 'December 15, 2017']",When does the movie the last jedi come out?,"
The movie ""The Last Jedi"" was released on December 15, 2017.","
Knowledge: Star Wars: The Last Jedi (also known as Star Wars: Episode VIII – The Last Jedi) is a 2017 American epic space opera film written and directed by Rian Johnson. Produced by Lucasfilm and distributed by Walt Disney Studios Motion Pictures, it is the second installment of the Star Wars sequel trilogy, following The Force Awakens (2015), and the eighth episode of the nine-part ""Skywalker saga"".
Long Answer: Star Wars: The Last Jedi (also known as Star Wars: Episode VIII – The Last Jedi) is a 2017 American epic space opera film. It is the second installment of the Star Wars sequel trilogy, following The Force Awakens (2015), and the eighth episode of the nine-part Skywalker saga. The Last Jedi had its world premiere at the Shrine Auditorium in Los Angeles on December 9, 2017. The European premiere was held at the Royal Albert Hall in London on December 12, 2017, with a red carpet event. It was released in the United States on December 15, 2017.
Context: ""The Last Jedi"" had its world premiere at the Shrine Auditorium in Los Angeles on December 9, 2017, and was released in the United States on December 15, 2017. It grossed over $1.3billion worldwide, becoming the highest-grossing film of 2017, the seventh-highest-ever grossing film in North America, and the ninth-highest-grossing film of all time during its theatrical run. It is also the second-highest-grossing ""Star Wars"" film and turned a net profit of over $417 million. The film received positive reviews, with praise for its ensemble cast, musical score, visual effects, action sequences and emotional weight. The film received four nominations at the 90th Academy Awards, including Best Original Score and Best Visual Effects, as well as two nominations at the 71st British Academy Film Awards. A sequel, """", was released on December 20, 2019.
Context: ""The Last Jedi"" had its world premiere at the Shrine Auditorium in Los Angeles on December 9, 2017. The European premiere was held at the Royal Albert Hall in London on December 12, 2017, with a red carpet event.
Context: ""The Last Jedi"" had its world premiere at the Shrine Auditorium in Los Angeles on December 9, 2017, and was released in the United States on December 15, 2017. It grossed over $1.3billion worldwide, becoming the highest-grossing film of 2017, the seventh-highest-ever grossing film in North America, and the ninth-highest-grossing film of all time during its theatrical run. It is also the second-highest-grossing ""Star Wars"" film and turned a net profit of over $417 million. The film received positive reviews, with praise for its ensemble cast, musical score, visual effects, action sequences and emotional weight. The film received four nominations at the 90th Academy Awards, including Best Original Score and Best Visual Effects, as well as two nominations at the 71st British Academy Film Awards. A sequel, """", was released on December 20, 2019.",0.3858782649040222,0.0398635712826801,0.3333333333333333
E13459,459,51,complex,"['December 9, 2017', 'December 12, 2017', 'December 15, 2017']",When does the movie the last jedi come out?,"
The cinematic release date for ""Star Wars: The Last Jedi"" is December 15, 2017, marking the epoch of its public exhibition in the United States. This event occasioned a significant commercial and critical reception, with the film garnering substantial box office revenue and garnering accolades for its cinematographic and aural achievements.","
Knowledge: Star Wars: The Last Jedi (also known as Star Wars: Episode VIII – The Last Jedi) is a 2017 American epic space opera film written and directed by Rian Johnson. Produced by Lucasfilm and distributed by Walt Disney Studios Motion Pictures, it is the second installment of the Star Wars sequel trilogy, following The Force Awakens (2015), and the eighth episode of the nine-part ""Skywalker saga"".
Long Answer: Star Wars: The Last Jedi (also known as Star Wars: Episode VIII – The Last Jedi) is a 2017 American epic space opera film. It is the second installment of the Star Wars sequel trilogy, following The Force Awakens (2015), and the eighth episode of the nine-part Skywalker saga. The Last Jedi had its world premiere at the Shrine Auditorium in Los Angeles on December 9, 2017. The European premiere was held at the Royal Albert Hall in London on December 12, 2017, with a red carpet event. It was released in the United States on December 15, 2017.
Context: ""The Last Jedi"" had its world premiere at the Shrine Auditorium in Los Angeles on December 9, 2017, and was released in the United States on December 15, 2017. It grossed over $1.3billion worldwide, becoming the highest-grossing film of 2017, the seventh-highest-ever grossing film in North America, and the ninth-highest-grossing film of all time during its theatrical run. It is also the second-highest-grossing ""Star Wars"" film and turned a net profit of over $417 million. The film received positive reviews, with praise for its ensemble cast, musical score, visual effects, action sequences and emotional weight. The film received four nominations at the 90th Academy Awards, including Best Original Score and Best Visual Effects, as well as two nominations at the 71st British Academy Film Awards. A sequel, """", was released on December 20, 2019.
Context: ""The Last Jedi"" had its world premiere at the Shrine Auditorium in Los Angeles on December 9, 2017. The European premiere was held at the Royal Albert Hall in London on December 12, 2017, with a red carpet event.
Context: ""The Last Jedi"" had its world premiere at the Shrine Auditorium in Los Angeles on December 9, 2017, and was released in the United States on December 15, 2017. It grossed over $1.3billion worldwide, becoming the highest-grossing film of 2017, the seventh-highest-ever grossing film in North America, and the ninth-highest-grossing film of all time during its theatrical run. It is also the second-highest-grossing ""Star Wars"" film and turned a net profit of over $417 million. The film received positive reviews, with praise for its ensemble cast, musical score, visual effects, action sequences and emotional weight. The film received four nominations at the 90th Academy Awards, including Best Original Score and Best Visual Effects, as well as two nominations at the 71st British Academy Film Awards. A sequel, """", was released on December 20, 2019.",0.1367866098880767,0.0075991168822175,0.3333333333333333
E12460,460,37,simple,"['Sophia of Hanover', 'her non-Roman Catholic heirs']",1701 act of settlement heirs to the throne?,"
The Act of Settlement's purpose was to decide who should be next in line to be king or queen of England and Ireland. 

The next person to be king or queen was the Electress Sophia of Hanover.","
Knowledge: The Act of Supremacy 1558 had confirmed the Church of England's independence from Roman Catholicism under the English monarch.
Knowledge: The need for the Act of Settlement was prompted by the failure of William and Mary, as well as of Mary's sister – the future Queen Anne – to produce any surviving children, and the Roman Catholic religion of other members of the House of Stuart.
Knowledge: English pressure on Scotland to accept the Act of Settlement was one factor leading to the parliamentary union of the two countries in 1707.
Long Answer: The Act of Settlement is an Act of the Parliament of England that was passed in 1701 to settle the succession to the English and Irish crowns on Protestants only. The next Protestant in line to the throne was the Electress Sophia of Hanover, a granddaughter of James VI of Scotland, I of England and Ireland. After her the crowns would descend only to her non-Roman Catholic heirs. The Act of Supremacy 1558 had confirmed the Church of England's independence from Roman Catholicism under the English monarch. The need for the Act of Settlement was prompted by the failure of William and Mary, as well as of Mary's sister (the future Queen Anne) to produce any surviving children, and the Roman Catholic religion of other members of the House of Stuart. English pressure on Scotland to accept the Act of Settlement was one factor leading to the parliamentary union of the two countries in 1707.
Context: The Act of Settlement is an Act of the Parliament of England that was passed in 1701 to settle the succession to the English and Irish crowns on Protestants only. The next Protestant in line to the throne was the Electress Sophia of Hanover, a granddaughter of James VI of Scotland, I of England and Ireland. After her the crowns would descend only to her non-Roman Catholic heirs.",0.1872163563966751,0.0105985072774939,0.5
E13460,460,120,complex,"['Sophia of Hanover', 'her non-Roman Catholic heirs']",1701 act of settlement heirs to the throne?,"
The Act of Settlement of 1701 predetermined the legitimate line of succession to the thrones of England and Ireland, unequivocally establishing a Protestant ascendancy to the English monarchy. Specifically, it stipulated that the succession would be hereditary solely to individuals adhering to the Reformed faith, thereby effectively excluding all Roman Catholic claimants. Subsequent to the female monarchs Mary and Elizabeth I, who both failed to produce legitimate heirs, the Act of Settlement focused its attention on the next in line to the throne, namely the Electress Sophia of Hanover, a descendant of James VI of Scotland, I of England, and Ireland. Upon her demise, the thrones would be inherited by her non-Catholic progeny, guaranteeing the preservation of the Anglican supremacy.","
Knowledge: The Act of Supremacy 1558 had confirmed the Church of England's independence from Roman Catholicism under the English monarch.
Knowledge: The need for the Act of Settlement was prompted by the failure of William and Mary, as well as of Mary's sister – the future Queen Anne – to produce any surviving children, and the Roman Catholic religion of other members of the House of Stuart.
Knowledge: English pressure on Scotland to accept the Act of Settlement was one factor leading to the parliamentary union of the two countries in 1707.
Long Answer: The Act of Settlement is an Act of the Parliament of England that was passed in 1701 to settle the succession to the English and Irish crowns on Protestants only. The next Protestant in line to the throne was the Electress Sophia of Hanover, a granddaughter of James VI of Scotland, I of England and Ireland. After her the crowns would descend only to her non-Roman Catholic heirs. The Act of Supremacy 1558 had confirmed the Church of England's independence from Roman Catholicism under the English monarch. The need for the Act of Settlement was prompted by the failure of William and Mary, as well as of Mary's sister (the future Queen Anne) to produce any surviving children, and the Roman Catholic religion of other members of the House of Stuart. English pressure on Scotland to accept the Act of Settlement was one factor leading to the parliamentary union of the two countries in 1707.
Context: The Act of Settlement is an Act of the Parliament of England that was passed in 1701 to settle the succession to the English and Irish crowns on Protestants only. The next Protestant in line to the throne was the Electress Sophia of Hanover, a granddaughter of James VI of Scotland, I of England and Ireland. After her the crowns would descend only to her non-Roman Catholic heirs.",0.1655156314373016,0.0037741223815934,0.5
E12461,461,15,simple,"['Leonard Wood', 'Theodore Roosevelt Jr.', 'Theodore Roosevelt']",Who were the two leaders of the rough riders?,"
The two leaders of the Rough Riders were:

1. Colonel Leonard Wood
2. Theodore Roosevelt","
Knowledge: The Rough Riders was a nickname given to the 1st United States Volunteer Cavalry, one of three such regiments raised in 1898 for the Spanish–American War and the only one to see combat.
Knowledge: The regiment was also nicknamed ""Wood's Weary Walkers"" for its first commander, Colonel Leonard Wood.
Knowledge: Wood's second in command was former Assistant Secretary of the Navy Theodore Roosevelt, a strong advocate for the Cuban War of Independence.
Long Answer: The Rough Riders was a nickname given to the 1st United States Volunteer Cavalry, one of three such regiments raised in 1898 for the Spanish–American War and the only one to see combat. The regiment was also nicknamed ""Wood's Weary Walkers"" for its first commander, Colonel Leonard Wood from New Hampshire. Wood's second in command was former Assistant Secretary of the Navy Theodore Roosevelt from New York, a strong advocate for the Cuban War of Independence.",0.1586334407329559,0.0395308837466984,0.6666666666666666
E13461,461,102,complex,"['Leonard Wood', 'Theodore Roosevelt Jr.', 'Theodore Roosevelt']",Who were the two leaders of the rough riders?,"
The two distinguished leaders of the illustrious Rough Riders were Colonel Leonard Wood, a distinguished military commander from New Hampshire, and Theodore Roosevelt, the erstwhile Assistant Secretary of the Navy from New York, who served as the second-in-command. Colonel Wood, a stalwart and respected military leader, garnered the sobriquet of ""Wood's Weary Walkers"" due to the arduous campaigns he undertook during the regiment's formative period. Conversely, the inimitable Theodore Roosevelt, renowned for his fervent advocacy for the Cuban War of Independence, lent his exceptional leadership acumen to the regiment, ultimately solidifying his reputation as a colossus of American politics and military prowess.","
Knowledge: The Rough Riders was a nickname given to the 1st United States Volunteer Cavalry, one of three such regiments raised in 1898 for the Spanish–American War and the only one to see combat.
Knowledge: The regiment was also nicknamed ""Wood's Weary Walkers"" for its first commander, Colonel Leonard Wood.
Knowledge: Wood's second in command was former Assistant Secretary of the Navy Theodore Roosevelt, a strong advocate for the Cuban War of Independence.
Long Answer: The Rough Riders was a nickname given to the 1st United States Volunteer Cavalry, one of three such regiments raised in 1898 for the Spanish–American War and the only one to see combat. The regiment was also nicknamed ""Wood's Weary Walkers"" for its first commander, Colonel Leonard Wood from New Hampshire. Wood's second in command was former Assistant Secretary of the Navy Theodore Roosevelt from New York, a strong advocate for the Cuban War of Independence.",0.1100276187062263,0.0021043516455261,0.6666666666666666
E12462,462,12,simple,"['Natascha McElhone', 'McElhone', 'Taylor', 'Jen Taylor', 'Calene-Black', 'Shelley Calene-Black']",Who does the voice of cortana in halo?,"
The person who voices Cortana in the Halo games is Jen Taylor.","
Knowledge: Cortana is a fictional artificially intelligent character in the Halo video game series.
Knowledge: Halo Legends is a collection of 7 short films set in the Halo science fiction universe.
Long Answer: Cortana is a fictional artificially intelligent character in the Halo video game series. Voice actress Jen Taylor voices Cortana in the majority of the character's appearances. In the 2021 Halo TV series, Natascha McElhone acted and voiced the character. In Halo Legends, a collection of 7 short films set in the Halo universe, Shelley Calene-Black voiced the character.
Context: Voice actress Jen Taylor voices Cortana in the majority of the character's appearances. Despite her role in voicing other video game characters, including Princess Peach, she is not a gamer. Taylor was a college acquaintance of cinematics director Joseph Staten, and he recommended her as a possible voice for Cortana to audio director Martin O'Donnell. When choosing a voice actor for the character, Bungie originally wanted Cortana to have a British accent. O'Donnell recalled that Taylor's British accent was good, but felt it was too similar to her work for """". The accent was dropped, but British colloquialisms remained in the character's dialogue. Taylor recalled that a key directive from Bungie about the character was that she not come off as nagging, despite her role as the player's guide and aid. ""They wanted her to be like the girl next door, your best friend that you want to hang out with,"" she said. She felt that portraying Cortana was occasionally challenging because the character lacks a physical form.",0.3283724784851074,0.0170331860376392,0.3333333333333333
E13462,462,28,complex,"['Natascha McElhone', 'McElhone', 'Taylor', 'Jen Taylor', 'Calene-Black', 'Shelley Calene-Black']",Who does the voice of cortana in halo?,"
The voice of Cortana in the Halo franchise is typically provided by the talented actress Jen Taylor, whose distinctive vocal delivery has become inextricably linked with the character.","
Knowledge: Cortana is a fictional artificially intelligent character in the Halo video game series.
Knowledge: Halo Legends is a collection of 7 short films set in the Halo science fiction universe.
Long Answer: Cortana is a fictional artificially intelligent character in the Halo video game series. Voice actress Jen Taylor voices Cortana in the majority of the character's appearances. In the 2021 Halo TV series, Natascha McElhone acted and voiced the character. In Halo Legends, a collection of 7 short films set in the Halo universe, Shelley Calene-Black voiced the character.
Context: Voice actress Jen Taylor voices Cortana in the majority of the character's appearances. Despite her role in voicing other video game characters, including Princess Peach, she is not a gamer. Taylor was a college acquaintance of cinematics director Joseph Staten, and he recommended her as a possible voice for Cortana to audio director Martin O'Donnell. When choosing a voice actor for the character, Bungie originally wanted Cortana to have a British accent. O'Donnell recalled that Taylor's British accent was good, but felt it was too similar to her work for """". The accent was dropped, but British colloquialisms remained in the character's dialogue. Taylor recalled that a key directive from Bungie about the character was that she not come off as nagging, despite her role as the player's guide and aid. ""They wanted her to be like the girl next door, your best friend that you want to hang out with,"" she said. She felt that portraying Cortana was occasionally challenging because the character lacks a physical form.",0.1269152462482452,0.0067164720523548,0.3333333333333333
E12463,463,19,simple,"['May 11, 2006', 'October 4, 2007', 'Episode 22', 'Casino Night', 'Dunder Mifflin Infinity', 'Episodes 3/4']",When do jim and pam kiss in the office?,"
In the TV show ""The Office"", Jim and Pam kiss in the episode called ""Casino Night"" in season 2.","
Knowledge: Her character is shy, growing assertive but amiable, and artistically inclined, and shares romantic interest with Jim Halpert, whom she begins dating in the fourth season, marries and starts a family with as the series continues.
Knowledge: Pam returns to the office and talks to her mother over the phone about Jim's confession.
Knowledge: She begins to say something but Jim kisses her, and after hesitating, she returns the kiss, ending with the two staring at each other in silence.
Knowledge: Pamela Morgan Halpert[nb 1] (née Beesly) is a fictional character on the U.S. television sitcom The Office, played by Jenna Fischer.
Knowledge: After Roy leaves, Jim tells Pam that he is in love with her.
Knowledge: ""Fun Run"" is the first and second episode of the fourth season of the American comedy television series The Office, and the show's fifty-fourth and fifty-fifth episode overall. Written and directed by executive producer and showrunner Greg Daniels, the episode first aired on NBC in the United States on September 27, 2007.[1]
Knowledge: ""Dunder Mifflin Infinity"" is the third and fourth episode of the fourth season of the American comedy television series The Office, and the show's fifty-sixth and fifty-seventh episode overall.
Knowledge: It first aired in the United States on October 4, 2007 on NBC.[1]
Long Answer: Pamela Halpert is a fictional character on the U.S. television sitcom The Office, played by Jenna Fischer. Her character shares romantic interest with Jim Halpert, whom she begins dating in the fourth season. In episode 22 named Casino Night, Jim and Pam kiss after Jim tells Pam that he is in love with her. This episode aired on May 11, 2006. In the season 4 premiere Fun Run, Jim and Pam confess that they have started dating after the camera crew catches them kissing. The office ultimately learns of their relationship in Dunder Mifflin Infinity. Fun Run aired on September 27, 2007 and Dunder Mifflin Infinity aired on October 4, 2007.
Context: In the early seasons, there is a great deal of tension between Jim and Roy, with Roy often acting threateningly towards Jim. In ""Basketball"", when Jim starts to impress Pam with his basketball skills, Roy elbows Jim in the nose. In season 2, when Jim encourages Pam to pursue a graphic arts internship offered by Dunder Mifflin, Roy objects to the opportunity and eventually convinces her that the idea is foolish. Pam ultimately calls off her wedding to Roy, but they remain friendly and he is determined to win her back by being less of a jerk. She reconciles with Roy at Phyllis's wedding as a response to watching Jim date Karen. In an attempt at a fresh start with Roy, Pam comes clean about Jim kissing her during ""Casino Night"". Roy flies into a violent rage and Pam ends the relationship on the spot. The next day, Roy attempts to attack Jim in the office but is stopped by Dwight's pepper spray and is summarily fired. After losing his job, Roy meets Pam for coffee and says that even though Jim is dating Karen, she should at least make an effort to date him (in as much as she called off the wedding because of him).
Context: In Season 4, Pam retains the assertiveness she developed in the third season. In the season 4 premiere, ""Fun Run"", Jim and Pam confess that they have started dating after the camera crew catches them kissing. The office ultimately learns of their relationship in ""Dunder Mifflin Infinity"". In ""Chair Model"", after teasing Pam about his impending proposal, Jim tells the documentary crew he is not kidding around about an engagement and shows them a ring he bought a week after he and Pam started dating. In the next few episodes, Jim fake-proposes to Pam multiple times. In ""Goodbye, Toby"", Pam discovers she's been accepted at Pratt Institute, an art and design school in Brooklyn . In an interview later in the episode, Jim announces that he will propose to Pam that evening. Just as Jim is preparing to propose, however, Andy Bernard stands up and makes his own impromptu proposal to Angela. Having had his thunder stolen by Andy, Jim reluctantly puts the ring back in his jacket pocket, leaving Pam visibly disappointed as she was expecting Jim to propose that night.",0.2940241396427154,0.0,0.1666666666666666
E13463,463,113,complex,"['May 11, 2006', 'October 4, 2007', 'Episode 22', 'Casino Night', 'Dunder Mifflin Infinity', 'Episodes 3/4']",When do jim and pam kiss in the office?,"
The seminal moment of Jim and Pam's burgeoning romantic relationship, precipitated by Jim's confessional revelation of his ardor for his coworker, is ostensibly captured in the televisual narrative of ""Casino Night"" (Season 3, Episode 22). This episode, which aired on May 11, 2006, serves as a harbinger of the nascent love between Jim and Pam, as their clandestine romance is gradually revealed to the other employees of the Dunder Mifflin paper company through a series of carefully curated scenes. Specifically, within the context of the ""Casino Night"" episode, Jim and Pam's affections are transmuted into a palpable, intimate moment of physical closeness, which culminates in a tender kiss, thus catalyzing their burgeoning romance.","
Knowledge: Her character is shy, growing assertive but amiable, and artistically inclined, and shares romantic interest with Jim Halpert, whom she begins dating in the fourth season, marries and starts a family with as the series continues.
Knowledge: Pam returns to the office and talks to her mother over the phone about Jim's confession.
Knowledge: She begins to say something but Jim kisses her, and after hesitating, she returns the kiss, ending with the two staring at each other in silence.
Knowledge: Pamela Morgan Halpert[nb 1] (née Beesly) is a fictional character on the U.S. television sitcom The Office, played by Jenna Fischer.
Knowledge: After Roy leaves, Jim tells Pam that he is in love with her.
Knowledge: ""Fun Run"" is the first and second episode of the fourth season of the American comedy television series The Office, and the show's fifty-fourth and fifty-fifth episode overall. Written and directed by executive producer and showrunner Greg Daniels, the episode first aired on NBC in the United States on September 27, 2007.[1]
Knowledge: ""Dunder Mifflin Infinity"" is the third and fourth episode of the fourth season of the American comedy television series The Office, and the show's fifty-sixth and fifty-seventh episode overall.
Knowledge: It first aired in the United States on October 4, 2007 on NBC.[1]
Long Answer: Pamela Halpert is a fictional character on the U.S. television sitcom The Office, played by Jenna Fischer. Her character shares romantic interest with Jim Halpert, whom she begins dating in the fourth season. In episode 22 named Casino Night, Jim and Pam kiss after Jim tells Pam that he is in love with her. This episode aired on May 11, 2006. In the season 4 premiere Fun Run, Jim and Pam confess that they have started dating after the camera crew catches them kissing. The office ultimately learns of their relationship in Dunder Mifflin Infinity. Fun Run aired on September 27, 2007 and Dunder Mifflin Infinity aired on October 4, 2007.
Context: In the early seasons, there is a great deal of tension between Jim and Roy, with Roy often acting threateningly towards Jim. In ""Basketball"", when Jim starts to impress Pam with his basketball skills, Roy elbows Jim in the nose. In season 2, when Jim encourages Pam to pursue a graphic arts internship offered by Dunder Mifflin, Roy objects to the opportunity and eventually convinces her that the idea is foolish. Pam ultimately calls off her wedding to Roy, but they remain friendly and he is determined to win her back by being less of a jerk. She reconciles with Roy at Phyllis's wedding as a response to watching Jim date Karen. In an attempt at a fresh start with Roy, Pam comes clean about Jim kissing her during ""Casino Night"". Roy flies into a violent rage and Pam ends the relationship on the spot. The next day, Roy attempts to attack Jim in the office but is stopped by Dwight's pepper spray and is summarily fired. After losing his job, Roy meets Pam for coffee and says that even though Jim is dating Karen, she should at least make an effort to date him (in as much as she called off the wedding because of him).
Context: In Season 4, Pam retains the assertiveness she developed in the third season. In the season 4 premiere, ""Fun Run"", Jim and Pam confess that they have started dating after the camera crew catches them kissing. The office ultimately learns of their relationship in ""Dunder Mifflin Infinity"". In ""Chair Model"", after teasing Pam about his impending proposal, Jim tells the documentary crew he is not kidding around about an engagement and shows them a ring he bought a week after he and Pam started dating. In the next few episodes, Jim fake-proposes to Pam multiple times. In ""Goodbye, Toby"", Pam discovers she's been accepted at Pratt Institute, an art and design school in Brooklyn . In an interview later in the episode, Jim announces that he will propose to Pam that evening. Just as Jim is preparing to propose, however, Andy Bernard stands up and makes his own impromptu proposal to Angela. Having had his thunder stolen by Andy, Jim reluctantly puts the ring back in his jacket pocket, leaving Pam visibly disappointed as she was expecting Jim to propose that night.",0.0749859437346458,0.0050436735293578,0.5
E12464,464,7,simple,"['December 11, 2016', 'May 10, 2018', 'May 25, 2018', 'May 15, 2018', 'May 23, 2018']",When does the han solo film come out?,"
Han Solo's film comes out in 2018.","
Knowledge: Solo: A Star Wars Story (also known simply as Solo) is a 2018 American space Western film[13][14] centering on the Star Wars character Han Solo.
Knowledge: The film explores the early adventures of Han Solo and Chewbacca, who join a heist within the criminal underworld 10 years prior to the events of Star Wars: Episode IV - A New Hope.
Long Answer: Solo: A Star Wars Story is a 2018 American space Western film centering on the Star Wars character Han Solo. The film explores the early adventures of Han Solo and Chewbacca, who join a heist within the criminal underworld 10 years prior to the events of Star Wars: Episode IV - A New Hope. Solo had its world premiere in Los Angeles on May 10, 2018, and was screened at the 2018 Cannes Film Festival on May 15, 2018. It was released in the United States on May 25, 2018. It debuted in selected countries on May 23, 2018. Han Solo: A Smuggler's Trade is a 2016 Star Wars fan film. On December 11, 2016, it was released to YouTube.
Context: Han Solo: A Smuggler's Trade is a 2016 ""Star Wars"" fan film starring Jamie Costa as Han Solo and Cory Daniel as Chewbacca. The film also stars Doug Jones and Kristine Gerolaga. On December 11, 2016, it was released to YouTube. As of August 17, 2019, it has received over 2.4 million views.
Context: ""Solo"" had its world premiere in Los Angeles on May 10, 2018, and was screened at the 2018 Cannes Film Festival on May 15, 2018. It was released in the United States on May 25, 2018, in RealD 3D, IMAX, and IMAX 3D. ""Solo"" received generally favorable reviews from critics who praised the film's acting performances (particularly Ehrenreich and Glover), visuals, musical score, and action sequences, while some felt its storyline was predictable. It is the first ""Star Wars"" film to be considered a box office bomb, grossing $393 million worldwide, making it the lowest-grossing live-action film in the franchise. It received a nomination for Best Visual Effects at the 91st Academy Awards.",0.1748846620321273,0.0,0.0
E13464,464,67,complex,"['December 11, 2016', 'May 10, 2018', 'May 25, 2018', 'May 15, 2018', 'May 23, 2018']",When does the han solo film come out?,"
The cinematic rendering of the venerable Han Solo, as depicted in the esteemed Star Wars franchise, was released in the United States on May 25, 2018, concurrently with a plethora of other territories worldwide. This event marked the inaugural outing of Solo: A Star Wars Story, a cinematic endeavor that garnered considerable attention for its ostensibly captivating narrative, visually stunning visuals, and a talented ensemble of actors.","
Knowledge: Solo: A Star Wars Story (also known simply as Solo) is a 2018 American space Western film[13][14] centering on the Star Wars character Han Solo.
Knowledge: The film explores the early adventures of Han Solo and Chewbacca, who join a heist within the criminal underworld 10 years prior to the events of Star Wars: Episode IV - A New Hope.
Long Answer: Solo: A Star Wars Story is a 2018 American space Western film centering on the Star Wars character Han Solo. The film explores the early adventures of Han Solo and Chewbacca, who join a heist within the criminal underworld 10 years prior to the events of Star Wars: Episode IV - A New Hope. Solo had its world premiere in Los Angeles on May 10, 2018, and was screened at the 2018 Cannes Film Festival on May 15, 2018. It was released in the United States on May 25, 2018. It debuted in selected countries on May 23, 2018. Han Solo: A Smuggler's Trade is a 2016 Star Wars fan film. On December 11, 2016, it was released to YouTube.
Context: Han Solo: A Smuggler's Trade is a 2016 ""Star Wars"" fan film starring Jamie Costa as Han Solo and Cory Daniel as Chewbacca. The film also stars Doug Jones and Kristine Gerolaga. On December 11, 2016, it was released to YouTube. As of August 17, 2019, it has received over 2.4 million views.
Context: ""Solo"" had its world premiere in Los Angeles on May 10, 2018, and was screened at the 2018 Cannes Film Festival on May 15, 2018. It was released in the United States on May 25, 2018, in RealD 3D, IMAX, and IMAX 3D. ""Solo"" received generally favorable reviews from critics who praised the film's acting performances (particularly Ehrenreich and Glover), visuals, musical score, and action sequences, while some felt its storyline was predictable. It is the first ""Star Wars"" film to be considered a box office bomb, grossing $393 million worldwide, making it the lowest-grossing live-action film in the franchise. It received a nomination for Best Visual Effects at the 91st Academy Awards.",0.1735584586858749,0.0057422154281368,0.2
E12465,465,14,simple,"[""Fiona O'Loughlin"", 'Harry Redknapp']",Who won i'm a celebrity get me outta here 2018?,"
Fiona O'Loughlin was the winner of I'm a Celebrity...Get Me Out of Here! 2018.","
Knowledge: I'm a Celebrity...Get Me Out of Here! is a British reality TV series in which a number of celebrities live together in a jungle environment for a number of weeks, competing to be crowned ""King"" or ""Queen of the Jungle"".
Knowledge: Comedian Fiona O'Loughlin won the series, beating singer Shannon Noll and boxer Danny Green, and was crowned ""Queen of the Jungle"", the $100,000 prize money, was won for her selected charity, Angel Flight.[3]
Long Answer: I'm a Celebrity...Get Me Out of Here! is a British reality TV series in which a number of celebrities live together in a jungle environment for a number of weeks, competing to be crowned ""King"" or ""Queen of the Jungle"". In the 2018 British Series, Harry Redknapp was crowned King of the Jungle. In the 2018 Australian series, comedian Fiona O'Loughlin was crowned Queen of the Jungle.
Context: The show finished on 9 December 2018 and was won by Harry Redknapp, being crowned the shows next 'King of the Jungle', and becoming the show’s first male winner since Carl Fogarty in 2014.",0.350392997264862,0.0302062052524355,0.5
E13465,465,32,complex,"[""Fiona O'Loughlin"", 'Harry Redknapp']",Who won i'm a celebrity get me outta here 2018?,"
The inaugural winner of the 2018 edition of the British reality television program ""I'm a Celebrity...Get Me Out of Here!"" was indeed Harry Redknapp, a former English football manager and television personality.","
Knowledge: I'm a Celebrity...Get Me Out of Here! is a British reality TV series in which a number of celebrities live together in a jungle environment for a number of weeks, competing to be crowned ""King"" or ""Queen of the Jungle"".
Knowledge: Comedian Fiona O'Loughlin won the series, beating singer Shannon Noll and boxer Danny Green, and was crowned ""Queen of the Jungle"", the $100,000 prize money, was won for her selected charity, Angel Flight.[3]
Long Answer: I'm a Celebrity...Get Me Out of Here! is a British reality TV series in which a number of celebrities live together in a jungle environment for a number of weeks, competing to be crowned ""King"" or ""Queen of the Jungle"". In the 2018 British Series, Harry Redknapp was crowned King of the Jungle. In the 2018 Australian series, comedian Fiona O'Loughlin was crowned Queen of the Jungle.
Context: The show finished on 9 December 2018 and was won by Harry Redknapp, being crowned the shows next 'King of the Jungle', and becoming the show’s first male winner since Carl Fogarty in 2014.",0.3528027236461639,0.0058343471803385,0.5
E12466,466,8,simple,"['2 January 1959', '11 March 1960', '27 August 1962']",When did exploration to the inner solar system begin?,"
Exploring the inner solar system started in 1959.","
Knowledge: Luna 1 was launched at 16:41 GMT (22:41 local time) on 2 January 1959 from Site 1/5 at the Baikonur Cosmodrome by a Luna 8K72 rocket.[1]
Knowledge: Pioneer 5 (also known as Pioneer P-2, and Able 4, and nicknamed the ""Paddle-Wheel Satellite""[3]) was a spin-stabilized space probe in the NASA Pioneer program used to investigate interplanetary space between the orbits of Earth and Venus.
Long Answer: The launch of the first lunar flyby satellite was Luna 1 on 2 January 1959. Pioneer 5 was used to investigate interplanetary space between the orbits of Earth and Venus and was launched on 11 March 1960. The first successful flyby of Venus was done by Mariner 2, launched on 27 August 1962.",0.0868216827511787,0.0,0.0
E13466,466,200,complex,"['2 January 1959', '11 March 1960', '27 August 1962']",When did exploration to the inner solar system begin?,"
The commencement of space exploration to the inner solar system is an era that marks a pivotal juncture in the annals of spacefaring endeavors. The inaugural foray into the inner solar system was inaugurated by the Soviet Union with the launch of Luna 1, a lunar probe, on January 2, 1959. This historic mission represented the inaugural step towards the systematic investigation of the inner solar system, setting the stage for subsequent expeditions that would propel humanity's understanding of the cosmos forward.

However, it was not until the launch of Pioneer 5 on March 11, 1960, that the next stage in the exploration of the inner solar system commenced. This spacecraft was specifically designed to probe the interplanetary space between the Earth and Venus, facilitating a deeper comprehension of the Sun's gravitational influence on the inner planets.

The milestone events of space exploration to the inner solar system continued with the successful flyby of Venus by Mariner 2, launched on August 27, 1962. This pioneering mission marked a significant milestone in the quest for knowledge of the solar system, as it returned a wealth of data on the planet's atmospheric and geological features, thereby expanding the scope of human understanding.","
Knowledge: Luna 1 was launched at 16:41 GMT (22:41 local time) on 2 January 1959 from Site 1/5 at the Baikonur Cosmodrome by a Luna 8K72 rocket.[1]
Knowledge: Pioneer 5 (also known as Pioneer P-2, and Able 4, and nicknamed the ""Paddle-Wheel Satellite""[3]) was a spin-stabilized space probe in the NASA Pioneer program used to investigate interplanetary space between the orbits of Earth and Venus.
Long Answer: The launch of the first lunar flyby satellite was Luna 1 on 2 January 1959. Pioneer 5 was used to investigate interplanetary space between the orbits of Earth and Venus and was launched on 11 March 1960. The first successful flyby of Venus was done by Mariner 2, launched on 27 August 1962.",0.0933699309825897,0.0011790349840099,0.0
E12467,467,10,simple,"['Otis Redding and Steve Cropper', 'Steve Cropper', 'Otis Redding']",Who made sitting on the dock of the bay?,"
Otis Redding made ""Sitting on the Dock of the Bay"".","
Knowledge: The song has been recorded by many artists, from Redding's peers, like Glen Campbell, Cher, Peggy Lee, David Allan Coe,[36] Bob Dylan, Don Partridge,[37] Percy Sledge, Dee Clark, and Sam & Dave, to artists in various genres, including Jimmy Velvit (whose cover version was included on his 2001 Grammy-nominated album Sun Sea & Sand), Widespread Panic (who opened their New Year's Eve 2005 concert with the song), Waylon Jennings and Willie Nelson (whose duet peaked at number 13 on the U.S. Hot Country Songs chart), Kenny Rankin, Dennis Brown, Michel Pagliaro, Jacob Miller, Pearl Jam, the Format, T. Rex (as the B-side of ""Dreamy Lady"", released in 1975), Brent Smith of Shinedown (during an acoustic set in 2008 and with Zach Myers in a 2014 EP) and Garth Brooks (for the 2013 Blue-Eyed Soul album in the Blame It All on My Roots: Five Decades of Influences compilation) as well as John Hartford on the Retrograss album with David Grisman and Mike Seeger (1999).
Long Answer: (Sittin' On) The Dock of the Bay is a song co-written by soul singer Otis Redding and Steve Cropper. It was recorded by Redding twice in 1967, including once just days before his death in a plane crash. It was produced by Steve Cropper as well. The song has been recorded by many artists in various genres.
Context: While on tour with the Bar-Kays in August 1967, Redding wrote the first verse of the song, under the abbreviated title ""Dock of the Bay,"" on a houseboat at Waldo Point in Sausalito, California. He had completed his famed performance at the Monterey Pop Festival just weeks earlier. While touring in support of the albums ""King & Queen"" (a collaboration with female vocalist Carla Thomas) and ""Live in Europe"", he continued to scribble lines of the song on napkins and hotel paper. In November of that year, he joined producer and guitarist Steve Cropper at the Stax recording studio in Memphis, Tennessee, to record the song.
Context: ""(Sittin' On) The Dock of the Bay"" is a song co-written by soul singer Otis Redding and guitarist Steve Cropper. It was recorded by Redding twice in 1967, including once just days before his death in a plane crash. The song was released on Stax Records' Volt label in 1968, becoming the first posthumous single to top the charts in the US. It reached number 3 on the UK Singles Chart.",0.2555277645587921,0.0446323613785333,0.3333333333333333
E13467,467,85,complex,"['Otis Redding and Steve Cropper', 'Steve Cropper', 'Otis Redding']",Who made sitting on the dock of the bay?,"
The song ""(Sittin' On) The Dock of the Bay"" was crafted by the ingenious creative synergy of the inimitable Otis Redding and the visionary guitar virtuoso Steve Cropper. Specifically, the lyrics and melodic contours of the song were authored by Redding, whose exceptional vocal talents and distinctive vocal style played a pivotal role in shaping the track's emotive essence. Meanwhile, Cropper's masterful guitar work and production acumen contributed significantly to the song's harmonic sophistication and sonic texture, imbuing the track with a distinctively soulful character.","
Knowledge: The song has been recorded by many artists, from Redding's peers, like Glen Campbell, Cher, Peggy Lee, David Allan Coe,[36] Bob Dylan, Don Partridge,[37] Percy Sledge, Dee Clark, and Sam & Dave, to artists in various genres, including Jimmy Velvit (whose cover version was included on his 2001 Grammy-nominated album Sun Sea & Sand), Widespread Panic (who opened their New Year's Eve 2005 concert with the song), Waylon Jennings and Willie Nelson (whose duet peaked at number 13 on the U.S. Hot Country Songs chart), Kenny Rankin, Dennis Brown, Michel Pagliaro, Jacob Miller, Pearl Jam, the Format, T. Rex (as the B-side of ""Dreamy Lady"", released in 1975), Brent Smith of Shinedown (during an acoustic set in 2008 and with Zach Myers in a 2014 EP) and Garth Brooks (for the 2013 Blue-Eyed Soul album in the Blame It All on My Roots: Five Decades of Influences compilation) as well as John Hartford on the Retrograss album with David Grisman and Mike Seeger (1999).
Long Answer: (Sittin' On) The Dock of the Bay is a song co-written by soul singer Otis Redding and Steve Cropper. It was recorded by Redding twice in 1967, including once just days before his death in a plane crash. It was produced by Steve Cropper as well. The song has been recorded by many artists in various genres.
Context: While on tour with the Bar-Kays in August 1967, Redding wrote the first verse of the song, under the abbreviated title ""Dock of the Bay,"" on a houseboat at Waldo Point in Sausalito, California. He had completed his famed performance at the Monterey Pop Festival just weeks earlier. While touring in support of the albums ""King & Queen"" (a collaboration with female vocalist Carla Thomas) and ""Live in Europe"", he continued to scribble lines of the song on napkins and hotel paper. In November of that year, he joined producer and guitarist Steve Cropper at the Stax recording studio in Memphis, Tennessee, to record the song.
Context: ""(Sittin' On) The Dock of the Bay"" is a song co-written by soul singer Otis Redding and guitarist Steve Cropper. It was recorded by Redding twice in 1967, including once just days before his death in a plane crash. The song was released on Stax Records' Volt label in 1968, becoming the first posthumous single to top the charts in the US. It reached number 3 on the UK Singles Chart.",0.0318940095603466,0.0113272623061864,0.6666666666666666
E12468,468,13,simple,"['Germany', 'Berlin, Dortmund, Munich, Cologne, Stuttgart, Hamburg, Leipzig, Frankfurt, Gelsenkirche, and Düsseldorf']",Where is euro 2024 going to be held?,"
The UEFA European Football Championship, or Euro 2024, will be held in Germany.","
Knowledge: The 2024 UEFA European Football Championship, commonly referred to as UEFA Euro 2024 or simply Euro 2024, will be the 17th edition of the UEFA European Championship, the quadrennial international men's football championship of Europe organised by UEFA. Germany will host the tournament, which is scheduled to take place from 14 June to 14 July 2024.[1]
Knowledge: Nine venues used at the 2006 FIFA World Cup were selected: Berlin, Dortmund, Munich, Cologne, Stuttgart, Hamburg, Leipzig, Frankfurt and Gelsenkirchen. Düsseldorf, which was not used in 2006 but had previously been used for the 1974 FIFA World Cup and UEFA Euro 1988, will serve as the tenth venue; conversely, Hanover, Nuremberg and Kaiserslautern, host cities in 2006, will not be used for this championship.
Long Answer: The 2024 UEFA European Football Championship, commonly referred to as UEFA Euro 2024 or simply Euro 2024, will be the 17th edition of the UEFA European Championship, the quadrennial international men's football championship of Europe organised by UEFA. Germany will host the tournament, which is scheduled to take place from 14 June to 14 July 2024. Nine venues used at the 2006 FIFA World Cup were selected: Berlin, Dortmund, Munich, Cologne, Stuttgart, Hamburg, Leipzig, Frankfurt, Gelsenkirche, and Düsseldorf, which was not used in 2006 but had previously been used for the 1974 FIFA World Cup and UEFA Euro 1988 and will serve as the tenth venue.
Context: On 8 March 2017, UEFA announced that only two countries, Germany and Turkey, had announced their intentions to host the tournament before the deadline of 3 March 2017.",0.4520286321640014,0.0,0.5
E13468,468,66,complex,"['Germany', 'Berlin, Dortmund, Munich, Cologne, Stuttgart, Hamburg, Leipzig, Frankfurt, Gelsenkirche, and Düsseldorf']",Where is euro 2024 going to be held?,"
The forthcoming UEFA European Football Championship, colloquially referred to as Euro 2024 or UEFA Euro 2024, is scheduled to be held in Germany, a country renowned for its rich footballing heritage and its reputation for delivering high-calibre events. Specifically, the tournament is set to take place across multiple venues located throughout the German territory, thereby ensuring an eclectic and diverse experience for participants and spectators alike.","
Knowledge: The 2024 UEFA European Football Championship, commonly referred to as UEFA Euro 2024 or simply Euro 2024, will be the 17th edition of the UEFA European Championship, the quadrennial international men's football championship of Europe organised by UEFA. Germany will host the tournament, which is scheduled to take place from 14 June to 14 July 2024.[1]
Knowledge: Nine venues used at the 2006 FIFA World Cup were selected: Berlin, Dortmund, Munich, Cologne, Stuttgart, Hamburg, Leipzig, Frankfurt and Gelsenkirchen. Düsseldorf, which was not used in 2006 but had previously been used for the 1974 FIFA World Cup and UEFA Euro 1988, will serve as the tenth venue; conversely, Hanover, Nuremberg and Kaiserslautern, host cities in 2006, will not be used for this championship.
Long Answer: The 2024 UEFA European Football Championship, commonly referred to as UEFA Euro 2024 or simply Euro 2024, will be the 17th edition of the UEFA European Championship, the quadrennial international men's football championship of Europe organised by UEFA. Germany will host the tournament, which is scheduled to take place from 14 June to 14 July 2024. Nine venues used at the 2006 FIFA World Cup were selected: Berlin, Dortmund, Munich, Cologne, Stuttgart, Hamburg, Leipzig, Frankfurt, Gelsenkirche, and Düsseldorf, which was not used in 2006 but had previously been used for the 1974 FIFA World Cup and UEFA Euro 1988 and will serve as the tenth venue.
Context: On 8 March 2017, UEFA announced that only two countries, Germany and Turkey, had announced their intentions to host the tournament before the deadline of 3 March 2017.",0.1464336961507797,0.0027574366655649,0.5
E12469,469,15,simple,"['WNBC (AM)', 'WNBC', ""New York's WNBC (AM)"", 'Enterprise Radio Network']",What was the first all-sports talk radio station?,"
The first sports talk radio station was WNBC in New York. It started in 1964.","
Long Answer: Sports radio (or sports talk radio) is a radio format devoted entirely to discussion and broadcasting of sporting events. Hosted by Bill Mazer, the first sports talk radio show in history launched in March 1964 on New York's WNBC (AM). Enterprise Radio Network became the first national all-sports network, operating out of Avon, Connecticut, from New Year's Day 1981 through late September of that year before going out of business. ER had two channels, one for talk and a second for updates and play-by-play.
Context: Sports radio (or sports talk radio) is a radio format devoted entirely to discussion and broadcasting of sporting events. A widespread programming genre that has a narrow audience appeal, sports radio is characterized by an often-boisterous on-air style and extensive debate and analysis by both hosts and callers. Many sports talk stations also carry play-by-play (live commentary) of local sports teams as part of their regular programming. Hosted by Bill Mazer, the first sports talk radio show in history launched in March 1964 on New York's WNBC (AM).
Context: Enterprise Radio Network became the first national all-sports network, operating out of Avon, Connecticut, from New Year's Day 1981 through late September of that year before going out of business. ER had two channels, one for talk and a second for updates and play-by-play. ER's talk lineup included current New York Yankees voice John Sterling, New York Mets radio host Ed Coleman and former big-league pitcher Bill Denehy.",0.4131774306297302,0.0157188773630212,0.25
E13469,469,24,complex,"['WNBC (AM)', 'WNBC', ""New York's WNBC (AM)"", 'Enterprise Radio Network']",What was the first all-sports talk radio station?,"
The inaugural all-sports talk radio station was WNBC, which debuted in March 1964 under the aegis of its erstwhile host, the venerable Bill Mazer.","
Long Answer: Sports radio (or sports talk radio) is a radio format devoted entirely to discussion and broadcasting of sporting events. Hosted by Bill Mazer, the first sports talk radio show in history launched in March 1964 on New York's WNBC (AM). Enterprise Radio Network became the first national all-sports network, operating out of Avon, Connecticut, from New Year's Day 1981 through late September of that year before going out of business. ER had two channels, one for talk and a second for updates and play-by-play.
Context: Sports radio (or sports talk radio) is a radio format devoted entirely to discussion and broadcasting of sporting events. A widespread programming genre that has a narrow audience appeal, sports radio is characterized by an often-boisterous on-air style and extensive debate and analysis by both hosts and callers. Many sports talk stations also carry play-by-play (live commentary) of local sports teams as part of their regular programming. Hosted by Bill Mazer, the first sports talk radio show in history launched in March 1964 on New York's WNBC (AM).
Context: Enterprise Radio Network became the first national all-sports network, operating out of Avon, Connecticut, from New Year's Day 1981 through late September of that year before going out of business. ER had two channels, one for talk and a second for updates and play-by-play. ER's talk lineup included current New York Yankees voice John Sterling, New York Mets radio host Ed Coleman and former big-league pitcher Bill Denehy.",0.1814905852079391,0.0,0.25
E12470,470,15,simple,"['Augustine of Canterbury', 'Augustine', 'Felix of Burgundy', 'Felix of Dunwich', 'Birinus the Italian', 'Birinus']",Who was sent to england to convert the pagan anglo-saxons?,"
A pope named Gregory sent a man named Augustine to England to convert the Anglo-Saxons.","
Knowledge: The deities of this religion provided the basis for the names of the days of the week in the English language. What is known about the religion and its accompanying mythology have since influenced both literature and Modern Paganism.
Long Answer: Anglo-Saxon paganism only existed for a relatively short time-span, from the fifth to the eighth centuries. In 596, Pope Gregory I ordered a Gregorian mission to be launched in order to convert the Anglo-Saxons to the Roman Catholic denomination of Christianity. The leader of this mission, Augustine, probably landed in Thanet, then part of the Kingdom of Kent, in the summer of 597. The courts of the East Anglians and the Gewisse were converted by continental missionaries Felix of Burgundy and Birinus the Italian from 625 to 642. The deities of this religion provided the basis for the names of the days of the week in the English language. What is known about the religion and its accompanying mythology have since influenced both literature and Modern Paganism.
Context: Anglo-Saxon paganism only existed for a relatively short time-span, from the fifth to the eighth centuries. Our knowledge of the Christianisation process derives from Christian textual sources, as the pagans were illiterate. In 596, Pope Gregory I ordered a Gregorian mission to be launched in order to convert the Anglo-Saxons to the Roman Catholic denomination of Christianity. The leader of this mission, Augustine, probably landed in Thanet, then part of the Kingdom of Kent, in the summer of 597. While Christianity was initially restricted to Kent, it saw ""major and sustained expansion"" in the period from c. 625 to 642, when the Kentish king Eadbald sponsored a mission to the Northumbrians led by Paulinus, the Northumbrian king Oswald invited a Christian mission from Irish monks to establish themselves, and the courts of the East Anglians and the Gewisse were converted by continental missionaries Felix the Burgundian and Birinus the Italian. The next phase of the conversion took place between c.653 and 664, and entailed the Northumbrian sponsored conversion of the rulers of the East Saxons, Middle Anglians, and Mercians. In the final phase of the conversion, which took place during the 670s and 680s, the final two Anglo-Saxon kingdoms to be led by pagan rulers — in Sussex and the Isle of Wight — saw their leaders baptised.",0.1895677298307418,0.0157188773630212,0.1666666666666666
E13470,470,91,complex,"['Augustine of Canterbury', 'Augustine', 'Felix of Burgundy', 'Felix of Dunwich', 'Birinus the Italian', 'Birinus']",Who was sent to england to convert the pagan anglo-saxons?,"
The Anglo-Saxon pagan population of England was the recipient of a proselytizing campaign, precipitated by the intervention of the ecclesiastical authorities in Rome. The specific individual designated for this endeavour was Augustine of Canterbury, a renowned missionary and theologian, who was dispatched by Pope Gregory I in the year 597 to undertake this pivotal task. This inaugural mission, sanctioned by the Apostolic See, aimed to introduce the tenets of Christianity to the Anglo-Saxon tribes, thereby initiating a process of gradual conversion that would ultimately lead to the widespread adoption of Catholicism.","
Knowledge: The deities of this religion provided the basis for the names of the days of the week in the English language. What is known about the religion and its accompanying mythology have since influenced both literature and Modern Paganism.
Long Answer: Anglo-Saxon paganism only existed for a relatively short time-span, from the fifth to the eighth centuries. In 596, Pope Gregory I ordered a Gregorian mission to be launched in order to convert the Anglo-Saxons to the Roman Catholic denomination of Christianity. The leader of this mission, Augustine, probably landed in Thanet, then part of the Kingdom of Kent, in the summer of 597. The courts of the East Anglians and the Gewisse were converted by continental missionaries Felix of Burgundy and Birinus the Italian from 625 to 642. The deities of this religion provided the basis for the names of the days of the week in the English language. What is known about the religion and its accompanying mythology have since influenced both literature and Modern Paganism.
Context: Anglo-Saxon paganism only existed for a relatively short time-span, from the fifth to the eighth centuries. Our knowledge of the Christianisation process derives from Christian textual sources, as the pagans were illiterate. In 596, Pope Gregory I ordered a Gregorian mission to be launched in order to convert the Anglo-Saxons to the Roman Catholic denomination of Christianity. The leader of this mission, Augustine, probably landed in Thanet, then part of the Kingdom of Kent, in the summer of 597. While Christianity was initially restricted to Kent, it saw ""major and sustained expansion"" in the period from c. 625 to 642, when the Kentish king Eadbald sponsored a mission to the Northumbrians led by Paulinus, the Northumbrian king Oswald invited a Christian mission from Irish monks to establish themselves, and the courts of the East Anglians and the Gewisse were converted by continental missionaries Felix the Burgundian and Birinus the Italian. The next phase of the conversion took place between c.653 and 664, and entailed the Northumbrian sponsored conversion of the rulers of the East Saxons, Middle Anglians, and Mercians. In the final phase of the conversion, which took place during the 670s and 680s, the final two Anglo-Saxon kingdoms to be led by pagan rulers — in Sussex and the Isle of Wight — saw their leaders baptised.",0.0603524111211299,0.0046504091937697,0.3333333333333333
E12471,471,17,simple,"['Arkansas National Guard', 'Task Force 153rd Infantry', '1st Battalion, 153rd Infantry Regiment']",Who escorted the little rock nine to school?,"
The Little Rock Nine was escorted to school by the US Army and the US National Guard.","
Knowledge: On May 17, 1954, the U.S Supreme Court ruled that racial segregation of public schools was unconstitutional in the United States.[1] That ruling would focus the spotlight of national attention in the United States upon the Arkansas National Guard and the integration of Central High School. The Arkansas National Guard was drawn into the conflict when Governor Orval Faubus ordered them to ""Preserve the Peace"" by turning away the black students who were attempting to integrate into Little Rock's Central High School. United States President Dwight D. Eisenhower reacted to this use of the Guard to foil the court-ordered integration by federalizing the entire Arkansas National Guard and using it to protect the nine black students integrating Central High School.
Long Answer: On May 17, 1954, the U.S Supreme Court ruled that racial segregation of public schools was unconstitutional in the United States. That ruling would focus the spotlight of national attention in the United States upon the Arkansas National Guard and the integration of Central High School. The Arkansas National Guard was drawn into the conflict when Governor Orval Faubus ordered them to ""Preserve the Peace"" by turning away the black students who were attempting to integrate into Little Rock's Central High School. United States President Dwight D. Eisenhower reacted to this use of the Guard to foil the court-ordered integration by federalizing the entire Arkansas National Guard and using it to protect the nine black students integrating Central High School. The 1st Battalion, 153rd Infantry Regiment performed this duty.
Context: Beginning with night patrols on the 25th, the Arkansas units worked with the 101st Airborne Division, gradually taking over more of the responsibility. By the 30th the Arkansas National Guard had full responsibility for escorting the black students to and from Central High and for providing them with protection while inside the school. The majority of the Arkansas National Guard was released from active duty on October 1, 1957. The initial force of 1,200 assembled at Camp Robinson for duty at Central High School, was gradually reduced to 435 officers and men. The 1st Battalion, 153rd Infantry Regiment (referred to as Task Force 153rd Infantry in the situational reports to President Eisenhower) performed this duty.",0.1947961449623108,0.0115027836199,0.0
E13471,471,33,complex,"['Arkansas National Guard', 'Task Force 153rd Infantry', '1st Battalion, 153rd Infantry Regiment']",Who escorted the little rock nine to school?,"
The nine African American students who were attempting to integrate Little Rock's Central High School in 1957 were escorted to school by the 1st Battalion, 153rd Infantry Regiment of the Arkansas National Guard.","
Knowledge: On May 17, 1954, the U.S Supreme Court ruled that racial segregation of public schools was unconstitutional in the United States.[1] That ruling would focus the spotlight of national attention in the United States upon the Arkansas National Guard and the integration of Central High School. The Arkansas National Guard was drawn into the conflict when Governor Orval Faubus ordered them to ""Preserve the Peace"" by turning away the black students who were attempting to integrate into Little Rock's Central High School. United States President Dwight D. Eisenhower reacted to this use of the Guard to foil the court-ordered integration by federalizing the entire Arkansas National Guard and using it to protect the nine black students integrating Central High School.
Long Answer: On May 17, 1954, the U.S Supreme Court ruled that racial segregation of public schools was unconstitutional in the United States. That ruling would focus the spotlight of national attention in the United States upon the Arkansas National Guard and the integration of Central High School. The Arkansas National Guard was drawn into the conflict when Governor Orval Faubus ordered them to ""Preserve the Peace"" by turning away the black students who were attempting to integrate into Little Rock's Central High School. United States President Dwight D. Eisenhower reacted to this use of the Guard to foil the court-ordered integration by federalizing the entire Arkansas National Guard and using it to protect the nine black students integrating Central High School. The 1st Battalion, 153rd Infantry Regiment performed this duty.
Context: Beginning with night patrols on the 25th, the Arkansas units worked with the 101st Airborne Division, gradually taking over more of the responsibility. By the 30th the Arkansas National Guard had full responsibility for escorting the black students to and from Central High and for providing them with protection while inside the school. The majority of the Arkansas National Guard was released from active duty on October 1, 1957. The initial force of 1,200 assembled at Camp Robinson for duty at Central High School, was gradually reduced to 435 officers and men. The 1st Battalion, 153rd Infantry Regiment (referred to as Task Force 153rd Infantry in the situational reports to President Eisenhower) performed this duty.",0.3587160110473633,0.1209255599262588,0.6666666666666666
E12472,472,18,simple,"['central Paris', 'overlooking the Place Vendôme', '1st arrondissement', 'France']",Where is the ritz hotel in paris located?,"
The Ritz hotel in Paris is in the heart of the city. It is near the Place Vendôme.","
Long Answer: The Ritz Paris is a hotel in central Paris, overlooking the Place Vendôme in the city's 1st arrondissement. The Ritz Paris is ranked among the most luxurious hotels in the world. Rooms and suites range from US$1,330 to $20,000 per night. The Imperial Suite (""Suite Impériale"") is the finest suite of the hotel, and is listed as a National Monument of France in its own right.
Context: The Ritz Paris is a hotel in central Paris, overlooking the Place Vendôme in the city's 1st arrondissement. A member of the Leading Hotels of the World marketing group, the Ritz Paris is ranked among the most luxurious hotels in the world. Rooms and suites range from US$1,330 to $20,000 per night.
Context: The Imperial Suite (""Suite Impériale"") is the finest suite of the hotel, and is listed as a National Monument of France in its own right. The Imperial Suite is located on the first floor and consists of two bedrooms, a grand salon, and a dining room. The suite features ceilings, great chandeliers and windows overlooking the Place Vendôme, a massive long gold framed Baroque mirror between the windows, red and gold upholstery and a four-poster bed said to be identical to that in Marie Antoinette's bedroom in the Palace of Versailles. The other bedroom is in the style of Louis XVI, with a baldachin bed and columns. The suite is lavishly decorated in French art, bas-reliefs and 18th-century panelling which is protected under the suite's historic monument status. The bathroom is a former boudoir overlooking the Vendôme garden, with 18th-century panelling and a Jacuzzi bath and steam-bath shower and has its own plasma television and cosmetics fridge, juxtaposing old French tradition with the modernity of the 21st century. As well as facilities such as a DVD player, high-speed internet, and fax, the suite features a Porsche Design kitchenette with CHROMA knives near the salon and has its own small personal wine cellar filled with a variety of French wines. Over the years the suite has hosted some of the world's most prestigious guests from the Shah of Iran to George H. W. Bush. The suite was Hermann Göring's choice of residence during the Second World War and it was where Diana, Princess of Wales and Dodi Al-Fayed ate their last meal. The World Travel Awards of 2007 selected the Imperial Suite as ""Europe's Leading Suite"".",0.4156752526760101,0.0252811686973949,0.0
E13472,472,39,complex,"['central Paris', 'overlooking the Place Vendôme', '1st arrondissement', 'France']",Where is the ritz hotel in paris located?,"
The Ritz Paris, a paradigm of luxury and opulence, is situated in the heart of the City of Light, specifically in the 1st arrondissement of Paris, overlooking the iconic Place Vendôme, a majestic hub of cultural and historical significance.","
Long Answer: The Ritz Paris is a hotel in central Paris, overlooking the Place Vendôme in the city's 1st arrondissement. The Ritz Paris is ranked among the most luxurious hotels in the world. Rooms and suites range from US$1,330 to $20,000 per night. The Imperial Suite (""Suite Impériale"") is the finest suite of the hotel, and is listed as a National Monument of France in its own right.
Context: The Ritz Paris is a hotel in central Paris, overlooking the Place Vendôme in the city's 1st arrondissement. A member of the Leading Hotels of the World marketing group, the Ritz Paris is ranked among the most luxurious hotels in the world. Rooms and suites range from US$1,330 to $20,000 per night.
Context: The Imperial Suite (""Suite Impériale"") is the finest suite of the hotel, and is listed as a National Monument of France in its own right. The Imperial Suite is located on the first floor and consists of two bedrooms, a grand salon, and a dining room. The suite features ceilings, great chandeliers and windows overlooking the Place Vendôme, a massive long gold framed Baroque mirror between the windows, red and gold upholstery and a four-poster bed said to be identical to that in Marie Antoinette's bedroom in the Palace of Versailles. The other bedroom is in the style of Louis XVI, with a baldachin bed and columns. The suite is lavishly decorated in French art, bas-reliefs and 18th-century panelling which is protected under the suite's historic monument status. The bathroom is a former boudoir overlooking the Vendôme garden, with 18th-century panelling and a Jacuzzi bath and steam-bath shower and has its own plasma television and cosmetics fridge, juxtaposing old French tradition with the modernity of the 21st century. As well as facilities such as a DVD player, high-speed internet, and fax, the suite features a Porsche Design kitchenette with CHROMA knives near the salon and has its own small personal wine cellar filled with a variety of French wines. Over the years the suite has hosted some of the world's most prestigious guests from the Shah of Iran to George H. W. Bush. The suite was Hermann Göring's choice of residence during the Second World War and it was where Diana, Princess of Wales and Dodi Al-Fayed ate their last meal. The World Travel Awards of 2007 selected the Imperial Suite as ""Europe's Leading Suite"".",0.2330922931432724,0.0150024398042848,0.25
E12473,473,8,simple,"['11 miles', '7.53 miles']",How far is vidor tx from beaumont tx?,"
Vidor, Texas is 11 miles from Beaumont, Texas.","
Knowledge: Vidor (/ˈvaɪdər/ VY-dər) is a city in western Orange County, Texas, United States.
Knowledge: The town is mainly a bedroom community for the nearby refining complexes in Beaumont and Port Arthur and is part of the Beaumont-Port Arthur metropolitan statistical area.
Long Answer: Vidor is a city in western Orange County, Texas, United States. The town is mainly a bedroom community for the nearby refining complexes in Beaumont and Port Arthur and is part of the Beaumont-Port Arthur metropolitan statistical area. Vidor is 11 miles away from Beaumont by car and 7.53 miles away from Beaumont in a southwest direction.",0.4322498142719269,0.0587394909469921,0.5
E13473,473,44,complex,"['11 miles', '7.53 miles']",How far is vidor tx from beaumont tx?,"
Vidor, a municipality situated in western Orange County, Texas, is remarkably proximal to Beaumont, a nearby urban center. Specifically, the geographical distance between Vidor, TX, and Beaumont, TX, is approximately 11 miles, which can be traversed via vehicular conveyance in a relatively brief duration.","
Knowledge: Vidor (/ˈvaɪdər/ VY-dər) is a city in western Orange County, Texas, United States.
Knowledge: The town is mainly a bedroom community for the nearby refining complexes in Beaumont and Port Arthur and is part of the Beaumont-Port Arthur metropolitan statistical area.
Long Answer: Vidor is a city in western Orange County, Texas, United States. The town is mainly a bedroom community for the nearby refining complexes in Beaumont and Port Arthur and is part of the Beaumont-Port Arthur metropolitan statistical area. Vidor is 11 miles away from Beaumont by car and 7.53 miles away from Beaumont in a southwest direction.",0.230052188038826,0.0041856357357423,0.5
E12474,474,43,simple,"['Karen Grassle', 'Erin Cottrell']",Little house on the prairie cast caroline ingalls?,"
Caroline Ingalls was played by two different actresses in the ""Little House on the Prairie"" TV show. 

1. Karen Grassle played Caroline Ingalls in the early years of the show.
2. Erin Cottrell played Caroline Ingalls in the later years of the show.","
Knowledge: The series premiered on the NBC network on September 11, 1974.
Knowledge: Laura Ingalls Wilder's Little House on the Prairie is a 2005 family western television miniseries directed by David L. Cunningham.
Long Answer: Little House on the Prairie is an American western drama television series about a family living on a farm in Walnut Grove, Minnesota in the 1870s-1890s. The show is an adaptation of Laura Ingalls Wilder's best-selling series of Little House books. The series premiered on the NBC network on September 11, 1974 with Karen Grassle playing the character of Caroline Ingalls. Laura Ingalls Wilder's Little House on the Prairie is a 2005 family western television miniseries with Erin Cottrell playing the character of Caroline Ingalls.
Context: Little House on the Prairie (known as Little House: A New Beginning in its final season) is an American western drama television series, starring Michael Landon, Melissa Gilbert, Karen Grassle, and Melissa Sue Anderson, about a family living on a farm in Walnut Grove, Minnesota, in the 1870s, 1880s and 1890s. The show is an adaptation of Laura Ingalls Wilder's best-selling series of ""Little House"" books. Television producer and NBC executive Ed Friendly became aware of the story in the early 1970s. He asked Michael Landon to direct the pilot movie. Landon agreed on the condition that he could also play Charles Ingalls.",0.2746425867080688,0.0128198250429841,1.0
E13474,474,54,complex,"['Karen Grassle', 'Erin Cottrell']",Little house on the prairie cast caroline ingalls?,"
The inimitable Karen Grassle portrayed the role of Caroline Ingalls, the indefatigable matriarch of the Ingalls family, throughout the entirety of the venerable television series ""Little House on the Prairie"". Her portrayal of the stalwart and nurturing wife, mother, and homemaker of the Ingalls family was a definitive aspect of the show's enduring charm.","
Knowledge: The series premiered on the NBC network on September 11, 1974.
Knowledge: Laura Ingalls Wilder's Little House on the Prairie is a 2005 family western television miniseries directed by David L. Cunningham.
Long Answer: Little House on the Prairie is an American western drama television series about a family living on a farm in Walnut Grove, Minnesota in the 1870s-1890s. The show is an adaptation of Laura Ingalls Wilder's best-selling series of Little House books. The series premiered on the NBC network on September 11, 1974 with Karen Grassle playing the character of Caroline Ingalls. Laura Ingalls Wilder's Little House on the Prairie is a 2005 family western television miniseries with Erin Cottrell playing the character of Caroline Ingalls.
Context: Little House on the Prairie (known as Little House: A New Beginning in its final season) is an American western drama television series, starring Michael Landon, Melissa Gilbert, Karen Grassle, and Melissa Sue Anderson, about a family living on a farm in Walnut Grove, Minnesota, in the 1870s, 1880s and 1890s. The show is an adaptation of Laura Ingalls Wilder's best-selling series of ""Little House"" books. Television producer and NBC executive Ed Friendly became aware of the story in the early 1970s. He asked Michael Landon to direct the pilot movie. Landon agreed on the condition that he could also play Charles Ingalls.",0.0982329174876213,0.0071646785744866,0.5
E12475,475,7,simple,"['Spain', 'military family that came to the New World with Christopher Columbus']",Where does the last name marcano come from?,"
The last name Marcano comes from Spain.","
Long Answer: The Marcano family name originated in Spain. It was a military family that came to the New World with Christopher Columbus. The family later grew and spread throughout the Caribbean, where the surname became rooted in the countries of Puerto Rico, Cuba, Venezuela, and eventually Trinidad & Tobago.
Context: Marcano family name originated in Spain. The Italian version of this surname is ""Marciano"". It was a military family that came to the New World with Christopher Columbus. The Family later grew and spread throughout the Caribbean, where the surname became rooted in the countries of Puerto Rico, Cuba and Venezuela (Margarita Island) and eventually Trinidad & Tobago.",0.476464182138443,0.0,0.5
E13475,475,237,complex,"['Spain', 'military family that came to the New World with Christopher Columbus']",Where does the last name marcano come from?,"
The surname Marcano has its etymological roots in Spain, specifically originating from the Marcano family, a militaristic clan that bore a noble lineage. This lineage was historically prevalent in the Iberian Peninsula, particularly in the regions of Andalusia and Castile, where the Marcano family held positions of influence and prestige.

The name ""Marcano"" is a patronymic surname, meaning it was derived from the name of a father or ancestor, in this case, ""Marco"" (the Spanish equivalent of ""Marcus""). The suffix ""-ano"" is a common diminutive form, indicating the family's origin and connection to the patronymic structure. In Spanish, patronymic surnames were commonly employed to identify individuals by their ancestry and family lineage.

As the Marcano family expanded its territorial reach, many members settled in the Caribbean, particularly in the New World, as evidenced by the association of the surname with Christopher Columbus's expeditions. The Marcano family's expansion throughout the Caribbean, which spanned territories in Puerto Rico, Cuba, Venezuela, and Trinidad & Tobago, can be attributed to the migration patterns of Spanish colonizers during the 15th and 16th centuries.

Throughout the centuries, the Marcano surname has undergone various phonetic adaptations, giving rise to distinct variant spellings, such as ""Marcano,"" ""Marciano,"" and ""Marcanos,"" reflecting the complexities of linguistic evolution and geographic dispersion. Nonetheless, the fundamental essence of the surname remains an integral representation of the Marcano family's noble heritage and their storied history in the Iberian Peninsula and beyond.","
Long Answer: The Marcano family name originated in Spain. It was a military family that came to the New World with Christopher Columbus. The family later grew and spread throughout the Caribbean, where the surname became rooted in the countries of Puerto Rico, Cuba, Venezuela, and eventually Trinidad & Tobago.
Context: Marcano family name originated in Spain. The Italian version of this surname is ""Marciano"". It was a military family that came to the New World with Christopher Columbus. The Family later grew and spread throughout the Caribbean, where the surname became rooted in the countries of Puerto Rico, Cuba and Venezuela (Margarita Island) and eventually Trinidad & Tobago.",0.0208435989916324,0.0028745429796127,0.5
E12476,476,28,simple,"['Republic', 'Executive', 'Presidency is independent of legislature']",What form of government does the united states use?,"
The United States has a special type of government. It is a republic. In a republic, a group of people vote to choose leaders to make big decisions.","
Knowledge: The United States is a federal republic and a representative democracy with three separate branches of government, including a bicameral legislature.
Long Answer: The United States is a federal republic and a representative democracy with three separate branches of government, including a bicameral legislature. A combined head of state and government in the form of an executive president is either elected by the legislature or by the people and they are subject to parliamentary confidence during their term. In the United States, the presidency is independent of legislature.
Context: This is a list of countries by system of government. There is also a political mapping of the world that shows what form of government each country has, as well as a brief description of what each form of government entails. The list is colour-coded according to the type of government, for example: blue represents a republic with an executive head of state, and pink is a constitutional monarchy with a ceremonial head of state. The colour-coding also appears on the following map, representing the same government categories. The legend of what the different colours represent is found just below the map.
Context: A combined head of state and government in the form of an executive president is either elected by the legislature or by the people after a few candidates are nominated for the post by the legislature (in the case of Kiribati), and they are subject to parliamentary confidence during their term.",0.2276555299758911,0.0079872763523773,0.3333333333333333
E13476,476,117,complex,"['Republic', 'Executive', 'Presidency is independent of legislature']",What form of government does the united states use?,"
The United States operates under a unique system of governance, specifically a federal republic with a representative democracy, characterized by a bicameral legislature. At the executive branch, the President serves as both the head of state and head of government, distinguished from a parliamentary system in which the executive and legislative branches are separate. The President is elected through a direct electoral process by the people, and their term is not subject to parliamentary confidence, marking a distinctive feature of the American political system. This system is not explicitly defined as a parliamentary democracy, but rather as a federal republic with a representative democracy, and it has been the subject of considerable scholarly debate regarding its classification.","
Knowledge: The United States is a federal republic and a representative democracy with three separate branches of government, including a bicameral legislature.
Long Answer: The United States is a federal republic and a representative democracy with three separate branches of government, including a bicameral legislature. A combined head of state and government in the form of an executive president is either elected by the legislature or by the people and they are subject to parliamentary confidence during their term. In the United States, the presidency is independent of legislature.
Context: This is a list of countries by system of government. There is also a political mapping of the world that shows what form of government each country has, as well as a brief description of what each form of government entails. The list is colour-coded according to the type of government, for example: blue represents a republic with an executive head of state, and pink is a constitutional monarchy with a ceremonial head of state. The colour-coding also appears on the following map, representing the same government categories. The legend of what the different colours represent is found just below the map.
Context: A combined head of state and government in the form of an executive president is either elected by the legislature or by the people after a few candidates are nominated for the post by the legislature (in the case of Kiribati), and they are subject to parliamentary confidence during their term.",0.2079531252384185,0.0018310317004117,0.6666666666666666
E12477,477,15,simple,"['PewDiePie', 'YouTube Spotlight', 'PewDiePie', 'Felix Arvid Ulf Kjellberg', 'PewDiePie', 'Felix Arvid Ulf Kjellberg', 'PewDiePie']",Who has the most subscribers on youtube ever?,"
Felix Arvid Ulf Kjellberg, or PewDiePie, is the person with the most subscribers on YouTube.","
Knowledge: Felix Arvid Ulf Kjellberg (/ˈʃɛlbɜːrɡ/ SHEL-burg, Swedish: [ˈfěːlɪks ˈǎrːvɪd ɵlf ˈɕɛ̂lːbærj] (About this soundlisten);[c] born 24 October 1989), better known online as PewDiePie (/ˈpjuːdiːpaɪ/ PEW-dee-py), is a Swedish YouTuber known primarily for his Let's Play videos and comedic formatted videos and shows. Kjellberg's popularity on YouTube and extensive media coverage have made him one of the most noted online personalities and content creators.
Knowledge: On 22 December 2013, his channel overtook the YouTube Spotlight channel to once again become the most-subscribed on YouTube.[46][47]
Long Answer: Felix Arvid Ulf Kjellberg, better known online as PewDiePie, is a Swedish YouTuber known primarily for his Let's Play videos and comedic formatted videos and shows. Kjellberg's popularity on YouTube and extensive media coverage have made him one of the most noted online personalities and content creators. Throughout 2012 and 2013, Kjellberg's channel was one of the fastest growing on YouTube, in terms of subscribers gained. In 2013, the channel grew from 3.5 million to just under 19 million subscribers. As of December 8, 2013, PewDiePie had the most subscribers on YouTube ever. As of December 12, 2013, YouTube Spotlight had the most subscribers but PewDiePie overtook the YouTube Spotlight channel once again on December 22, 2013.
Context: Throughout 2012 and 2013, Kjellberg's channel was one of the fastest growing on YouTube, in terms of subscribers gained. In 2013, the channel grew from 3.5 million to just under 19 million subscribers, and by the end of 2013, it was gaining a new subscriber every 1.037 seconds. ""Billboard"" reported that the PewDiePie channel gained more subscribers than any other channel in 2013. Additionally, in the second half of 2013, it earned just under 1.3 billion video views.
Context: Kjellberg became the most-subscribed user on YouTube on 15 August 2013 (being briefly surpassed in late 2013 by YouTube Spotlight). He held the title until early 2019, when he publicly vied for it with Indian record label T-Series, before the company established a significant lead in April 2019 and Kjellberg conceded the position. For two years (from 29 December 2014 to 14 February 2017), Kjellberg's channel was the most-viewed channel on YouTube. , the channel has received over 102 million subscribers and 24 billion video views, ranking as the second-most-subscribed and thirteenth-most-viewed channel on the platform, and the most-subscribed and most-viewed channel operated by an individual.
Context: Throughout 2012 and 2013, Kjellberg's channel was one of the fastest growing on YouTube, in terms of subscribers gained. In 2013, the channel grew from 3.5 million to just under 19 million subscribers, and by the end of 2013, it was gaining a new subscriber every 1.037 seconds. ""Billboard"" reported that the PewDiePie channel gained more subscribers than any other channel in 2013. Additionally, in the second half of 2013, it earned just under 1.3 billion video views.",0.2432778030633926,0.0654186894175443,0.6666666666666666
E13477,477,103,complex,"['PewDiePie', 'YouTube Spotlight', 'PewDiePie', 'Felix Arvid Ulf Kjellberg', 'PewDiePie', 'Felix Arvid Ulf Kjellberg', 'PewDiePie']",Who has the most subscribers on youtube ever?,"
To address your query, a plethora of sources suggest that PewDiePie, an esteemed Swedish YouTuber, has garnered the distinction of being the most-subscribed individual on YouTube. His online persona, marked by an affinity for entertaining and humorous content, has captivated a vast and dedicated following. Throughout 2013, Kjellberg's channel experienced an unprecedented surge in subscribers, escalating from 3.5 million to approximately 19 million within a short span of two years. Furthermore, his channel has continued to accumulate subscribers at an alarming rate, with an estimated one new subscriber being added to his tally every 1.037 seconds during the latter half of 2013 alone.","
Knowledge: Felix Arvid Ulf Kjellberg (/ˈʃɛlbɜːrɡ/ SHEL-burg, Swedish: [ˈfěːlɪks ˈǎrːvɪd ɵlf ˈɕɛ̂lːbærj] (About this soundlisten);[c] born 24 October 1989), better known online as PewDiePie (/ˈpjuːdiːpaɪ/ PEW-dee-py), is a Swedish YouTuber known primarily for his Let's Play videos and comedic formatted videos and shows. Kjellberg's popularity on YouTube and extensive media coverage have made him one of the most noted online personalities and content creators.
Knowledge: On 22 December 2013, his channel overtook the YouTube Spotlight channel to once again become the most-subscribed on YouTube.[46][47]
Long Answer: Felix Arvid Ulf Kjellberg, better known online as PewDiePie, is a Swedish YouTuber known primarily for his Let's Play videos and comedic formatted videos and shows. Kjellberg's popularity on YouTube and extensive media coverage have made him one of the most noted online personalities and content creators. Throughout 2012 and 2013, Kjellberg's channel was one of the fastest growing on YouTube, in terms of subscribers gained. In 2013, the channel grew from 3.5 million to just under 19 million subscribers. As of December 8, 2013, PewDiePie had the most subscribers on YouTube ever. As of December 12, 2013, YouTube Spotlight had the most subscribers but PewDiePie overtook the YouTube Spotlight channel once again on December 22, 2013.
Context: Throughout 2012 and 2013, Kjellberg's channel was one of the fastest growing on YouTube, in terms of subscribers gained. In 2013, the channel grew from 3.5 million to just under 19 million subscribers, and by the end of 2013, it was gaining a new subscriber every 1.037 seconds. ""Billboard"" reported that the PewDiePie channel gained more subscribers than any other channel in 2013. Additionally, in the second half of 2013, it earned just under 1.3 billion video views.
Context: Kjellberg became the most-subscribed user on YouTube on 15 August 2013 (being briefly surpassed in late 2013 by YouTube Spotlight). He held the title until early 2019, when he publicly vied for it with Indian record label T-Series, before the company established a significant lead in April 2019 and Kjellberg conceded the position. For two years (from 29 December 2014 to 14 February 2017), Kjellberg's channel was the most-viewed channel on YouTube. , the channel has received over 102 million subscribers and 24 billion video views, ranking as the second-most-subscribed and thirteenth-most-viewed channel on the platform, and the most-subscribed and most-viewed channel operated by an individual.
Context: Throughout 2012 and 2013, Kjellberg's channel was one of the fastest growing on YouTube, in terms of subscribers gained. In 2013, the channel grew from 3.5 million to just under 19 million subscribers, and by the end of 2013, it was gaining a new subscriber every 1.037 seconds. ""Billboard"" reported that the PewDiePie channel gained more subscribers than any other channel in 2013. Additionally, in the second half of 2013, it earned just under 1.3 billion video views.",0.163602203130722,0.0,0.3333333333333333
E12478,478,11,simple,"['brackish', 'brackish water', 'estuary', 'saltwater intrusion', 'groundwater extraction']",Whats it called when fresh and saltwater meet?,"
When fresh and saltwater meet, it's called a brackish water area.","
Knowledge: The River Thames flowing through London is a classic river estuary.
Long Answer: Brackish water condition commonly occurs when fresh water meets seawater. The most extensive brackish water habitats worldwide are estuaries, where a river meets the sea. The River Thames flowing through London is a classic river estuary. Saltwater intrusion is the movement of saline water into freshwater aquifers, which can lead to groundwater quality degradation, including drinking water sources, and other consequences. Groundwater extraction is the primary cause of saltwater intrusion. Groundwater extraction can lower the level of the freshwater table, reducing the pressure exerted by the freshwater column and allowing the denser saltwater to move inland laterally.
Context: Brackish water condition commonly occurs when fresh water meets seawater. In fact, the most extensive brackish water habitats worldwide are estuaries, where a river meets the sea.
Context: This type of ecological succession from a freshwater to marine ecosystem is typical of river estuaries. River estuaries form important staging points during the migration of anadromous and catadromous fish species, such as salmon, shad, and eels, giving them time to form social groups and to adjust to the changes in salinity. Salmon are anadromous, meaning they live in the sea but ascend rivers to spawn; eels are catadromous, living in rivers and streams, but returning to the sea to breed. Besides the species that migrate through estuaries, there are many other fish that use them as ""nursery grounds"" for spawning or as places young fish can feed and grow before moving elsewhere. Herring and plaice are two commercially important species that use the Thames Estuary for this purpose.
Context: Saltwater intrusion is the movement of saline water into freshwater aquifers, which can lead to groundwater quality degradation, including drinking water sources, and other consequences. Saltwater intrusion can naturally occur in coastal aquifers, owing to the hydraulic connection between groundwater and seawater. Because saline water has a higher mineral content than freshwater, it is denser and has a higher water pressure. As a result, saltwater can push inland beneath the freshwater. Certain human activities, especially groundwater pumping from coastal freshwater wells, have increased saltwater intrusion in many coastal areas. Water extraction drops the level of fresh groundwater, reducing its water pressure and allowing saltwater to flow further inland. Other contributors to saltwater intrusion include navigation channels or agricultural and drainage channels, which provide conduits for saltwater to move inland. Sea level rise could also contribute to saltwater intrusion. Saltwater intrusion can also be worsened by extreme events like hurricane storm surges.
Context: Groundwater extraction is the primary cause of saltwater intrusion. Groundwater is the main source of drinking water in many coastal areas of the United States, and extraction has increased over time. Under baseline conditions, the inland extent of saltwater is limited by higher pressure exerted by the freshwater column, owing to its higher elevation. Groundwater extraction can lower the level of the freshwater table, reducing the pressure exerted by the freshwater column and allowing the denser saltwater to move inland laterally. In Cape May, New Jersey, since the 1940s water withdrawals have lowered groundwater levels by up to 30 meters, reducing the water table to below sea level and causing widespread intrusion and contamination of water supply wells.",0.1664845496416092,0.044116293593227,0.4
E13478,478,76,complex,"['brackish', 'brackish water', 'estuary', 'saltwater intrusion', 'groundwater extraction']",Whats it called when fresh and saltwater meet?,"
The confluence of fresh and saltwater is denominated as a brackish environment, characterized by a mixture of the two bodies of water, resulting in a salinity level that is intermediate between that of pure freshwater and pure seawater. This phenomenon is often referred to as brackish water or brine, and it is commonly found in river estuaries, such as the Thames Estuary, where the freshwater flow from the river meets the saline influx from the sea.","
Knowledge: The River Thames flowing through London is a classic river estuary.
Long Answer: Brackish water condition commonly occurs when fresh water meets seawater. The most extensive brackish water habitats worldwide are estuaries, where a river meets the sea. The River Thames flowing through London is a classic river estuary. Saltwater intrusion is the movement of saline water into freshwater aquifers, which can lead to groundwater quality degradation, including drinking water sources, and other consequences. Groundwater extraction is the primary cause of saltwater intrusion. Groundwater extraction can lower the level of the freshwater table, reducing the pressure exerted by the freshwater column and allowing the denser saltwater to move inland laterally.
Context: Brackish water condition commonly occurs when fresh water meets seawater. In fact, the most extensive brackish water habitats worldwide are estuaries, where a river meets the sea.
Context: This type of ecological succession from a freshwater to marine ecosystem is typical of river estuaries. River estuaries form important staging points during the migration of anadromous and catadromous fish species, such as salmon, shad, and eels, giving them time to form social groups and to adjust to the changes in salinity. Salmon are anadromous, meaning they live in the sea but ascend rivers to spawn; eels are catadromous, living in rivers and streams, but returning to the sea to breed. Besides the species that migrate through estuaries, there are many other fish that use them as ""nursery grounds"" for spawning or as places young fish can feed and grow before moving elsewhere. Herring and plaice are two commercially important species that use the Thames Estuary for this purpose.
Context: Saltwater intrusion is the movement of saline water into freshwater aquifers, which can lead to groundwater quality degradation, including drinking water sources, and other consequences. Saltwater intrusion can naturally occur in coastal aquifers, owing to the hydraulic connection between groundwater and seawater. Because saline water has a higher mineral content than freshwater, it is denser and has a higher water pressure. As a result, saltwater can push inland beneath the freshwater. Certain human activities, especially groundwater pumping from coastal freshwater wells, have increased saltwater intrusion in many coastal areas. Water extraction drops the level of fresh groundwater, reducing its water pressure and allowing saltwater to flow further inland. Other contributors to saltwater intrusion include navigation channels or agricultural and drainage channels, which provide conduits for saltwater to move inland. Sea level rise could also contribute to saltwater intrusion. Saltwater intrusion can also be worsened by extreme events like hurricane storm surges.
Context: Groundwater extraction is the primary cause of saltwater intrusion. Groundwater is the main source of drinking water in many coastal areas of the United States, and extraction has increased over time. Under baseline conditions, the inland extent of saltwater is limited by higher pressure exerted by the freshwater column, owing to its higher elevation. Groundwater extraction can lower the level of the freshwater table, reducing the pressure exerted by the freshwater column and allowing the denser saltwater to move inland laterally. In Cape May, New Jersey, since the 1940s water withdrawals have lowered groundwater levels by up to 30 meters, reducing the water table to below sea level and causing widespread intrusion and contamination of water supply wells.",0.135911077260971,0.0055869264595367,0.6
E12479,479,69,simple,"['Congress', 'United States Congress', 'Interstate Commerce Commission (ICC)', 'ICC', 'Interstate Commerce Commission', 'Federal Trade Commission (FTC)', 'Federal Trade Commission', 'FTC']",Who has the responsibility to regulate interstate commerce?,"
The government is in charge of regulating interstate commerce. 

Before, there was an agency called the Interstate Commerce Commission (ICC). It was like a team of people who helped make sure that businesses were being fair to people who traveled between states.

But now, the Surface Transportation Board is in charge of regulating interstate commerce. They make sure that people and businesses are following the rules of the road.","
Knowledge: The Interstate Commerce Commission (ICC) was a regulatory agency in the United States created by the Interstate Commerce Act of 1887. The agency's original purpose was to regulate railroads (and later trucking) to ensure fair rates, to eliminate rate discrimination, and to regulate other aspects of common carriers, including interstate bus lines and telephone companies. Congress expanded ICC authority to regulate other modes of commerce beginning in 1906. Throughout the 20th century, several of ICC's authorities were transferred to other federal agencies. The ICC was abolished in 1995, and its remaining functions were transferred to the Surface Transportation Board.
Knowledge: The FTC was established in 1914 with the passage of the Federal Trade Commission Act.
Knowledge: Since its inception, the FTC has enforced the provisions of the Clayton Act, a key antitrust statute, as well as the provisions of the FTC Act, 15 U.S.C. § 41 et seq.
Long Answer: The Commerce Clause describes an enumerated power listed in the United States Constitution. The clause states that the United States Congress shall have power ""To regulate Commerce with foreign Nations, and among the several States, and with the Indian Tribes."" The Interstate Commerce Commission (ICC) was a regulatory agency in the United States created by the Interstate Commerce Act of 1887. Congress expanded ICC authority to regulate other modes of commerce beginning in 1906. The ICC was abolished in 1995, and its remaining functions were transferred to the Surface Transportation Board. The FTC, which is patterned after the ICC, was established in 1914 and has enforced the provisions of the Clayton Act, a key antitrust statute.
Context: The Commerce Clause describes an enumerated power listed in the United States Constitution (). The clause states that the United States Congress shall have power ""To regulate Commerce with foreign Nations, and among the several States, and with the Indian Tribes."" Courts and commentators have tended to discuss each of these three areas of commerce as a separate power granted to Congress. It is common to see the individual components of the Commerce Clause referred to under specific terms: the Foreign Commerce Clause, the Interstate Commerce Clause, and the Indian Commerce Clause.
Context: The ICC served as a model for later regulatory efforts. Unlike, for example, state medical boards (historically administered by the doctors themselves), the seven Interstate Commerce Commissioners and their staffs were full-time regulators who could have no economic ties to the industries they regulated. Since 1887, some state and other federal agencies adopted this structure. And, like the ICC, later agencies tended to be organized as multi-headed independent commissions with staggered terms for the commissioners. At the federal level, agencies patterned after the ICC included the Federal Trade Commission (1914), the Federal Communications Commission (1934), the U.S. Securities and Exchange Commission (1934), the National Labor Relations Board (1935), the Civil Aeronautics Board (1940), Postal Regulatory Commission (1970) and the Consumer Product Safety Commission (1975).",0.1645654588937759,0.0130404814945167,0.375
E13479,479,248,complex,"['Congress', 'United States Congress', 'Interstate Commerce Commission (ICC)', 'ICC', 'Interstate Commerce Commission', 'Federal Trade Commission (FTC)', 'Federal Trade Commission', 'FTC']",Who has the responsibility to regulate interstate commerce?,"
The regulation of interstate commerce is a paradigmatic responsibility vested in the federal government, specifically through the agency known as the Federal Trade Commission (FTC) and, historically, the Interstate Commerce Commission (ICC). The FTC, an instrumentality of the federal government, has been tasked with the singular aim of safeguarding the competitiveness and vitality of the marketplace through the enforcement of the antitrust provisions of the Sherman Antitrust Act and the Clayton Antitrust Act, as well as the Federal Trade Commission Act.

Historically, the ICC, created in 1887 by the Interstate Commerce Act, also wielded significant authority in regulating interstate commerce, particularly with regards to the rates and practices of common carriers, including railroads, trucking companies, and telegraph companies. However, the ICC's mandate was somewhat curtailed in 1906, when Congress extended the agency's purview to include regulation of other modes of commerce, such as trucking and telephone companies.

In 1995, the ICC's authority was supplanted by the Surface Transportation Board, an agency specifically designated to oversee the transportation sector. Nonetheless, the FTC remains the primary federal agency responsible for regulating interstate commerce in the realms of competition and consumer protection, continuing to uphold the principles of fair competition and market openness established by the antitrust framework of the Sherman Act and the Clayton Antitrust Act.

Therefore, to answer the query, it is the Federal Trade Commission (FTC) that has the responsibility to regulate interstate commerce, with a complementary role played by the Surface Transportation Board in the transportation sector.","
Knowledge: The Interstate Commerce Commission (ICC) was a regulatory agency in the United States created by the Interstate Commerce Act of 1887. The agency's original purpose was to regulate railroads (and later trucking) to ensure fair rates, to eliminate rate discrimination, and to regulate other aspects of common carriers, including interstate bus lines and telephone companies. Congress expanded ICC authority to regulate other modes of commerce beginning in 1906. Throughout the 20th century, several of ICC's authorities were transferred to other federal agencies. The ICC was abolished in 1995, and its remaining functions were transferred to the Surface Transportation Board.
Knowledge: The FTC was established in 1914 with the passage of the Federal Trade Commission Act.
Knowledge: Since its inception, the FTC has enforced the provisions of the Clayton Act, a key antitrust statute, as well as the provisions of the FTC Act, 15 U.S.C. § 41 et seq.
Long Answer: The Commerce Clause describes an enumerated power listed in the United States Constitution. The clause states that the United States Congress shall have power ""To regulate Commerce with foreign Nations, and among the several States, and with the Indian Tribes."" The Interstate Commerce Commission (ICC) was a regulatory agency in the United States created by the Interstate Commerce Act of 1887. Congress expanded ICC authority to regulate other modes of commerce beginning in 1906. The ICC was abolished in 1995, and its remaining functions were transferred to the Surface Transportation Board. The FTC, which is patterned after the ICC, was established in 1914 and has enforced the provisions of the Clayton Act, a key antitrust statute.
Context: The Commerce Clause describes an enumerated power listed in the United States Constitution (). The clause states that the United States Congress shall have power ""To regulate Commerce with foreign Nations, and among the several States, and with the Indian Tribes."" Courts and commentators have tended to discuss each of these three areas of commerce as a separate power granted to Congress. It is common to see the individual components of the Commerce Clause referred to under specific terms: the Foreign Commerce Clause, the Interstate Commerce Clause, and the Indian Commerce Clause.
Context: The ICC served as a model for later regulatory efforts. Unlike, for example, state medical boards (historically administered by the doctors themselves), the seven Interstate Commerce Commissioners and their staffs were full-time regulators who could have no economic ties to the industries they regulated. Since 1887, some state and other federal agencies adopted this structure. And, like the ICC, later agencies tended to be organized as multi-headed independent commissions with staggered terms for the commissioners. At the federal level, agencies patterned after the ICC included the Federal Trade Commission (1914), the Federal Communications Commission (1934), the U.S. Securities and Exchange Commission (1934), the National Labor Relations Board (1935), the Civil Aeronautics Board (1940), Postal Regulatory Commission (1970) and the Consumer Product Safety Commission (1975).",0.1805595159530639,0.0134271195313055,0.875
E12480,480,8,simple,"['Cher', 'Giulio Berruti', 'Hannah Arterton', 'Raf', 'Taylor']",Who sings if we could turn back time?,"
Cher sings ""If I Could Turn Back Time"".","
Knowledge: ""If I Could Turn Back Time"" is a song recorded by American singer and actress Cher for her nineteenth studio album Heart of Stone (1989).
Knowledge: Highly successful around the globe, ""If I Could Turn Back Time"" was seen as a major comeback for Cher in the late 1980s.
Knowledge: Walking on Sunshine is a 2014 British romantic jukebox musical comedy-drama film directed by Max Giwa and Dania Pasquini.
Long Answer: If I Could Turn Back Time is a song recorded by American singer and actress Cher for her nineteenth studio album Heart of Stone (1989). Highly successful around the globe, If I Could Turn Back Time was seen as a major comeback for Cher in the late 1980s. In the film Walking on Sunshine, a 2014 British romantic jukebox musical comedy-drama film, there is a version of this song performed by the protagonists Taylor (Hannah Arterton) and Raf (Giulio Berruti).
Context: In the film ""Walking on Sunshine"", there is a version of this song performed by the protagonists Taylor (Hannah Arterton) and Raf (Giulio Berruti).",0.3733569681644439,0.0277761903401179,0.2
E13480,480,93,complex,"['Cher', 'Giulio Berruti', 'Hannah Arterton', 'Raf', 'Taylor']",Who sings if we could turn back time?,"
The melodic masterpiece ""If I Could Turn Back Time"" is a song renowned for its enduring popularity, and its vocally impressive rendition is performed by the iconic American chanteuse, Cher. This iconic track was initially released as part of her nineteenth studio album, ""Heart of Stone,"" in 1989, marking a pivotal comeback for the legendary singer in the late 1980s. Notably, the song has been featured in the 2014 British romantic jukebox musical comedy-drama film ""Walking on Sunshine,"" where it is performed by the film's protagonists, Taylor (Hannah Arterton) and Raf (Giulio Berruti).","
Knowledge: ""If I Could Turn Back Time"" is a song recorded by American singer and actress Cher for her nineteenth studio album Heart of Stone (1989).
Knowledge: Highly successful around the globe, ""If I Could Turn Back Time"" was seen as a major comeback for Cher in the late 1980s.
Knowledge: Walking on Sunshine is a 2014 British romantic jukebox musical comedy-drama film directed by Max Giwa and Dania Pasquini.
Long Answer: If I Could Turn Back Time is a song recorded by American singer and actress Cher for her nineteenth studio album Heart of Stone (1989). Highly successful around the globe, If I Could Turn Back Time was seen as a major comeback for Cher in the late 1980s. In the film Walking on Sunshine, a 2014 British romantic jukebox musical comedy-drama film, there is a version of this song performed by the protagonists Taylor (Hannah Arterton) and Raf (Giulio Berruti).
Context: In the film ""Walking on Sunshine"", there is a version of this song performed by the protagonists Taylor (Hannah Arterton) and Raf (Giulio Berruti).",0.3222285509109497,0.0023113665798362,1.0
E12481,481,11,simple,"['George Salazar', 'Jorrel Javier', 'Jorrel Javier']",Who plays dionysus in the lightning thief musical?,"
Dionysus is played by Jorrel Javier in the Lightning Thief musical.","
Knowledge: The Lightning Thief: The Percy Jackson Musical is a musical with music and lyrics by Rob Rokicki and a book by Joe Tracz, based on the 2005 novel of the same name by Rick Riordan. The musical follows Percy Jackson, a teenager who newly discovers that he is a demigod and goes on an epic quest to find Zeus' missing lightning bolt and prevent a war between the Greek gods.
Knowledge: The camp director, Mr. D (who is actually Dionysus, god of wine and madness), reluctantly explains to Percy that he is a demigod, the son of a human and a Greek god (""Another Terrible Day"").
Long Answer: The Lightning Thief: The Percy Jackson Musical is a musical based on the 2005 novel of the same name by Rick Riordan. The musical follows Percy Jackson, a teenager who newly discovers that he is a demigod and goes on an epic quest to find Zeus' missing lightning bolt and prevent a war between the Greek gods. In the original off-Broadway production in 2017, George Salazar played Dionysus, the god of wine and madness. In the original 2019 Broadway production of The Lightning thief and the US tour, Jorrel Javier played Dionysus.",0.2820847630500793,0.0398635712826801,0.5
E13481,481,43,complex,"['George Salazar', 'Jorrel Javier', 'Jorrel Javier']",Who plays dionysus in the lightning thief musical?,"
In the Lightning Thief: The Percy Jackson Musical, Dionysus, the deity of wine, ecstasy, and madness, is portrayed by George Salazar in the original off-Broadway production of 2017, and subsequently by Jorrel Javier in the original 2019 Broadway production and the US tour.","
Knowledge: The Lightning Thief: The Percy Jackson Musical is a musical with music and lyrics by Rob Rokicki and a book by Joe Tracz, based on the 2005 novel of the same name by Rick Riordan. The musical follows Percy Jackson, a teenager who newly discovers that he is a demigod and goes on an epic quest to find Zeus' missing lightning bolt and prevent a war between the Greek gods.
Knowledge: The camp director, Mr. D (who is actually Dionysus, god of wine and madness), reluctantly explains to Percy that he is a demigod, the son of a human and a Greek god (""Another Terrible Day"").
Long Answer: The Lightning Thief: The Percy Jackson Musical is a musical based on the 2005 novel of the same name by Rick Riordan. The musical follows Percy Jackson, a teenager who newly discovers that he is a demigod and goes on an epic quest to find Zeus' missing lightning bolt and prevent a war between the Greek gods. In the original off-Broadway production in 2017, George Salazar played Dionysus, the god of wine and madness. In the original 2019 Broadway production of The Lightning thief and the US tour, Jorrel Javier played Dionysus.",0.4559435546398163,0.0128198250429841,1.0
E12482,482,25,simple,"['Darci Lynne', 'Grace VanderWaal', 'Paul Zerdin']",Who's the winner of american got talent?,"
America's Got Talent winners are:

* Season 10: Paul Zerdin (ventriloquist)
* Season 11: Grace VanderWaal (singer)
* Season 12: Darci Lynne (singer and ventriloquist)","
Knowledge: America's Got Talent (often abbreviated as AGT) is a televised American talent show competition, and is part of the global Got Talent franchise created by Simon Cowell.
Knowledge: hose that make it into the live episodes compete against each other for both the judges' and public's vote in order to reach the live final, where the winner receives a large cash prize, primarily paid over a period of time, and, since the third season, a chance to headline a show on the Las Vegas Strip.
Knowledge: This season was won by ventriloquist Paul Zerdin, with comedian Drew Lynch coming in second, and magician mentalist Oz Pearlman placing third.
Knowledge: This season was won by singer-songwriter and musician Grace VanderWaal, with magician mentalist duo The Clairvoyants coming in second, and magician Jon Dorenbos placing third.
Knowledge: This season was won by singer ventriloquist Darci Lynne, with singer Angelica Hale coming in second, and Ukrainian dance act Light Balance placing third.
Long Answer: America's Got Talent (often abbreviated as AGT) is a televised American talent show competition. Those that make it into the live episodes compete against each other for both the judges' and public's vote in order to reach the live final, where the winner receives a large cash prize and a chance to headline a show on the Las Vegas Strip. Ventriloquist Paul Zerdin won season 10 of America's Got Talent, singer-songwriter Grace VanderWaal won in season 11, and singer ventriloquist Darci Lynne won in season 12.",0.2762839794158935,0.0277487027356058,1.0
E13482,482,114,complex,"['Darci Lynne', 'Grace VanderWaal', 'Paul Zerdin']",Who's the winner of american got talent?,"
The victor of the erstwhile renowned television program ""America's Got Talent"" (AGT) has varied across distinct seasons. Specifically, ventriloquist Paul Zerdin emerged as the champion of season 10, having outperformed his counterparts in the live episodes to secure the coveted top spot. Conversely, season 11 was won by the luminary singer-songwriter Grace VanderWaal, whose distinctive talent and artistry earned her a substantial cash prize and the opportunity to headline a prominent show on the Las Vegas Strip. In a more recent iteration, season 12 was triumphantly claimed by singer-ventriloquist Darci Lynne, whose captivating performances and unwavering dedication to her craft culminated in a triumph that cemented her place in the annals of AGT history.","
Knowledge: America's Got Talent (often abbreviated as AGT) is a televised American talent show competition, and is part of the global Got Talent franchise created by Simon Cowell.
Knowledge: hose that make it into the live episodes compete against each other for both the judges' and public's vote in order to reach the live final, where the winner receives a large cash prize, primarily paid over a period of time, and, since the third season, a chance to headline a show on the Las Vegas Strip.
Knowledge: This season was won by ventriloquist Paul Zerdin, with comedian Drew Lynch coming in second, and magician mentalist Oz Pearlman placing third.
Knowledge: This season was won by singer-songwriter and musician Grace VanderWaal, with magician mentalist duo The Clairvoyants coming in second, and magician Jon Dorenbos placing third.
Knowledge: This season was won by singer ventriloquist Darci Lynne, with singer Angelica Hale coming in second, and Ukrainian dance act Light Balance placing third.
Long Answer: America's Got Talent (often abbreviated as AGT) is a televised American talent show competition. Those that make it into the live episodes compete against each other for both the judges' and public's vote in order to reach the live final, where the winner receives a large cash prize and a chance to headline a show on the Las Vegas Strip. Ventriloquist Paul Zerdin won season 10 of America's Got Talent, singer-songwriter Grace VanderWaal won in season 11, and singer ventriloquist Darci Lynne won in season 12.",0.187617152929306,0.003975428288499,1.0
E12483,483,12,simple,"['November 19, 1976', 'October 21, 1976']",When was carry on my wayward son released?,"
The song ""Carry On Wayward Son"" was released on October 21, 1976.","
Knowledge: ""Carry On Wayward Son"" is a song recorded by American rock band Kansas for their 1976 album Leftoverture: written by band member Kerry Livgren, the song became the band's first Top 40 single, reaching No. 11 on the Billboard Hot 100 in the spring of 1977.[4]
Long Answer: Carry On Wayward Son is a song recorded by American rock band Kansas for their 1976 album Leftoverture. The song became the band's first Top 40 single, reaching No. 11 on the Billboard Hot 100 in the spring of 1977. The song was first released on the album on October 21, 1976 and was first released as a single on November 19, 1976.",0.5919367074966431,0.0360208028820736,0.5
E13483,483,29,complex,"['November 19, 1976', 'October 21, 1976']",When was carry on my wayward son released?,"
The song ""Carry On Wayward Son"" was first released on October 21, 1976, as part of the seminal album Leftoverture, a seminal recording by the American rock ensemble Kansas.","
Knowledge: ""Carry On Wayward Son"" is a song recorded by American rock band Kansas for their 1976 album Leftoverture: written by band member Kerry Livgren, the song became the band's first Top 40 single, reaching No. 11 on the Billboard Hot 100 in the spring of 1977.[4]
Long Answer: Carry On Wayward Son is a song recorded by American rock band Kansas for their 1976 album Leftoverture. The song became the band's first Top 40 single, reaching No. 11 on the Billboard Hot 100 in the spring of 1977. The song was first released on the album on October 21, 1976 and was first released as a single on November 19, 1976.",0.4869372844696045,0.0136862419575886,0.5
E12484,484,37,simple,"['Asa Whitney', 'Whitney', 'Theodore Dehone Judah', 'Theodore Judah']",Who came up with the idea to build the transcontinental railroad?,"
The first person to think about building a railroad across the United States was a man named Asa Whitney. He made a plan in 1845 to build a railroad from the Pacific coast to the Atlantic coast.","
Long Answer: A transcontinental railroad in the United States is any continuous rail line connecting a location on the U.S. Pacific coast with one or more of the railroads of the nation's eastern trunk line rail systems operating between the Missouri or Mississippi Rivers and the U.S. Atlantic coast. The first concrete plan for a transcontinental railroad in the United States was presented to Congress by Asa Whitney in 1845. Theodore Judah was a central figure in the original promotion, establishment, and design of the First Transcontinental Railroad. He found investors for what became the Central Pacific Railroad (CPRR). As chief engineer, he performed much of the land survey work to determine the best route for the railroad over the Sierra Nevada mountains, which was completed six years after his death.
Context: A transcontinental railroad in the United States is any continuous rail line connecting a location on the U.S. Pacific coast with one or more of the railroads of the nation's eastern trunk line rail systems operating between the Missouri or Mississippi Rivers and the U.S. Atlantic coast. The first concrete plan for a transcontinental railroad in the United States was presented to Congress by Asa Whitney in 1845.
Context: Theodore Dehone Judah (March 4, 1826 – November 2, 1863) was an American railroad and civil engineer who was a central figure in the original promotion, establishment, and design of the First Transcontinental Railroad. He found investors for what became the Central Pacific Railroad (CPRR). As chief engineer, he performed much of the land survey work to determine the best route for the railroad over the Sierra Nevada mountains, which was completed six years after his death.",0.357022613286972,0.0050117246628245,0.5
E13484,484,49,complex,"['Asa Whitney', 'Whitney', 'Theodore Dehone Judah', 'Theodore Judah']",Who came up with the idea to build the transcontinental railroad?,"
The genesis of the transcontinental railroad initiative can be attributed to the visionary entrepreneur, Asa Whitney, who presented the first concrete plan to Congress in 1845. Whitney's entrepreneurial spirit and foresight were instrumental in precipitating the monumental undertaking that would eventually connect the United States' eastern and western regions.","
Long Answer: A transcontinental railroad in the United States is any continuous rail line connecting a location on the U.S. Pacific coast with one or more of the railroads of the nation's eastern trunk line rail systems operating between the Missouri or Mississippi Rivers and the U.S. Atlantic coast. The first concrete plan for a transcontinental railroad in the United States was presented to Congress by Asa Whitney in 1845. Theodore Judah was a central figure in the original promotion, establishment, and design of the First Transcontinental Railroad. He found investors for what became the Central Pacific Railroad (CPRR). As chief engineer, he performed much of the land survey work to determine the best route for the railroad over the Sierra Nevada mountains, which was completed six years after his death.
Context: A transcontinental railroad in the United States is any continuous rail line connecting a location on the U.S. Pacific coast with one or more of the railroads of the nation's eastern trunk line rail systems operating between the Missouri or Mississippi Rivers and the U.S. Atlantic coast. The first concrete plan for a transcontinental railroad in the United States was presented to Congress by Asa Whitney in 1845.
Context: Theodore Dehone Judah (March 4, 1826 – November 2, 1863) was an American railroad and civil engineer who was a central figure in the original promotion, establishment, and design of the First Transcontinental Railroad. He found investors for what became the Central Pacific Railroad (CPRR). As chief engineer, he performed much of the land survey work to determine the best route for the railroad over the Sierra Nevada mountains, which was completed six years after his death.",0.1866340935230255,0.0037447837904003,0.5
E12485,485,11,simple,"['Charles Cornwallis, 1st Marquess Cornwallis', 'His Excellency General The Most Honourable The Marquess Cornwallis KG PC', 'Viscount Brome', 'The Earl Cornwallis', 'Charles Cornwallis', 'Lord Cornwallis', 'Lieutenant General Charles Cornwallis', ""Charles O'Hara"", ""Brigadier General Charles O'Hara"", ""General O'Hara"", ""General Charles O'Hara""]",Who was the british general who surrendered at yorktown?,"
The British general who surrendered at Yorktown was General Charles Cornwallis.","
Knowledge: The siege of Yorktown, also known as the Battle of Yorktown, the surrender at Yorktown, or the German battle (from the presence of Germans in all three armies), ending on October 19, 1781, at Yorktown, Virginia, was a decisive victory by a combined force of the American Continental Army troops led by General George Washington and Gilbert du Motier, Marquis de Lafayette, and French Army troops led by Comte de Rochambeau over a British army commanded by British peer and Lieutenant General Charles Cornwallis. The culmination of the Yorktown campaign, the siege proved to be the last major land battle of the American Revolutionary War in the North American region, as the surrender by Cornwallis, and the capture of both him and his army, prompted the British government to negotiate an end to the conflict.[a]
Long Answer: The siege of Yorktown, ending on October 19, 1781 at Yorktown, Virginia, was a decisive victory by a combined force of the American Continental Army troops and French Army troops over a British army. The siege proved to be the last major land battle of the American Revolutionary War in the North American region, as the surrender by Cornwallis and the capture of both him and his army prompted the British government to negotiate an end to the conflict. Lieutenant General Charles Cornwallis signed the surrender documents at Yorktown but refused to attend the surrender ceremony, citing illness. Instead, Brigadier General Charles O'Hara led the British army onto the field for the surrender ceremony.
Context: Cornwallis refused to attend the surrender ceremony, citing illness. Instead, Brigadier General Charles O'Hara led the British army onto the field. O'Hara first attempted to surrender to Rochambeau, who shook his head and pointed to Washington. O'Hara then offered his sword to Washington, who also refused and motioned to Benjamin Lincoln. The surrender finally took place when Washington's second-in-command accepted the sword of Cornwallis' deputy.",0.32960245013237,0.044116293593227,0.0909090909090909
E13485,485,12,complex,"['Charles Cornwallis, 1st Marquess Cornwallis', 'His Excellency General The Most Honourable The Marquess Cornwallis KG PC', 'Viscount Brome', 'The Earl Cornwallis', 'Charles Cornwallis', 'Lord Cornwallis', 'Lieutenant General Charles Cornwallis', ""Charles O'Hara"", ""Brigadier General Charles O'Hara"", ""General O'Hara"", ""General Charles O'Hara""]",Who was the british general who surrendered at yorktown?,"
The British general who surrendered at Yorktown was Lieutenant General Charles Cornwallis.","
Knowledge: The siege of Yorktown, also known as the Battle of Yorktown, the surrender at Yorktown, or the German battle (from the presence of Germans in all three armies), ending on October 19, 1781, at Yorktown, Virginia, was a decisive victory by a combined force of the American Continental Army troops led by General George Washington and Gilbert du Motier, Marquis de Lafayette, and French Army troops led by Comte de Rochambeau over a British army commanded by British peer and Lieutenant General Charles Cornwallis. The culmination of the Yorktown campaign, the siege proved to be the last major land battle of the American Revolutionary War in the North American region, as the surrender by Cornwallis, and the capture of both him and his army, prompted the British government to negotiate an end to the conflict.[a]
Long Answer: The siege of Yorktown, ending on October 19, 1781 at Yorktown, Virginia, was a decisive victory by a combined force of the American Continental Army troops and French Army troops over a British army. The siege proved to be the last major land battle of the American Revolutionary War in the North American region, as the surrender by Cornwallis and the capture of both him and his army prompted the British government to negotiate an end to the conflict. Lieutenant General Charles Cornwallis signed the surrender documents at Yorktown but refused to attend the surrender ceremony, citing illness. Instead, Brigadier General Charles O'Hara led the British army onto the field for the surrender ceremony.
Context: Cornwallis refused to attend the surrender ceremony, citing illness. Instead, Brigadier General Charles O'Hara led the British army onto the field. O'Hara first attempted to surrender to Rochambeau, who shook his head and pointed to Washington. O'Hara then offered his sword to Washington, who also refused and motioned to Benjamin Lincoln. The surrender finally took place when Washington's second-in-command accepted the sword of Cornwallis' deputy.",0.3258053064346313,0.0905875234158776,0.1818181818181818
E12486,486,11,simple,"['May 25, 1977', 'May 19, 1999']",When did first star wars movie come out?,"
The first Star Wars movie was released on May 25, 1977.","
Knowledge: The Star Wars film series centers around three sets of trilogies, which are collectively referred to as the ""Skywalker saga"".[32] They were produced non-chronologically, with Episodes IV–VI (the original trilogy) being released between 1977 and 1983, Episodes I–III (the prequel trilogy) being released between 1999 and 2005, and Episodes VII–IX (the sequel trilogy), being released between 2015 and 2019.
Knowledge: It is the first installment of the original Star Wars trilogy, the first of the franchise to be produced, and the fourth episode of the ""Skywalker saga"".
Knowledge: Star Wars (retroactively titled Star Wars: Episode IV – A New Hope) is a 1977 American epic space-opera film written and directed by George Lucas, produced by Lucasfilm and distributed by 20th Century Fox.
Knowledge: Having been significantly anticipated by fans, Star Wars: Episode I – The Phantom Menace was released on May 19, 1999.
Long Answer: The Star Wars film series centers around three sets of trilogies, which are collectively referred to as the ""Skywalker saga"". They were produced non-chronologically, with Episodes IV–VI (the original trilogy) being released between 1977 and 1983, Episodes I–III (the prequel trilogy) being released between 1999 and 2005, and Episodes VII–IX (the sequel trilogy), being released between 2015 and 2019. The first Star Wars movie to come out in the US was Star Wars: Episode IV – A New Hope on May 25, 1977, the fourth episode of the ""Skywalker saga"". Star Wars: Episode I – The Phantom Menace came out on May 19, 1999.
Context: ""Star Wars"" was released in a limited number of theaters in the United States on May 25, 1977, and quickly became a blockbuster hit, leading to it being expanded to a much wider release. The film opened to critical acclaim, most notably for its groundbreaking visual effects. It also earned notable praise for its musical score, action sequences, characterization, themes, and performances of the cast (particularly that of Guinness). It grossed a total of $775 million, surpassing ""Jaws"" (1975) to become the highest-grossing film at the time until the release of ""E.T. the Extra-Terrestrial"" (1982). When adjusted for inflation, ""Star Wars"" is the second-highest-grossing film in North America (behind ""Gone with the Wind"") and the fourth-highest-grossing film in the world. It received ten Oscar nominations (including Best Picture), winning seven. In 1989, it became one of the first films to be selected as part of the U.S. Library of Congress's National Film Registry as being ""culturally, historically, or aesthetically significant."" At the time, it was the most recent film in the registry and the only one chosen from the 1970s. In 2004, its soundtrack was added to the U.S. National Recording Registry. Today, it is regarded as one of the most important films in the history of motion pictures.",0.4714416563510895,0.0398635712826801,0.5
E13486,486,25,complex,"['May 25, 1977', 'May 19, 1999']",When did first star wars movie come out?,"
The inaugural installment of the venerable Star Wars franchise, colloquially referred to as ""A New Hope,"" emerged onto the cinematic scene on May 25, 1977.","
Knowledge: The Star Wars film series centers around three sets of trilogies, which are collectively referred to as the ""Skywalker saga"".[32] They were produced non-chronologically, with Episodes IV–VI (the original trilogy) being released between 1977 and 1983, Episodes I–III (the prequel trilogy) being released between 1999 and 2005, and Episodes VII–IX (the sequel trilogy), being released between 2015 and 2019.
Knowledge: It is the first installment of the original Star Wars trilogy, the first of the franchise to be produced, and the fourth episode of the ""Skywalker saga"".
Knowledge: Star Wars (retroactively titled Star Wars: Episode IV – A New Hope) is a 1977 American epic space-opera film written and directed by George Lucas, produced by Lucasfilm and distributed by 20th Century Fox.
Knowledge: Having been significantly anticipated by fans, Star Wars: Episode I – The Phantom Menace was released on May 19, 1999.
Long Answer: The Star Wars film series centers around three sets of trilogies, which are collectively referred to as the ""Skywalker saga"". They were produced non-chronologically, with Episodes IV–VI (the original trilogy) being released between 1977 and 1983, Episodes I–III (the prequel trilogy) being released between 1999 and 2005, and Episodes VII–IX (the sequel trilogy), being released between 2015 and 2019. The first Star Wars movie to come out in the US was Star Wars: Episode IV – A New Hope on May 25, 1977, the fourth episode of the ""Skywalker saga"". Star Wars: Episode I – The Phantom Menace came out on May 19, 1999.
Context: ""Star Wars"" was released in a limited number of theaters in the United States on May 25, 1977, and quickly became a blockbuster hit, leading to it being expanded to a much wider release. The film opened to critical acclaim, most notably for its groundbreaking visual effects. It also earned notable praise for its musical score, action sequences, characterization, themes, and performances of the cast (particularly that of Guinness). It grossed a total of $775 million, surpassing ""Jaws"" (1975) to become the highest-grossing film at the time until the release of ""E.T. the Extra-Terrestrial"" (1982). When adjusted for inflation, ""Star Wars"" is the second-highest-grossing film in North America (behind ""Gone with the Wind"") and the fourth-highest-grossing film in the world. It received ten Oscar nominations (including Best Picture), winning seven. In 1989, it became one of the first films to be selected as part of the U.S. Library of Congress's National Film Registry as being ""culturally, historically, or aesthetically significant."" At the time, it was the most recent film in the registry and the only one chosen from the 1970s. In 2004, its soundtrack was added to the U.S. National Recording Registry. Today, it is regarded as one of the most important films in the history of motion pictures.",0.2441646456718444,0.0160207209940649,0.5
E12487,487,16,simple,"['LeBron James', 'James', 'Bryant', 'Kobe Bryant', 'Bryant', 'Kobe Bryant', 'James Harden', 'Harden']",Who got the biggest nba contract right now?,"
James Harden has the biggest NBA contract now. It is worth $228 million over six years.","
Knowledge: In 2016, he signed with the Cavaliers on a three-year deal,[384] becoming the highest-paid player in the league for the first time in his career.
Long Answer: James Harden has the biggest NBA contract right now, worth $228 million over six seasons. In the 2014-2015 season and in the 2015-2016 season, Kobe Bryant had the biggest NBA contract salary. In the 2016-2017 season, LeBron James had the biggest NBA contract salary. He signed with the Cavaliers on a three-year deal, becoming the highest-paid player in the league for the first time in his career.",0.6066254377365112,0.0260127844040379,0.5
E13487,487,34,complex,"['LeBron James', 'James', 'Bryant', 'Kobe Bryant', 'Bryant', 'Kobe Bryant', 'James Harden', 'Harden']",Who got the biggest nba contract right now?,"
As of the present day, James Harden currently occupies the position of possessing the largest and most lucrative NBA contract, spanning a duration of six years and totalling an astonishing $228 million in value.","
Knowledge: In 2016, he signed with the Cavaliers on a three-year deal,[384] becoming the highest-paid player in the league for the first time in his career.
Long Answer: James Harden has the biggest NBA contract right now, worth $228 million over six seasons. In the 2014-2015 season and in the 2015-2016 season, Kobe Bryant had the biggest NBA contract salary. In the 2016-2017 season, LeBron James had the biggest NBA contract salary. He signed with the Cavaliers on a three-year deal, becoming the highest-paid player in the league for the first time in his career.",0.2604151666164398,0.0115779419205722,0.5
E12488,488,43,simple,"['Miami, Florida', 'Las Vegas, Seaside Heights, Atlantic City, Manalapan, Stoney Creek New York, and Point Pleasant.', 'Los Angeles, Las Vegas, Point Pleasant, Middletown, Washington, D.C., Manalapan, and New Orleans.']",Where does jersey shore family vacation take place?,"
Jersey Shore: Family Vacation takes place in different places in the United States. Some places it takes place in are: 

Miami, Florida
Las Vegas, Nevada
New York
New Orleans, Louisiana 

It also takes place in other places in New Jersey and New York.","
Knowledge: Jersey Shore: Family Vacation is an American reality television series that premiered globally, April 5, 2018 on MTV. The first season of the series follows seven housemates from the original Jersey Shore as they spend a month on vacation together in Miami, Florida.[1]
Long Answer: Jersey Shore: Family Vacation is an American reality television series that premiered globally on April 5, 2018 and follows seven housemates from the original Jersey Shore. Season 1 of Jersey Shore: Family Vacation takes place in Miami, Florida, season 2 takes place in Las Vegas, Seaside Heights, Atlantic City, Manalapan, Stoney Creek New York, and Point Pleasant. Season 3 takes place in Los Angeles, Las Vegas, Point Pleasant, Middletown, Washington, D.C., Manalapan, and New Orleans.",0.1012730374932289,0.0157010149735323,0.3333333333333333
E13488,488,88,complex,"['Miami, Florida', 'Las Vegas, Seaside Heights, Atlantic City, Manalapan, Stoney Creek New York, and Point Pleasant.', 'Los Angeles, Las Vegas, Point Pleasant, Middletown, Washington, D.C., Manalapan, and New Orleans.']",Where does jersey shore family vacation take place?,"
Jersey Shore: Family Vacation primarily manifests itself within a variety of locales across the United States, thereby presenting an opportunity for the cast members to experience different environments and facilitate their interpersonal dynamics. Specifically, the inaugural season (2018) unfolds in the cosmopolitan city of Miami, Florida, wherein the residence of the housemates serves as a central hub for their interactions and escapades. This geographic shift facilitates a departure from the traditional confines of their native Seaside Heights, New Jersey, and provides a novel backdrop for their communal antics.","
Knowledge: Jersey Shore: Family Vacation is an American reality television series that premiered globally, April 5, 2018 on MTV. The first season of the series follows seven housemates from the original Jersey Shore as they spend a month on vacation together in Miami, Florida.[1]
Long Answer: Jersey Shore: Family Vacation is an American reality television series that premiered globally on April 5, 2018 and follows seven housemates from the original Jersey Shore. Season 1 of Jersey Shore: Family Vacation takes place in Miami, Florida, season 2 takes place in Las Vegas, Seaside Heights, Atlantic City, Manalapan, Stoney Creek New York, and Point Pleasant. Season 3 takes place in Los Angeles, Las Vegas, Point Pleasant, Middletown, Washington, D.C., Manalapan, and New Orleans.",0.1314948797225952,0.0054671712248112,0.3333333333333333
E12489,489,24,simple,"['December 15, 2017', 'December 18, 2015', 'May 19, 2005']",When is the next stars wars coming out?,"
There is no new Star Wars movie coming out right now. The last one was The Rise of Skywalker, which came out in 2019.","
Knowledge: The Star Wars film series centers around three sets of trilogies, which are collectively referred to as the ""Skywalker saga"".[32] They were produced non-chronologically, with Episodes IV–VI (the original trilogy) being released between 1977 and 1983, Episodes I–III (the prequel trilogy) being released between 1999 and 2005, and Episodes VII–IX (the sequel trilogy), being released between 2015 and 2019.
Knowledge: Star Wars: The Rise of Skywalker (also known as Star Wars: Episode IX – The Rise of Skywalker) is a 2019 American epic space opera film produced, co-written, and directed by J. J. Abrams. Produced by Lucasfilm and Abrams' production company Bad Robot Productions, and distributed by Walt Disney Studios Motion Pictures, it is the third installment of the Star Wars sequel trilogy, following The Force Awakens (2015) and The Last Jedi (2017), and the final episode of the nine-part ""Skywalker saga"".
Knowledge: It premiered in Los Angeles on December 16, 2019, and was released in the United States on December 20.
Long Answer: The Star Wars film series centers around three sets of trilogies, which are collectively referred to as the ""Skywalker saga"". They were produced non-chronologically, with Episodes IV–VI (the original trilogy) being released between 1977 and 1983, Episodes I–III (the prequel trilogy) being released between 1999 and 2005, and Episodes VII–IX (the sequel trilogy), being released between 2015 and 2019. Star Wars Episode III: Revenge of the Sith released on May 19, 2005, Star Wars Episode VII: The Force Awakens released on December 18, 2015, and Star Wars Episode VIII: The Last Jedi released on December 15, 2017. Star Wars: Episode IX: The Rise of Skywalker, the final episode of the nine-part ""Skywalker saga"", was released in the US on December 20, 2019.",0.1921847611665725,0.0,0.0
E13489,489,170,complex,"['December 15, 2017', 'December 18, 2015', 'May 19, 2005']",When is the next stars wars coming out?,"
I must clarify that the Star Wars film franchise has undergone a period of temporal recalibration, wherein the traditional episodic structure has been supplanted by a non-chronological release paradigm. Consequently, the forthcoming installment in the Skywalker saga is already an historical relic of the past, having already premiered on December 20, 2019.

However, for the sake of clarity, I shall provide information regarding the preceding films in the Skywalker saga. Specifically, the final chapter in the trilogy, ""Star Wars: Episode IX – The Rise of Skywalker,"" concluded the series, bringing closure to the narrative thread begun with the inaugural entry in the franchise, ""Star Wars: Episode IV – A New Hope,"" which debuted in 1977.

Regrettably, there is no forthcoming release date for a new Star Wars film, as the Skywalker saga has been deemed a trilogy, and its narrative arc has been resolved. Nevertheless, a new generation of Star Wars films, part of the ""Legends"" continuity, is reportedly in development, with a forthcoming release date yet to be announced.","
Knowledge: The Star Wars film series centers around three sets of trilogies, which are collectively referred to as the ""Skywalker saga"".[32] They were produced non-chronologically, with Episodes IV–VI (the original trilogy) being released between 1977 and 1983, Episodes I–III (the prequel trilogy) being released between 1999 and 2005, and Episodes VII–IX (the sequel trilogy), being released between 2015 and 2019.
Knowledge: Star Wars: The Rise of Skywalker (also known as Star Wars: Episode IX – The Rise of Skywalker) is a 2019 American epic space opera film produced, co-written, and directed by J. J. Abrams. Produced by Lucasfilm and Abrams' production company Bad Robot Productions, and distributed by Walt Disney Studios Motion Pictures, it is the third installment of the Star Wars sequel trilogy, following The Force Awakens (2015) and The Last Jedi (2017), and the final episode of the nine-part ""Skywalker saga"".
Knowledge: It premiered in Los Angeles on December 16, 2019, and was released in the United States on December 20.
Long Answer: The Star Wars film series centers around three sets of trilogies, which are collectively referred to as the ""Skywalker saga"". They were produced non-chronologically, with Episodes IV–VI (the original trilogy) being released between 1977 and 1983, Episodes I–III (the prequel trilogy) being released between 1999 and 2005, and Episodes VII–IX (the sequel trilogy), being released between 2015 and 2019. Star Wars Episode III: Revenge of the Sith released on May 19, 2005, Star Wars Episode VII: The Force Awakens released on December 18, 2015, and Star Wars Episode VIII: The Last Jedi released on December 15, 2017. Star Wars: Episode IX: The Rise of Skywalker, the final episode of the nine-part ""Skywalker saga"", was released in the US on December 20, 2019.",0.0641421228647232,0.0010553819330774,0.0
E12490,490,7,simple,"['1769', '1808', '1870', '1885', '1913']",When was the first car made what year?,"
The first car was made in 1769.","
Knowledge: Development was hindered in the mid-19th century by a backlash against large vehicles, yet progress continued on some internal combustion engines.
Long Answer: In 1769 the first steam-powered automobile capable of human transportation was built by Nicolas-Joseph Cugnot. The first hydrogen-powered car was made in 1808. Development was hindered in the mid-19th century by a backlash against large vehicles, yet progress continued on some internal combustion engines. The first diesel-powered car was made in 1870. The first gasoline-powered car was made in 1885. In 1913, the Ford Model T, created by the Ford Motor Company five years prior, became the first automobile to be mass-produced on a moving assembly line. By 1927, Ford had produced over 15,000,000 Model T automobiles.
Context: In 1769 the first steam-powered automobile capable of human transportation was built by Nicolas-Joseph Cugnot.
Context: In 1913, the Ford Model T, created by the Ford Motor Company five years prior, became the first automobile to be mass-produced on a moving assembly line. By 1927, Ford had produced over 15,000,000 Model T automobiles.",0.4561830461025238,0.0,0.2
E13490,490,47,complex,"['1769', '1808', '1870', '1885', '1913']",When was the first car made what year?,"
The inaugural automobile, fashioned by the ingenious Nicolas-Joseph Cugnot, was constructed in the year 1769, marking a pivotal juncture in the evolution of vehicular transportation. This pioneering vehicle, specifically designed for human transportation, utilized the principle of steam power, thereby predating the advent of internal combustion engines.","
Knowledge: Development was hindered in the mid-19th century by a backlash against large vehicles, yet progress continued on some internal combustion engines.
Long Answer: In 1769 the first steam-powered automobile capable of human transportation was built by Nicolas-Joseph Cugnot. The first hydrogen-powered car was made in 1808. Development was hindered in the mid-19th century by a backlash against large vehicles, yet progress continued on some internal combustion engines. The first diesel-powered car was made in 1870. The first gasoline-powered car was made in 1885. In 1913, the Ford Model T, created by the Ford Motor Company five years prior, became the first automobile to be mass-produced on a moving assembly line. By 1927, Ford had produced over 15,000,000 Model T automobiles.
Context: In 1769 the first steam-powered automobile capable of human transportation was built by Nicolas-Joseph Cugnot.
Context: In 1913, the Ford Model T, created by the Ford Motor Company five years prior, became the first automobile to be mass-produced on a moving assembly line. By 1927, Ford had produced over 15,000,000 Model T automobiles.",0.2379864156246185,0.0,0.2
E12491,491,13,simple,"['Achaemenid Empire', 'Persian', 'First Persian Empire', 'Achaemenid', 'Cyrus II of Persia', 'Cyrus the Elder', 'Cyrus the Great', 'Persian army', 'soldiers of Cyrus', 'Achaemenid']",Who conquered the babylonian empire in 539 bc?,"
The Persian king Cyrus the Great conquered the Babylonian Empire in 539 BC.","
Knowledge: The Neo-Babylonian Empire, also known as the Second Babylonian Empire[5] and historically known as the Chaldean Empire,[6] was the last of the Mesopotamian empires to be ruled by monarchs native to Mesopotamia.[7] Beginning with Nabopolassar's coronation as King of Babylon in 626 BC and being firmly established through the fall of the Neo-Assyrian Empire in 612 BC, the Neo-Babylonian Empire and its ruling Chaldean dynasty would be short-lived, being conquered after less than a century by the Persian Achaemenid Empire in 539 BC.
Long Answer: The Neo-Babylonian Empire, also known as the Second Babylonian Empire,  was the last of the Mesopotamian empires to be ruled by monarchs native to Mesopotamia. The Neo-Babylonian Empire and its ruling Chaldean dynasty would be short-lived, being conquered after less than a century by the Persian Achaemenid Empire in 539 BC. Cyrus the Great, the Achaemenid king of Persia, used his Persian army to overwhelm the Babylonian forces.
Context: The Fall of Babylon denotes the end of the Neo-Babylonian Empire after it was conquered by the Achaemenid Empire in 539 BCE. 
Context: It was in the sixth year of Nabonidus (550/549 BC) that Cyrus the Great, the Achaemenid Persian king of Anshan in Elam, revolted against his suzerain Astyages, king of the Manda or Medes, at Ecbatana. Astyages' army betrayed him to his enemy, and Cyrus established himself at Ecbatana, thus putting an end to the massive Median Empire and making the Persian faction dominant among the Iranic peoples. Three years later Cyrus had become king of all Persia, and was engaged in a campaign to put down a revolt among the Assyrians. Meanwhile, Nabonidus had established a camp in the desert of his colony of Arabia, near the southern frontier of his kingdom, leaving his son Belshazzar (""Belsharutsur"") in command of the army.
Context: In another reconstructed account, Nabonidus sent his son Belshazzar to head off the huge Persian army, however, already massively outnumbered. Belshazzar was betrayed by Gobryas, Governor of Assyria, who switched his forces over to the Persian side. The Babylonian forces were overwhelmed at the battle of Opis. Nabonidus fled to Borsippa, and on 12 October, after Cyrus' engineers had diverted the waters of the Euphrates, ""the soldiers of Cyrus entered Babylon without fighting."" In Xenophon Belshazzar is reported to have been killed, but his account is not held to be reliable here. Nabonidus surrendered and was deported. Gutian guards were placed at the gates of the great temple of Bel, where the services continued without interruption. Cyrus did not arrive until 3 October, with Gobryas having acted for him in his absence. Gobryas was now made governor of the province of Babylon.",0.3376085162162781,0.0873716785171587,0.2222222222222222
E13491,491,66,complex,"['Achaemenid Empire', 'Persian', 'First Persian Empire', 'Achaemenid', 'Cyrus II of Persia', 'Cyrus the Elder', 'Cyrus the Great', 'Persian army', 'soldiers of Cyrus', 'Achaemenid']",Who conquered the babylonian empire in 539 bc?,"
The Neo-Babylonian Empire, a storied and venerable entity that had once been the preeminent power in Mesopotamia, was ultimately subjugated by the Persian Empire under the indefatigable leadership of Cyrus the Great, the Achaemenid king of Persia. This event, which took place in 539 BC, marked the precipitous downfall of the Babylonian dynasty, bringing to a close an era of relative independence for the Chaldean Empire.","
Knowledge: The Neo-Babylonian Empire, also known as the Second Babylonian Empire[5] and historically known as the Chaldean Empire,[6] was the last of the Mesopotamian empires to be ruled by monarchs native to Mesopotamia.[7] Beginning with Nabopolassar's coronation as King of Babylon in 626 BC and being firmly established through the fall of the Neo-Assyrian Empire in 612 BC, the Neo-Babylonian Empire and its ruling Chaldean dynasty would be short-lived, being conquered after less than a century by the Persian Achaemenid Empire in 539 BC.
Long Answer: The Neo-Babylonian Empire, also known as the Second Babylonian Empire,  was the last of the Mesopotamian empires to be ruled by monarchs native to Mesopotamia. The Neo-Babylonian Empire and its ruling Chaldean dynasty would be short-lived, being conquered after less than a century by the Persian Achaemenid Empire in 539 BC. Cyrus the Great, the Achaemenid king of Persia, used his Persian army to overwhelm the Babylonian forces.
Context: The Fall of Babylon denotes the end of the Neo-Babylonian Empire after it was conquered by the Achaemenid Empire in 539 BCE. 
Context: It was in the sixth year of Nabonidus (550/549 BC) that Cyrus the Great, the Achaemenid Persian king of Anshan in Elam, revolted against his suzerain Astyages, king of the Manda or Medes, at Ecbatana. Astyages' army betrayed him to his enemy, and Cyrus established himself at Ecbatana, thus putting an end to the massive Median Empire and making the Persian faction dominant among the Iranic peoples. Three years later Cyrus had become king of all Persia, and was engaged in a campaign to put down a revolt among the Assyrians. Meanwhile, Nabonidus had established a camp in the desert of his colony of Arabia, near the southern frontier of his kingdom, leaving his son Belshazzar (""Belsharutsur"") in command of the army.
Context: In another reconstructed account, Nabonidus sent his son Belshazzar to head off the huge Persian army, however, already massively outnumbered. Belshazzar was betrayed by Gobryas, Governor of Assyria, who switched his forces over to the Persian side. The Babylonian forces were overwhelmed at the battle of Opis. Nabonidus fled to Borsippa, and on 12 October, after Cyrus' engineers had diverted the waters of the Euphrates, ""the soldiers of Cyrus entered Babylon without fighting."" In Xenophon Belshazzar is reported to have been killed, but his account is not held to be reliable here. Nabonidus surrendered and was deported. Gutian guards were placed at the gates of the great temple of Bel, where the services continued without interruption. Cyrus did not arrive until 3 October, with Gobryas having acted for him in his absence. Gobryas was now made governor of the province of Babylon.",0.2245765030384063,0.010100053456347,0.3333333333333333
E12492,492,18,simple,"['Vision', 'Thanos', 'Paul Bettany', 'Josh Brolin']",Who has the mind stone in infinity war?,"
The Mind Stone is held by Vision. It is in his forehead when Thanos comes to get it.","
Knowledge: The Vision is a fictional character portrayed by Paul Bettany in the Marvel Cinematic Universe (MCU) film franchise, based on the Marvel Comics character of the same name. Vision is a vibranium-synthezoid with a body created by the villain Ultron in Avengers: Age of Ultron (2015), incorporating the Mind Stone, but which was brought to sentience by Tony Stark and Bruce Banner, uploading the core software of Stark's AI, J.A.R.V.I.S., into the vibranium body constructed by Ultron, with energy provided by Thor.
Long Answer: Vision is a character in the Marvel Cinematic Universe whose body was created by the villain Ultron in Avengers: Age of Ultron (2015), incorporating the Mind Stone. It became sentient when Tony Stark and Bruce Banner uploaded the core software of Stark's AI into the body, with energy provided by Thor. In the MCU film franchise, Vision is portrayed by Paul Bettany. Thanos, portrayed by Josh Brolin, rips the repaired Mind Stone from Vision's forehead, killing him, and then teleports away.
Context: In Wakanda, Rogers reunites with Bucky Barnes before Thanos's army invades. The Avengers, alongside T'Challa and the Wakandan forces, mount a defense while Shuri works to extract the Mind Stone from Vision. Hulk refuses to fight after losing to Thanos, so Banner fights in Stark's Hulkbuster armor. Thor, Rocket, and Groot arrive to reinforce the Avengers; Midnight, Obsidian, and Glaive are killed and their army is routed, but Shuri is unable to complete the extraction of the Mind Stone from Vision before Thanos arrives to retrieve it. Maximoff destroys the Mind Stone and Vision, but Thanos uses the Time Stone to reverse her actions. He rips the repaired Mind Stone from Vision's forehead, killing him. Thor severely wounds Thanos with Stormbreaker, but Thanos activates the completed Gauntlet by snapping his fingers. He then teleports away.",0.2421447336673736,0.010802314890908,0.5
E13492,492,68,complex,"['Vision', 'Thanos', 'Paul Bettany', 'Josh Brolin']",Who has the mind stone in infinity war?,"
In the cinematic narrative of Avengers: Infinity War, the Mind Stone is possessed by the character of Vision, a sentient being endowed with a body constructed from vibranium and infused with the essence of Ultron. This synthezoid's existence is predicated upon the incorporation of the Mind Stone, a powerful gemstone imbued with the essence of the Living Tribunal, which serves as the central component of the Infinity Gauntlet.","
Knowledge: The Vision is a fictional character portrayed by Paul Bettany in the Marvel Cinematic Universe (MCU) film franchise, based on the Marvel Comics character of the same name. Vision is a vibranium-synthezoid with a body created by the villain Ultron in Avengers: Age of Ultron (2015), incorporating the Mind Stone, but which was brought to sentience by Tony Stark and Bruce Banner, uploading the core software of Stark's AI, J.A.R.V.I.S., into the vibranium body constructed by Ultron, with energy provided by Thor.
Long Answer: Vision is a character in the Marvel Cinematic Universe whose body was created by the villain Ultron in Avengers: Age of Ultron (2015), incorporating the Mind Stone. It became sentient when Tony Stark and Bruce Banner uploaded the core software of Stark's AI into the body, with energy provided by Thor. In the MCU film franchise, Vision is portrayed by Paul Bettany. Thanos, portrayed by Josh Brolin, rips the repaired Mind Stone from Vision's forehead, killing him, and then teleports away.
Context: In Wakanda, Rogers reunites with Bucky Barnes before Thanos's army invades. The Avengers, alongside T'Challa and the Wakandan forces, mount a defense while Shuri works to extract the Mind Stone from Vision. Hulk refuses to fight after losing to Thanos, so Banner fights in Stark's Hulkbuster armor. Thor, Rocket, and Groot arrive to reinforce the Avengers; Midnight, Obsidian, and Glaive are killed and their army is routed, but Shuri is unable to complete the extraction of the Mind Stone from Vision before Thanos arrives to retrieve it. Maximoff destroys the Mind Stone and Vision, but Thanos uses the Time Stone to reverse her actions. He rips the repaired Mind Stone from Vision's forehead, killing him. Thor severely wounds Thanos with Stormbreaker, but Thanos activates the completed Gauntlet by snapping his fingers. He then teleports away.",0.1479045897722244,0.0,0.25
E12493,493,10,simple,"['December 7, 2017', 'November 27, 2017', 'November 23, 2017']",When was the last episode of arrow aired?,"
The last episode of Arrow was on January 28, 2020.","
Knowledge: Arrow is an American superhero television series developed by Greg Berlanti, Marc Guggenheim, and Andrew Kreisberg based on the DC Comics character Green Arrow, a costumed crime-fighter created by Mort Weisinger and George Papp, and is set in the Arrowverse, sharing continuity with other Arrowverse television series.
Knowledge: ""Fadeout"" is the series finale of the American TV series Arrow, based on the DC Comics character Green Arrow, revolving around billionaire playboy Oliver Queen as he returns to Starling City (later renamed Star City), after having been shipwrecked for five years, and becomes a bow-wielding, hooded vigilante who sets out to fight crime and corruption.
Knowledge: ""Fadeout"" premiered in the United States on The CW on January 28, 2020, and was watched live by 0.73 million viewers with a 0.2/2 share among adults aged 18 to 49.
Long Answer: Arrow is an American superhero television series based on the DC Comics character Green Arrow. Episode 122 of Arrow aired on November 23, 2017, episode 123 of Arrow aired on November 27, 2017, and episode 124 of Arrow aired on December 7, 2017. The series finale of Arrow is called Fadeout, which aired on January 28, 2020.",0.4578683078289032,0.0,0.0
E13493,493,63,complex,"['December 7, 2017', 'November 27, 2017', 'November 23, 2017']",When was the last episode of arrow aired?,"
The last episode of the popular television series Arrow, ""Fadeout,"" was broadcast on January 28, 2020. This episode served as the series finale, marking the culmination of the narrative arc of the show's protagonist, Oliver Queen. The episode's airing coincided with a notable ratings dip, with a live audience viewing approximately 0.73 million individuals, corresponding to a 0.2/2 share amongst adults aged 18-49.","
Knowledge: Arrow is an American superhero television series developed by Greg Berlanti, Marc Guggenheim, and Andrew Kreisberg based on the DC Comics character Green Arrow, a costumed crime-fighter created by Mort Weisinger and George Papp, and is set in the Arrowverse, sharing continuity with other Arrowverse television series.
Knowledge: ""Fadeout"" is the series finale of the American TV series Arrow, based on the DC Comics character Green Arrow, revolving around billionaire playboy Oliver Queen as he returns to Starling City (later renamed Star City), after having been shipwrecked for five years, and becomes a bow-wielding, hooded vigilante who sets out to fight crime and corruption.
Knowledge: ""Fadeout"" premiered in the United States on The CW on January 28, 2020, and was watched live by 0.73 million viewers with a 0.2/2 share among adults aged 18 to 49.
Long Answer: Arrow is an American superhero television series based on the DC Comics character Green Arrow. Episode 122 of Arrow aired on November 23, 2017, episode 123 of Arrow aired on November 27, 2017, and episode 124 of Arrow aired on December 7, 2017. The series finale of Arrow is called Fadeout, which aired on January 28, 2020.",0.3608402609825134,0.0,0.0
E12494,494,11,simple,"['Manpreet Singh', 'P.R. Sreejesh', 'Rani Rampal']",Who is the captain of hockey in india?,"
The captain of the Indian hockey team is Manpreet Singh Pawar.","
Knowledge: On 2 Oct 2014, the Indian men's national field hockey team have qualified for the 2016 Summer Olympics in Rio by winning the gold medal in the 2014 Asian Games, edging out long-time rival Pakistan in a shoot-out.
Knowledge: She led the Indian women's hockey team as captain in 2018 Asian Games, where they won a silver medal and was India's flag-bearer for the closing ceremony of the games.[18]
Long Answer: On 2 Oct 2014, the Indian men's national field hockey team qualified for the 2016 Summer Olympics in Rio by winning the gold medal in the 2014 Asian Games. In the 2016 Olympics, P.R. Sreejesh was the team's captain. Manpreet Singh Pawar has been the captain of India's hockey team since May 2017. The captain of the women's team of India's field hockey team is Rani Rampal, who led the team to a silver medal in the 2018 Asian Games.
Context: Manpreet Singh Pawar (born 26 June 1992) is an Indian field hockey player and the captain of India men's national field hockey team since May 2017. He plays as a halfback.",0.5121157169342041,0.0398635712826801,0.3333333333333333
E13494,494,27,complex,"['Manpreet Singh', 'P.R. Sreejesh', 'Rani Rampal']",Who is the captain of hockey in india?,"
The captain of the Indian national field hockey team is Manpreet Singh Pawar, a seasoned and accomplished player who has been helming the team since May 2017.","
Knowledge: On 2 Oct 2014, the Indian men's national field hockey team have qualified for the 2016 Summer Olympics in Rio by winning the gold medal in the 2014 Asian Games, edging out long-time rival Pakistan in a shoot-out.
Knowledge: She led the Indian women's hockey team as captain in 2018 Asian Games, where they won a silver medal and was India's flag-bearer for the closing ceremony of the games.[18]
Long Answer: On 2 Oct 2014, the Indian men's national field hockey team qualified for the 2016 Summer Olympics in Rio by winning the gold medal in the 2014 Asian Games. In the 2016 Olympics, P.R. Sreejesh was the team's captain. Manpreet Singh Pawar has been the captain of India's hockey team since May 2017. The captain of the women's team of India's field hockey team is Rani Rampal, who led the team to a silver medal in the 2018 Asian Games.
Context: Manpreet Singh Pawar (born 26 June 1992) is an Indian field hockey player and the captain of India men's national field hockey team since May 2017. He plays as a halfback.",0.4092716872692108,0.0147616671423049,0.3333333333333333
E12495,495,15,simple,"['Sevilla', 'Spain', 'José Antonio Reyes']",Who has won the europa league the most?,"
Sevilla FC has won the Europa League the most. They have won it 5 times!","
Knowledge: The UEFA Europa League (abbreviated as UEL) is an annual football club competition organised by the Union of European Football Associations (UEFA) for eligible European football clubs. It is the second-tier competition of European club football, ranking below the UEFA Champions League and above the UEFA Europa Conference League after being the third-tier competition from 1971 to 1999 before the UEFA Cup Winners' Cup was discontinued.[1][2] 
Knowledge: He then moved to Atlético Madrid, and won the Europa League twice. He also had a short loan spell in Portugal with Benfica, before re-joining Sevilla late in his career and winning the Europa League another three times, reaching a record individual total of five.[3][4]
Long Answer: The UEFA Europa League (abbreviated as UEL) is an annual football club competition organized by the Union of European Football Associations (UEFA) for eligible European football clubs. It is the second-tier competition of European club football, ranking below the UEFA Champions League and above the UEFA Europa Conference League. The most successful club in the competition is Sevilla, with five titles. Spain is the country who has won the Europa League the most, and José Antonio Reyes is the player who has won the Europa League the most with five wins, two with Atlético Madrid and three with Sevilla.
Context: The title has been won by 28 clubs, 13 of which have won the title more than once. The most successful club in the competition is Sevilla, with five titles. The current champions are Chelsea, after defeating Arsenal 4–1 in the 2019 final to win their second title.
Context: Liverpool won the competition for the third time in 2001. In 2002 Feyenoord Rotterdam won it for the 2nd time in the club history by defeating Borussia Dortmund during the final in their own stadium, De Kuip in Rotterdam with 3–2. Porto triumphed in the 2003 and 2011 tournaments, with the latter against Portuguese team Braga. In 2004, the cup returned to Spain with Valencia being victorious, and then Sevilla succeeded on two consecutive occasions in 2006 and 2007, the latter in a final against fellow Spaniards Espanyol. Either side of Sevilla's success, two Russian teams, CSKA Moscow in 2005 and Zenit Saint Petersburg in 2008, had their glory and yet another former Soviet club, Ukraine's Shakhtar Donetsk, won in 2009. Atlético Madrid would themselves win twice in three seasons, in 2010 and 2012, the latter in another all-Spanish final. In 2013, Chelsea would become the first Champions League holders to win the UEFA Cup/Europa League the following year. In 2014, Sevilla won their third cup in eight years after defeating Benfica on penalties. Just one year later, in 2015, Sevilla won their fourth UEFA Cup/Europa League and, in an unprecedented feat, they defended their title a third year in a row beating Liverpool FC in the 2016 final, making Sevilla FC the most successful team in the history of the competition with 5 titles.",0.343726247549057,0.0132179476263772,0.3333333333333333
E13495,495,212,complex,"['Sevilla', 'Spain', 'José Antonio Reyes']",Who has won the europa league the most?,"
The UEFA Europa League is a prestigious inter-club competition in European football, and its most storied triumphs have been achieved by a singular entity: Sevilla FC. This Spanish outfit has demonstrated an impressive level of success, having secured the coveted trophy a record five times, thereby solidifying their position as the most accomplished team in the history of the competition. The team's remarkable dominance can be attributed to the sagacity of their management and the outstanding performances of their players over the years.

The five titles won by Sevilla FC represent a testament to their unwavering commitment to the sport and their ability to consistently navigate the complexities of European club football. The team's achievements serve as a paradigm for other teams seeking to emulate their success in the Europa League, and they continue to be a formidable force in the competition.

In fact, the Sevilla FC's five Europa League victories constitute an unprecedented level of success, eclipsing that of their contemporaries. Their triumphs have been marked by a blend of tenacity, tactical acumen, and sheer determination, making them the gold standard by which other teams are measured. As such, Sevilla FC stands as the undisputed champions of the UEFA Europa League, their esteemed legacy cemented in the annals of football history.","
Knowledge: The UEFA Europa League (abbreviated as UEL) is an annual football club competition organised by the Union of European Football Associations (UEFA) for eligible European football clubs. It is the second-tier competition of European club football, ranking below the UEFA Champions League and above the UEFA Europa Conference League after being the third-tier competition from 1971 to 1999 before the UEFA Cup Winners' Cup was discontinued.[1][2] 
Knowledge: He then moved to Atlético Madrid, and won the Europa League twice. He also had a short loan spell in Portugal with Benfica, before re-joining Sevilla late in his career and winning the Europa League another three times, reaching a record individual total of five.[3][4]
Long Answer: The UEFA Europa League (abbreviated as UEL) is an annual football club competition organized by the Union of European Football Associations (UEFA) for eligible European football clubs. It is the second-tier competition of European club football, ranking below the UEFA Champions League and above the UEFA Europa Conference League. The most successful club in the competition is Sevilla, with five titles. Spain is the country who has won the Europa League the most, and José Antonio Reyes is the player who has won the Europa League the most with five wins, two with Atlético Madrid and three with Sevilla.
Context: The title has been won by 28 clubs, 13 of which have won the title more than once. The most successful club in the competition is Sevilla, with five titles. The current champions are Chelsea, after defeating Arsenal 4–1 in the 2019 final to win their second title.
Context: Liverpool won the competition for the third time in 2001. In 2002 Feyenoord Rotterdam won it for the 2nd time in the club history by defeating Borussia Dortmund during the final in their own stadium, De Kuip in Rotterdam with 3–2. Porto triumphed in the 2003 and 2011 tournaments, with the latter against Portuguese team Braga. In 2004, the cup returned to Spain with Valencia being victorious, and then Sevilla succeeded on two consecutive occasions in 2006 and 2007, the latter in a final against fellow Spaniards Espanyol. Either side of Sevilla's success, two Russian teams, CSKA Moscow in 2005 and Zenit Saint Petersburg in 2008, had their glory and yet another former Soviet club, Ukraine's Shakhtar Donetsk, won in 2009. Atlético Madrid would themselves win twice in three seasons, in 2010 and 2012, the latter in another all-Spanish final. In 2013, Chelsea would become the first Champions League holders to win the UEFA Cup/Europa League the following year. In 2014, Sevilla won their third cup in eight years after defeating Benfica on penalties. Just one year later, in 2015, Sevilla won their fourth UEFA Cup/Europa League and, in an unprecedented feat, they defended their title a third year in a row beating Liverpool FC in the 2016 final, making Sevilla FC the most successful team in the history of the competition with 5 titles.",0.0198124218732118,0.000844800234482,0.3333333333333333
E12496,496,10,simple,"['Marshall University', 'Ceredo, West Virginia', 'Southern Airways Flight 932', 'Huntington, West Virginia', 'Kansas City', 'Atlanta, Georgia', 'Huntington, West Virginia']",Where does the movie we are marshall take place?,"
The movie ""We Are Marshall"" takes place in West Virginia.","
Knowledge: We Are Marshall is a 2006 American historical drama biopic film directed by McG. It depicts the aftermath of the 1970 plane crash that killed 75 people: 37 players of the Marshall University Thundering Herd football team, five coaches, two athletic trainers, the athletic director, 25 boosters, and the airplane crew of five.
Knowledge: On the evening of November 14, 1970, Southern Airways Flight 932, a McDonnell Douglas DC-9 chartered by Marshall University to transport the Thundering Herd football team back to Huntington, West Virginia following their 17–14 defeat to the East Carolina University Pirates, clips trees on a ridge just one mile short of the runway at Tri-State Airport in Ceredo, West Virginia, and crashes into a nearby gully, killing all 75 people on board.
Knowledge: In the wake of the tragedy, University President Donald Dedmon leans towards indefinitely suspending the football program, but he is ultimately persuaded to reconsider by the pleas of the Marshall students and Huntington residents, and especially the few football players who didn't make the flight, led by Nate Ruffin.
Knowledge: Dedmon travels to Kansas City, where he pleads with the NCAA to waive their rule prohibiting freshmen from playing varsity football (a rule which had been abolished in 1968 for all sports except for football and basketball, and would be permanently abolished for those sports in 1972).
Long Answer: We Are Marshall is a 2006 American historical drama biopic film that depicts the aftermath of the 1970 plane crash that killed 75 people: 37 players of the Marshall University Thundering Herd football team, five coaches, two athletic trainers, the athletic director, 25 boosters, and the airplane crew of five. The team took Southern Airways Flight 932 chartered by Marshall University to transport the Thundering Herd football team back to Huntington, West Virginia from Ceredo, West Virginia. After the crash, University President Donald Dedmon traveled to Kansas City, where he pleaded with the NCAA to waive their rule prohibiting freshmen from playing varsity football. Filming of We Are Marshall commenced on April 3, 2006, in Huntington, West Virginia, and was completed in Atlanta, Georgia.
Context: Filming of ""We Are Marshall"" commenced on April 3, 2006, in Huntington, West Virginia, and was completed in Atlanta, Georgia. The premiere for the film was held at the Keith Albee Theater on December 12, 2006, in Huntington; other special screenings were held at Pullman Square. The movie was released nationwide on December 22, 2006.",0.2443581521511078,0.0211053406318726,0.0
E13496,496,144,complex,"['Marshall University', 'Ceredo, West Virginia', 'Southern Airways Flight 932', 'Huntington, West Virginia', 'Kansas City', 'Atlanta, Georgia', 'Huntington, West Virginia']",Where does the movie we are marshall take place?,"
The cinematic portrayal of We Are Marshall is situated in the southeastern region of the United States, specifically within the states of West Virginia and Kentucky. The narrative primarily unfolds in the city of Huntington, West Virginia, a chartered aircraft disaster that serves as the catalyst for the film's events. The tragic crash of Southern Airways Flight 932, which claimed the lives of 75 individuals, occurs in Ceredo, West Virginia, a locality situated near the Tri-State Airport. Subsequent scenes are set at Marshall University, a public research university situated in Huntington, West Virginia, where the university's president, Donald Dedmon, navigates the aftermath of the catastrophe, while also traveling to Kansas City, Missouri, to plead with the National Collegiate Athletic Association (NCAA) to relax its rule prohibiting freshmen from participating in varsity football, a contentious issue that was a critical factor in the narrative's progression.","
Knowledge: We Are Marshall is a 2006 American historical drama biopic film directed by McG. It depicts the aftermath of the 1970 plane crash that killed 75 people: 37 players of the Marshall University Thundering Herd football team, five coaches, two athletic trainers, the athletic director, 25 boosters, and the airplane crew of five.
Knowledge: On the evening of November 14, 1970, Southern Airways Flight 932, a McDonnell Douglas DC-9 chartered by Marshall University to transport the Thundering Herd football team back to Huntington, West Virginia following their 17–14 defeat to the East Carolina University Pirates, clips trees on a ridge just one mile short of the runway at Tri-State Airport in Ceredo, West Virginia, and crashes into a nearby gully, killing all 75 people on board.
Knowledge: In the wake of the tragedy, University President Donald Dedmon leans towards indefinitely suspending the football program, but he is ultimately persuaded to reconsider by the pleas of the Marshall students and Huntington residents, and especially the few football players who didn't make the flight, led by Nate Ruffin.
Knowledge: Dedmon travels to Kansas City, where he pleads with the NCAA to waive their rule prohibiting freshmen from playing varsity football (a rule which had been abolished in 1968 for all sports except for football and basketball, and would be permanently abolished for those sports in 1972).
Long Answer: We Are Marshall is a 2006 American historical drama biopic film that depicts the aftermath of the 1970 plane crash that killed 75 people: 37 players of the Marshall University Thundering Herd football team, five coaches, two athletic trainers, the athletic director, 25 boosters, and the airplane crew of five. The team took Southern Airways Flight 932 chartered by Marshall University to transport the Thundering Herd football team back to Huntington, West Virginia from Ceredo, West Virginia. After the crash, University President Donald Dedmon traveled to Kansas City, where he pleaded with the NCAA to waive their rule prohibiting freshmen from playing varsity football. Filming of We Are Marshall commenced on April 3, 2006, in Huntington, West Virginia, and was completed in Atlanta, Georgia.
Context: Filming of ""We Are Marshall"" commenced on April 3, 2006, in Huntington, West Virginia, and was completed in Atlanta, Georgia. The premiere for the film was held at the Keith Albee Theater on December 12, 2006, in Huntington; other special screenings were held at Pullman Square. The movie was released nationwide on December 22, 2006.",0.2003185153007507,0.0102211940104795,0.8333333333333334
E12497,497,9,simple,"['Superman', 'The Eradicator']",Who is known as the last son of krypton?,"
Superman is known as the Last Son of Krypton.","
Knowledge: Superman was born on the planet Krypton and was given the name Kal-El at birth. As a baby, his parents sent him to Earth in a small spaceship moments before Krypton was destroyed in a natural cataclysm.
Knowledge: The Last Son of Krypton may refer to:

The Eradicator, a Kryptonian artifact which briefly believed itself to be Superman
Long Answer: Superman is known as the last son of Krypton. Superman was born on the planet Krypton and was given the name Kal-El at birth. As a baby, his parents sent him to Earth in a small spaceship moments before Krypton was destroyed in a natural cataclysm. The Eradicator is a Kryptonian artifact which briefly believed itself to be Superman.",0.3818122744560241,0.0239802967618271,0.5
E13497,497,55,complex,"['Superman', 'The Eradicator']",Who is known as the last son of krypton?,"
The title ""Last Son of Krypton"" is most commonly associated with the iconic DC Comics character Superman, whose natal name is Kal-El. Orphaned and ejected from his native planet Krypton shortly before its cataclysmic demise, Kal-El was subsequently discovered and adopted by Jonathan and Martha Kent, inhabitants of Smallville, Kansas, who rechristened him Clark Kent.","
Knowledge: Superman was born on the planet Krypton and was given the name Kal-El at birth. As a baby, his parents sent him to Earth in a small spaceship moments before Krypton was destroyed in a natural cataclysm.
Knowledge: The Last Son of Krypton may refer to:

The Eradicator, a Kryptonian artifact which briefly believed itself to be Superman
Long Answer: Superman is known as the last son of Krypton. Superman was born on the planet Krypton and was given the name Kal-El at birth. As a baby, his parents sent him to Earth in a small spaceship moments before Krypton was destroyed in a natural cataclysm. The Eradicator is a Kryptonian artifact which briefly believed itself to be Superman.",0.1058215424418449,0.0033246128899473,0.5
E12498,498,33,simple,"['December 21, 2017', 'December 14, 2017', 'December 7, 2017']",When is the new young sheldon coming out?,"
Young Sheldon is a show about Sheldon Cooper when he was a kid. It's like a prequel. The show came out in 2017. Unfortunately, I do not have information about the new episode.","
Knowledge: Young Sheldon is an American period sitcom television series for CBS created by Chuck Lorre and Steven Molaro. The series, set in the late 1980s and early 1990s, is a spin-off prequel to The Big Bang Theory and begins with the character Sheldon Cooper at the age of nine, living with his family in East Texas and going to high school.
Knowledge: Young Sheldon premiered as a special preview on September 25, 2017, and was picked up for a full season that began airing weekly from November 2, 2017.
Long Answer: Young Sheldon is a spin-off prequel to The Big Bang Theory that focuses on Sheldon Cooper as a child. Season 1 began in 2017. Episode 7 of Young Sheldon was released on December 7, 2017, episode 8 was released on December 14, 2017, and episode 9 was released on December 21, 2017.",0.3941425383090973,0.0,0.0
E13498,498,141,complex,"['December 21, 2017', 'December 14, 2017', 'December 7, 2017']",When is the new young sheldon coming out?,"
The forthcoming installment of the televisual narrative, ""Young Sheldon,"" has not been officially disclosed with a specific release date, as the scheduling particulars for the upcoming season have not been publicly communicated by the producers or CBS. However, considering the series' past trajectory and the tradition of the network releasing episodes on a weekly schedule, it is possible that the next episode will debut in the near future.

To provide a more precise answer, I recommend cross-referencing the official CBS website or social media channels for updates on the show's schedule, as these sources are typically the primary conduit for conveying information regarding upcoming episodes and release dates. Nevertheless, I can provide information on the typical cadence of the show's episodes, as ""Young Sheldon"" has historically been released on a weekly basis, with new episodes airing every Thursday evening on CBS.","
Knowledge: Young Sheldon is an American period sitcom television series for CBS created by Chuck Lorre and Steven Molaro. The series, set in the late 1980s and early 1990s, is a spin-off prequel to The Big Bang Theory and begins with the character Sheldon Cooper at the age of nine, living with his family in East Texas and going to high school.
Knowledge: Young Sheldon premiered as a special preview on September 25, 2017, and was picked up for a full season that began airing weekly from November 2, 2017.
Long Answer: Young Sheldon is a spin-off prequel to The Big Bang Theory that focuses on Sheldon Cooper as a child. Season 1 began in 2017. Episode 7 of Young Sheldon was released on December 7, 2017, episode 8 was released on December 14, 2017, and episode 9 was released on December 21, 2017.",-0.0012819864787161,0.0,0.0
E12499,499,8,simple,"['AMC', 'Showcase', 'Fox Showcase', 'BBC America']",What channel is into the bad lands on?,"
Into the Badlands is on the channel AMC.","
Knowledge: Into the Badlands is an American television series that premiered on November 15, 2015, on AMC.
Long Answer: Into the Badlands is an American television series that premiered on November 15, 2015, on AMC. Internationally, the series premiered in Australia on November 17, 2015, on Showcase. BBC America began airing double episodes on August 20, 2016.
Context: Internationally, the series premiered in Australia on November 17, 2015, on Showcase. In Germany, Austria, Italy, and the UK, the series is available through Amazon Prime Instant Video with each episode accessible the day after the U.S. air date. BBC America began airing double episodes on August 20, 2016, at 10pm ET.",0.3514524698257446,0.0,0.25
E13499,499,41,complex,"['AMC', 'Showcase', 'Fox Showcase', 'BBC America']",What channel is into the bad lands on?,"
Into the Badlands is broadcast on the American cable network AMC, with international broadcasts taking place on various terrestrial television stations, including Showcase in Australia, BBC America in the United Kingdom, and Amazon Prime Instant Video in Germany, Austria, and Italy.","
Knowledge: Into the Badlands is an American television series that premiered on November 15, 2015, on AMC.
Long Answer: Into the Badlands is an American television series that premiered on November 15, 2015, on AMC. Internationally, the series premiered in Australia on November 17, 2015, on Showcase. BBC America began airing double episodes on August 20, 2016.
Context: Internationally, the series premiered in Australia on November 17, 2015, on Showcase. In Germany, Austria, Italy, and the UK, the series is available through Amazon Prime Instant Video with each episode accessible the day after the U.S. air date. BBC America began airing double episodes on August 20, 2016, at 10pm ET.",0.2934641540050506,0.0105404050586166,0.75
E12500,500,11,simple,"['Virginia Company of London', 'Sir Walter Raleigh', 'Raleigh']",Who sponsored the first english colony in the americas?,"
Sir Walter Raleigh sponsored the first English colony in the Americas.","
Knowledge: Sir Walter Raleigh established the short-lived Roanoke Colony in 1585. The 1607 settlement of the Jamestown colony grew into the Colony of Virginia and Virgineola (settled unintentionally by the shipwreck of the Virginia Company's Sea Venture in 1609) quickly renamed The Somers Isles (though the older Spanish name of Bermuda has resisted replacement).
Long Answer: There were several English colonies founded in the Americas, the first of which failed. The first official English colony in the Americas was the Roanoke Colony, founded by Sir Walter Raleigh in 1585. The first successful English colony in the Americas was the Jamestown Colony, founded in 1607, which was successful in part due to the shipwreck of the Sea Venture in 1609, which was a boat funded by the Virginia Company of London.
Context: The Roanoke Colony () refers to two attempts by Sir Walter Raleigh to found the first permanent English settlement in North America. The first colony was established by governor Ralph Lane in 1585 on Roanoke Island in what is now Dare County, North Carolina, United States. Following the failure of the 1585 settlement, a second colony led by John White landed on the same island in 1587, and became known as the Lost Colony due to the unexplained disappearance of its population.",0.473862737417221,0.0932946021899707,0.6666666666666666
E13500,500,102,complex,"['Virginia Company of London', 'Sir Walter Raleigh', 'Raleigh']",Who sponsored the first english colony in the americas?,"
The inaugural English colonial venture in the Americas was sponsored by Sir Walter Raleigh, a renowned English explorer and nobleman. Specifically, Raleigh's Roanoke Colony, established in 1585, was the inaugural English settlement on North American soil. This ill-fated endeavour, unfortunately, ultimately failed to yield a permanent English presence on the continent. It was not until the subsequent settlement of Jamestown in 1607, however, that the English colonization of North America gained momentum, largely due to the fortuitous circumstances surrounding the shipwreck of the Sea Venture in 1609, which facilitated the arrival of a larger, more viable English colony in the New World.","
Knowledge: Sir Walter Raleigh established the short-lived Roanoke Colony in 1585. The 1607 settlement of the Jamestown colony grew into the Colony of Virginia and Virgineola (settled unintentionally by the shipwreck of the Virginia Company's Sea Venture in 1609) quickly renamed The Somers Isles (though the older Spanish name of Bermuda has resisted replacement).
Long Answer: There were several English colonies founded in the Americas, the first of which failed. The first official English colony in the Americas was the Roanoke Colony, founded by Sir Walter Raleigh in 1585. The first successful English colony in the Americas was the Jamestown Colony, founded in 1607, which was successful in part due to the shipwreck of the Sea Venture in 1609, which was a boat funded by the Virginia Company of London.
Context: The Roanoke Colony () refers to two attempts by Sir Walter Raleigh to found the first permanent English settlement in North America. The first colony was established by governor Ralph Lane in 1585 on Roanoke Island in what is now Dare County, North Carolina, United States. Following the failure of the 1585 settlement, a second colony led by John White landed on the same island in 1587, and became known as the Lost Colony due to the unexplained disappearance of its population.",0.2918843328952789,0.0041413423031058,0.6666666666666666
E12501,501,14,simple,"['Richard Bremmer', 'Ian Davies', 'Ian Hart', 'Christian Peter Coulson', 'Christian Coulson', 'Ralph Nathaniel Twisleton-Wykeham-Fiennes', 'Ralph Fiennes', 'Hero Beauregard Faulkner Fiennes Tiffin', 'Hero Fiennes-Tiffin', 'Frank Stephenson Dillane', 'Frank Dillane']",Who is the actor who plays lord voldemort?,"
Ralph Fiennes is the actor who plays Lord Voldemort in the Harry Potter movies.","
Knowledge: Harry Potter and the Philosopher's Stone (released in the United States and India as Harry Potter and the Sorcerer's Stone) is a 2001 fantasy film directed by Chris Columbus and distributed by Warner Bros. Pictures, based on J. K. Rowling's 1997 novel of the same name. Produced by David Heyman and screenplay by Steve Kloves, it is the first instalment of the Harry Potter film series.
Knowledge: Quirrell removes his turban and reveals a weak Voldemort living on the back of his head.
Knowledge: Harry Potter and the Chamber of Secrets is a 2002 fantasy film directed by Chris Columbus and distributed by Warner Bros. Pictures, based on J. K. Rowling's 1998 novel of the same name. Produced by David Heyman and written by Steve Kloves, it is the sequel to Harry Potter and the Philosopher's Stone (2001) and the second instalment in the Harry Potter film series.
Knowledge: In Harry Potter and the Goblet of Fire, Voldemort is initially only heard, possessing the scratchy, weak voice heard in the first film. By the film's climax, however, he appears in his physical form for the first time, played by Ralph Fiennes.
Fiennes reprised his role as Voldemort in Harry Potter and the Order of the Phoenix[40] and Harry Potter and the Deathly Hallows – Part 1 and Part 2.
Long Answer: In Harry Potter and the Philosopher's Stone, the first movie in the Harry Potter franchise, Lord Voldemort latches onto Professor Quirrell's back to regain his power. Ian Davies, better known as Ian Hart, voices and provides the facial source for the character in this film, while Richard Bremmer portrays his physical likeness. In Harry Potter and the Chamber of Secrets, the second movie in the Harry Potter franchise, Voldemort is portrayed as his teenage self, who is played by Christian Coulson. In the fourth through eighth Harry Potter films, the adult Voldemort character is played by Ralph Fiennes. Harry Potter and the Half-Blood Prince features Voldemort as a child and a teenager. The child is played by Hero Fiennes-Tiffin, Ralph Fiennes' nephew, while the teenager is played by Frank Dillane.
Context: In ""Harry Potter and the Philosopher's Stone"", Voldemort's manifestation is as a face on the back of Quirrell's head, an effect achieved by computer generated imagery. Ian Hart, the actor who played Quirrell in the same film, provided the voice and the facial source for this character. Voldemort also appears in a scene in the Forbidden Forest where he is seen drinking the blood of a unicorn. As Voldemort's face was altered enough by CG work, and Hart's voice was affected enough, there was no confusion by Hart's playing of the two roles. In that film, he was also shown in a flashback sequence when he arrived at the home of James and Lily Potter to kill them. In this scene Voldemort is played by Richard Bremmer, though his face is never seen. His next appearance would be in ""Harry Potter and the Chamber of Secrets"" as the 16-year-old Tom Marvolo Riddle (portrayed by Christian Coulson).
Context: Fiennes's nephew, Hero Fiennes-Tiffin, portrayed Tom Riddle as a child in ""Harry Potter and the Half-Blood Prince"". By the time filming arrived Christian Coulson was 29, and not considered suitable to return as the adolescent Riddle. Thomas James Longley was originally scheduled to take over the role, but last minute renegotiations saw Frank Dillane cast instead.",0.363524854183197,0.0302062052524355,0.0909090909090909
E13501,501,231,complex,"['Richard Bremmer', 'Ian Davies', 'Ian Hart', 'Christian Peter Coulson', 'Christian Coulson', 'Ralph Nathaniel Twisleton-Wykeham-Fiennes', 'Ralph Fiennes', 'Hero Beauregard Faulkner Fiennes Tiffin', 'Hero Fiennes-Tiffin', 'Frank Stephenson Dillane', 'Frank Dillane']",Who is the actor who plays lord voldemort?,"
In the Harry Potter franchise, the portrayal of Lord Voldemort is a multifaceted endeavor, with various actors assuming the role at different stages of the series. However, the most well-known and critically acclaimed interpretation of the character was provided by the esteemed actor Ralph Fiennes. Specifically, Fiennes's nuanced and formidable performance of Voldemort in the subsequent films, including Harry Potter and the Goblet of Fire, Harry Potter and the Order of the Phoenix, Harry Potter and the Half-Blood Prince, and Harry Potter and the Deathly Hallows – Part 1 and Part 2, established him as the definitive voice and physical embodiment of the Dark Lord.

It is worth noting that the early manifestations of Voldemort in the first film, Harry Potter and the Philosopher's Stone, were rendered using computer-generated imagery (CGI) and featured Ian Hart as the voice and facial source of the character, while Richard Bremmer provided the physical appearance. In Harry Potter and the Chamber of Secrets, a younger Voldemort was portrayed by Christian Coulson, who assumed the role of the 16-year-old Tom Marvolo Riddle.

Fiennes's involvement in the subsequent films marked a significant departure from these earlier incarnations, and his subsequent performances are widely regarded as the definitive representation of the character. His distinctive voice and physical presence have become indelibly associated with the Dark Lord, solidifying his status as a key figure in the Harry Potter franchise.","
Knowledge: Harry Potter and the Philosopher's Stone (released in the United States and India as Harry Potter and the Sorcerer's Stone) is a 2001 fantasy film directed by Chris Columbus and distributed by Warner Bros. Pictures, based on J. K. Rowling's 1997 novel of the same name. Produced by David Heyman and screenplay by Steve Kloves, it is the first instalment of the Harry Potter film series.
Knowledge: Quirrell removes his turban and reveals a weak Voldemort living on the back of his head.
Knowledge: Harry Potter and the Chamber of Secrets is a 2002 fantasy film directed by Chris Columbus and distributed by Warner Bros. Pictures, based on J. K. Rowling's 1998 novel of the same name. Produced by David Heyman and written by Steve Kloves, it is the sequel to Harry Potter and the Philosopher's Stone (2001) and the second instalment in the Harry Potter film series.
Knowledge: In Harry Potter and the Goblet of Fire, Voldemort is initially only heard, possessing the scratchy, weak voice heard in the first film. By the film's climax, however, he appears in his physical form for the first time, played by Ralph Fiennes.
Fiennes reprised his role as Voldemort in Harry Potter and the Order of the Phoenix[40] and Harry Potter and the Deathly Hallows – Part 1 and Part 2.
Long Answer: In Harry Potter and the Philosopher's Stone, the first movie in the Harry Potter franchise, Lord Voldemort latches onto Professor Quirrell's back to regain his power. Ian Davies, better known as Ian Hart, voices and provides the facial source for the character in this film, while Richard Bremmer portrays his physical likeness. In Harry Potter and the Chamber of Secrets, the second movie in the Harry Potter franchise, Voldemort is portrayed as his teenage self, who is played by Christian Coulson. In the fourth through eighth Harry Potter films, the adult Voldemort character is played by Ralph Fiennes. Harry Potter and the Half-Blood Prince features Voldemort as a child and a teenager. The child is played by Hero Fiennes-Tiffin, Ralph Fiennes' nephew, while the teenager is played by Frank Dillane.
Context: In ""Harry Potter and the Philosopher's Stone"", Voldemort's manifestation is as a face on the back of Quirrell's head, an effect achieved by computer generated imagery. Ian Hart, the actor who played Quirrell in the same film, provided the voice and the facial source for this character. Voldemort also appears in a scene in the Forbidden Forest where he is seen drinking the blood of a unicorn. As Voldemort's face was altered enough by CG work, and Hart's voice was affected enough, there was no confusion by Hart's playing of the two roles. In that film, he was also shown in a flashback sequence when he arrived at the home of James and Lily Potter to kill them. In this scene Voldemort is played by Richard Bremmer, though his face is never seen. His next appearance would be in ""Harry Potter and the Chamber of Secrets"" as the 16-year-old Tom Marvolo Riddle (portrayed by Christian Coulson).
Context: Fiennes's nephew, Hero Fiennes-Tiffin, portrayed Tom Riddle as a child in ""Harry Potter and the Half-Blood Prince"". By the time filming arrived Christian Coulson was 29, and not considered suitable to return as the adolescent Riddle. Thomas James Longley was originally scheduled to take over the role, but last minute renegotiations saw Frank Dillane cast instead.",0.2121079117059707,0.0025645890001998,0.3636363636363636
E12502,502,16,simple,"['Taiwan', 'California']",Who has won the most little league world series?,"
The United States has won the most Little League World Series. 

But Taiwan is very close.","
Knowledge:  Regions were introduced in 1957, and that tournament included the first non-U.S. champion, Monterrey, Mexico, although they represented the U.S. South region. International regions were added in 1958.
Knowledge: From the introduction of Far East teams in 1967 until after 1996, Taiwan had won 17 of a possible 30 championships and had been runner-up twice.
Long Answer: At the start of the Little League World Series, only US teams competed. Due to this, individual US states have their own wins, unlike every other country that competes. The state of California is the US state with the most championships won. When international regions were officially introduced in 1957, other countries began to compete. Other than the US, the country with the most Little League World Series wins is Taiwan with 17.
Context: Initially, only teams from the United States competed in the Series, but it has since become a worldwide tournament. The tournament has gained popular renown, especially in the United States, where games from the Series and even from regional tournaments are broadcast on ESPN. The United States collectively as a country has won a plurality of the series, although from 1969 to 1991 teams from Taiwan dominated the series, winning in 15 out of those 23 years. Taiwan's dominance during those years has been attributed to a national effort to combat its perceived diplomatic isolation around the world. From 2010 through 2018, teams from Tokyo, Japan, have similarly dominated the series, winning five of those matchups.
Context: In the United States, the fate of district winners varies widely from state to state. In some larger states such as Pennsylvania, New York, and California, the district winners advance to one of many sectional tournaments. The winners of each sectional tournament then advance to a state or divisional tournament, the latter only being held in Texas and California and are similar to the state tournaments held in less populous states. Most smaller states lack competition at the sectional level and go straight from district to state tournaments. A handful of states are composed of only one district, and the district champion is the automatic state champion.",0.2564192116260528,0.0123006862884637,0.5
E13502,502,142,complex,"['Taiwan', 'California']",Who has won the most little league world series?,"
The inquiry regarding the entity that has emerged victorious in the most Little League World Series is a pertinent one. According to the available knowledge, the nation with the most triumphs in this prestigious tournament is, in fact, the Republic of China, commonly referred to as Taiwan. This statistical supremacy is a testament to the efficacious organizational structure and concerted effort exhibited by the Taiwanese baseball organizations. Throughout the period from 1967 to 1996, Taiwan secured an impressive 17 out of 30 possible championships, while also garnering two runner-up finishes during this era.

It is worth noting, however, that this period was marked by a substantial imbalance, with the United States and other countries competing in a more limited capacity. In 2010-2018, a new power emerged in the form of the Tokyo, Japan, with the team securing a remarkable five consecutive victories.","
Knowledge:  Regions were introduced in 1957, and that tournament included the first non-U.S. champion, Monterrey, Mexico, although they represented the U.S. South region. International regions were added in 1958.
Knowledge: From the introduction of Far East teams in 1967 until after 1996, Taiwan had won 17 of a possible 30 championships and had been runner-up twice.
Long Answer: At the start of the Little League World Series, only US teams competed. Due to this, individual US states have their own wins, unlike every other country that competes. The state of California is the US state with the most championships won. When international regions were officially introduced in 1957, other countries began to compete. Other than the US, the country with the most Little League World Series wins is Taiwan with 17.
Context: Initially, only teams from the United States competed in the Series, but it has since become a worldwide tournament. The tournament has gained popular renown, especially in the United States, where games from the Series and even from regional tournaments are broadcast on ESPN. The United States collectively as a country has won a plurality of the series, although from 1969 to 1991 teams from Taiwan dominated the series, winning in 15 out of those 23 years. Taiwan's dominance during those years has been attributed to a national effort to combat its perceived diplomatic isolation around the world. From 2010 through 2018, teams from Tokyo, Japan, have similarly dominated the series, winning five of those matchups.
Context: In the United States, the fate of district winners varies widely from state to state. In some larger states such as Pennsylvania, New York, and California, the district winners advance to one of many sectional tournaments. The winners of each sectional tournament then advance to a state or divisional tournament, the latter only being held in Texas and California and are similar to the state tournaments held in less populous states. Most smaller states lack competition at the sectional level and go straight from district to state tournaments. A handful of states are composed of only one district, and the district champion is the automatic state champion.",0.1675390750169754,0.0012657193710418,0.5
E12503,503,20,simple,"['Great Barrington, Massachusetts', 'Wabash, Indiana', 'Wabash', 'San Francisco, CA', 'San Francisco']",First city in the us to have electricity?,"
The first city in the United States to have electricity was Wabash, Indiana. It got electricity on March 31, 1880.","
Long Answer: In the US, the first system used for electricity in the US was alternating current, which used a step up and a step down transmitter. The first US city to have electricity in its street lights was Wabash, Indiana on March 31, 1880. The first US city to use step up and step down transmitters for the whole city was Great Barrington, Massachusetts in 1886. The first US city to have central electricity sold to multiple customers via transition lines was San Francisco in 1879.
Context: The concept that is the basis of modern transmission using inexpensive step up and step down transformers was first implemented by Westinghouse, William Stanley, Jr. and Franklin Leonard Pope in 1886 in Great Barrington, Massachusetts, resorting also to European technology. In 1888 Westinghouse also licensed Nikola Tesla's induction motor patent giving AC a much needed usable motor. This system was developed into the modern 3-phase system by Mikhail Dolivo-Dobrovolsky and Allgemeine Elektricitäts-Gesellschaft and Charles Eugene Lancelot Brown in Europe, starting in 1889.
Context: After Thomas Edison pioneered electric use, light bulbs were developed for the streetlights as well. The first city to use electric street lights was Wabash, Indiana. Charles F. Brush of Cleveland, Ohio wanted to publicly test his new invention the ""Brush Light"" and needed a city to do so. The City Council of Wabash agreed to testing the lights and on March 31, 1880, Wabash became the ""First Electrically Lighted City in the World"" as a flood of light engulfed the town from four Brush Lights mounted atop the courthouse. One of the original Brush Lights is on display at the Wabash County Courthouse. By the beginning of the 20th century, the number of fire-based streetlights was dwindling as developers were searching for safer and more effective ways to illuminate their streets. Fluorescent and incandescent lights became popular during the 1930s and 1940s, when automobile travel began to flourish. A street with lights was referred to as a ""white way"" during the early 20th century. Part of New York City's Broadway was nicknamed the ""Great White Way"" due to the massive number of electric lights used on theater marquees lining the street.
Context: The California Electric Company (now PG&E) in San Francisco in 1879 used two direct current generators from Charles Brush's company to supply multiple customers with power for their arc lamps. This San Francisco system was the first case of a utility selling electricity from a central plant to multiple customers via transmission lines. CEC soon opened a second plant with 4 additional generators. Service charges for light from sundown to midnight was $10 per lamp per week.",0.4299681186676025,0.0096299436141881,0.4
E13503,503,106,complex,"['Great Barrington, Massachusetts', 'Wabash, Indiana', 'Wabash', 'San Francisco, CA', 'San Francisco']",First city in the us to have electricity?,"
The inaugural locale to experience the advent of electric illumination in the United States was, in fact, the aforementioned Wabash, Indiana, which marked a significant milestone on March 31, 1880. This city became the paradigmatic exemplar of urban electrification, as it was illuminated by the installation of four arc lamps manufactured by Charles F. Brush's company. The municipal council of Wabash had opted to capitalize on this novel technology, thereby rendering the town the ""First Electrically Lighted City in the World"". This event not only inaugurated the widespread utilization of electric lighting in the United States but also set a precedent for future municipal electrification endeavors.","
Long Answer: In the US, the first system used for electricity in the US was alternating current, which used a step up and a step down transmitter. The first US city to have electricity in its street lights was Wabash, Indiana on March 31, 1880. The first US city to use step up and step down transmitters for the whole city was Great Barrington, Massachusetts in 1886. The first US city to have central electricity sold to multiple customers via transition lines was San Francisco in 1879.
Context: The concept that is the basis of modern transmission using inexpensive step up and step down transformers was first implemented by Westinghouse, William Stanley, Jr. and Franklin Leonard Pope in 1886 in Great Barrington, Massachusetts, resorting also to European technology. In 1888 Westinghouse also licensed Nikola Tesla's induction motor patent giving AC a much needed usable motor. This system was developed into the modern 3-phase system by Mikhail Dolivo-Dobrovolsky and Allgemeine Elektricitäts-Gesellschaft and Charles Eugene Lancelot Brown in Europe, starting in 1889.
Context: After Thomas Edison pioneered electric use, light bulbs were developed for the streetlights as well. The first city to use electric street lights was Wabash, Indiana. Charles F. Brush of Cleveland, Ohio wanted to publicly test his new invention the ""Brush Light"" and needed a city to do so. The City Council of Wabash agreed to testing the lights and on March 31, 1880, Wabash became the ""First Electrically Lighted City in the World"" as a flood of light engulfed the town from four Brush Lights mounted atop the courthouse. One of the original Brush Lights is on display at the Wabash County Courthouse. By the beginning of the 20th century, the number of fire-based streetlights was dwindling as developers were searching for safer and more effective ways to illuminate their streets. Fluorescent and incandescent lights became popular during the 1930s and 1940s, when automobile travel began to flourish. A street with lights was referred to as a ""white way"" during the early 20th century. Part of New York City's Broadway was nicknamed the ""Great White Way"" due to the massive number of electric lights used on theater marquees lining the street.
Context: The California Electric Company (now PG&E) in San Francisco in 1879 used two direct current generators from Charles Brush's company to supply multiple customers with power for their arc lamps. This San Francisco system was the first case of a utility selling electricity from a central plant to multiple customers via transmission lines. CEC soon opened a second plant with 4 additional generators. Service charges for light from sundown to midnight was $10 per lamp per week.",0.203588917851448,0.0020237928947601,0.4
E12504,504,41,simple,"['Juno Violet Temple', 'Juno Temple', 'Prunella Ransome', 'Prunella Jane Ransome', 'Marion Grey']",Who played fanny in far from the madding crowd?,"
In the movie ""Far from the Madding Crowd"", several actresses have played the role of Fanny. Some of them are:

* Marion Grey (from the 1915 movie)
* Prunella Ransome (from the 1967 movie)
* Juno Temple (from the 2015 movie)","
Knowledge: Far from the Madding Crowd (1874) is Thomas Hardy's fourth novel and his first major literary success. The novel has been dramatised several times, notably in the Oscar-nominated 1967 film directed by John Schlesinger.
Long Answer: Far from the Madding Crowd was originally a book published in 1847 by Thomas Hardy. The novel has been turned into several movie adaptations since then. In the 1915 movie, Marion Grey plays the role of Fanny. In the 1967 movie, Prunella Ransome plays the role of Fanny. In the 2015 movie, Juno Temple plats the Role of Fanny.",0.3399198949337005,0.0164966254249674,0.6
E13504,504,81,complex,"['Juno Violet Temple', 'Juno Temple', 'Prunella Ransome', 'Prunella Jane Ransome', 'Marion Grey']",Who played fanny in far from the madding crowd?,"
In the 1915 film adaptation of Thomas Hardy's ""Far from the Madding Crowd,"" the role of Fanny Stone was portrayed by the accomplished actress Marion Hardy, whose maternal surname was also the author's. However, it is worth noting that the novel, originally published in 1874, features a character named Fanny, but she is not the primary protagonist. The character of Fanny, whose first name is not explicitly mentioned, is a significant figure in the narrative, yet her identity remains somewhat ambiguous.","
Knowledge: Far from the Madding Crowd (1874) is Thomas Hardy's fourth novel and his first major literary success. The novel has been dramatised several times, notably in the Oscar-nominated 1967 film directed by John Schlesinger.
Long Answer: Far from the Madding Crowd was originally a book published in 1847 by Thomas Hardy. The novel has been turned into several movie adaptations since then. In the 1915 movie, Marion Grey plays the role of Fanny. In the 1967 movie, Prunella Ransome plays the role of Fanny. In the 2015 movie, Juno Temple plats the Role of Fanny.",0.1954781711101532,0.0022370506901059,0.0
E12505,505,17,simple,"['Kingdom of Eswatini', 'Swaziland', 'Eswatini', 'Eswatini (Swaziland)', 'Kingdom of Eswatini', 'Swaziland', 'Eswatini', 'Eswatini (Swaziland)', 'Botswana', 'Republic of Botswana']",Which african country has the highest rate of hiv?,"
According to the text, Eswatini (also known as Swaziland) has the highest HIV rate among African countries.","
Knowledge: In response, a number of initiatives have been launched in various parts of the continent to educate the public on HIV/AIDS. Among these are combination prevention programs, considered to be the most effective initiative, such as the abstinence, be faithful, use a condom campaign and the Desmond Tutu HIV Foundation's outreach programs.[9]
The number of HIV positive people in Africa receiving anti-retroviral treatment in 2012 was over seven times the number receiving treatment in 2005, with nearly 1 million added in the previous year.[10][11]:15 The number of AIDS-related deaths in Sub-Saharan Africa in 2011 was 33 percent less than the number in 2005.[12] The number of new HIV infections in Sub-Saharan Africa in 2011 was 25 percent less than the number in 2001.[12]
Long Answer: Throughout the 21st century, different African countries' HIV rates have dramatically changed due to new public health initiatives and treatments. In 2001, Botswana had the highest HIV rate for ages 15-49 in Africa. In 2011, Eswatini, otherwise known as Swaziland, had the highest HIV rate for ages 15-49 in Africa. As of 2016, this statistic is still accurate.
Context: In the mid-1980s, HIV and AIDS were virtually unheard of in southern Africa. However, it is now the worst-affected region in the world. Currently, Eswatini and Lesotho have the highest and second highest HIV prevalence rates in the world, respectively. Of the nine southern African countries (Botswana, Lesotho, Malawi, Mozambique, Namibia, South Africa, Eswatini, Zambia, and Zimbabwe), four are estimated to have an infection rate of over 15 percent.",0.3782510757446289,0.0115027836199,0.3333333333333333
E13505,505,209,complex,"['Kingdom of Eswatini', 'Swaziland', 'Eswatini', 'Eswatini (Swaziland)', 'Kingdom of Eswatini', 'Swaziland', 'Eswatini', 'Eswatini (Swaziland)', 'Botswana', 'Republic of Botswana']",Which african country has the highest rate of hiv?,"
The notion of which African country boasts the highest rate of HIV necessitates an examination of the most current and comprehensive data regarding the prevalence of the virus on the continent. According to various sources, including the World Health Organization (WHO) and other reputable health organizations, Eswatini, formerly known as Swaziland, presently holds the distinction of having the highest HIV prevalence rate among all African countries, specifically amongst the population aged 15-49 years.

In fact, a study conducted by the WHO in 2011 revealed that Eswatini accounted for approximately 26.1% of the global HIV prevalence rate, surpassing even the previously leading country, Botswana, which was the country with the highest HIV prevalence rate in the early 2000s. This extraordinary finding underscores the significant progress made in the region, as a result of concerted efforts by governments, health organizations, and community leaders to combat the spread of HIV/AIDS through education, prevention programs, and treatment initiatives.

This notwithstanding, it is crucial to acknowledge that the situation in the country is still marked by significant challenges, and considerable work remains to be done to mitigate the ongoing impact of the pandemic. Nevertheless, the data provided a clear indication that Eswatini is currently the country with the highest HIV prevalence rate in Africa.","
Knowledge: In response, a number of initiatives have been launched in various parts of the continent to educate the public on HIV/AIDS. Among these are combination prevention programs, considered to be the most effective initiative, such as the abstinence, be faithful, use a condom campaign and the Desmond Tutu HIV Foundation's outreach programs.[9]
The number of HIV positive people in Africa receiving anti-retroviral treatment in 2012 was over seven times the number receiving treatment in 2005, with nearly 1 million added in the previous year.[10][11]:15 The number of AIDS-related deaths in Sub-Saharan Africa in 2011 was 33 percent less than the number in 2005.[12] The number of new HIV infections in Sub-Saharan Africa in 2011 was 25 percent less than the number in 2001.[12]
Long Answer: Throughout the 21st century, different African countries' HIV rates have dramatically changed due to new public health initiatives and treatments. In 2001, Botswana had the highest HIV rate for ages 15-49 in Africa. In 2011, Eswatini, otherwise known as Swaziland, had the highest HIV rate for ages 15-49 in Africa. As of 2016, this statistic is still accurate.
Context: In the mid-1980s, HIV and AIDS were virtually unheard of in southern Africa. However, it is now the worst-affected region in the world. Currently, Eswatini and Lesotho have the highest and second highest HIV prevalence rates in the world, respectively. Of the nine southern African countries (Botswana, Lesotho, Malawi, Mozambique, Namibia, South Africa, Eswatini, Zambia, and Zimbabwe), four are estimated to have an infection rate of over 15 percent.",0.2157278209924698,0.0010191678193807,0.5
E12506,506,11,simple,"['7', '10', 'ten']",How many episodes in the first season of anne with an e?,"
The first season of Anne with an E had 7 episodes.","
Knowledge: Anne with an E (initially titled Anne for its first season within Canada) is a Canadian television series adapted from Lucy Maud Montgomery's 1908 classic work of children's literature, Anne of Green Gables.
Long Answer: Anne with an E is a Canadian television adaptation of the book Anne of Green Gables by Lucy Maud Montgomery. The show was titled Anne in the first season but was later changed to Anne with an E. The first season consisted of 7 episodes and the second season after the name change consisted of 10 episodes.",0.485484778881073,0.0188503190227473,0.3333333333333333
E13506,506,38,complex,"['7', '10', 'ten']",How many episodes in the first season of anne with an e?,"
The inaugural season of the Canadian television series, subsequently rebranded as Anne with an E, consisted of a limited yet inaugural series of seven episodic installments, marking a modest yet promising inaugural foray into the world of television.","
Knowledge: Anne with an E (initially titled Anne for its first season within Canada) is a Canadian television series adapted from Lucy Maud Montgomery's 1908 classic work of children's literature, Anne of Green Gables.
Long Answer: Anne with an E is a Canadian television adaptation of the book Anne of Green Gables by Lucy Maud Montgomery. The show was titled Anne in the first season but was later changed to Anne with an E. The first season consisted of 7 episodes and the second season after the name change consisted of 10 episodes.",0.2422986179590225,0.0,0.0
E12507,507,11,simple,"['Kesha', 'Ke$ha', 'Kesha', 'Ke$ha']",Who sang tik tok and we r who we r?,"
Kesha sang both ""Tik Tok"" and ""We R Who We R"".","
Knowledge: Kesha Rose Sebert (/ˈkɛʃə ˈsiːbərt/; born March 1, 1987), known mononymously as Kesha (formerly stylized as Ke$ha), is an American singer, songwriter, rapper and actress.[1]
Long Answer: Musical artist Kesha, formerly stylized as Ke$ha, sang both Tik Tok and We R Who We R.
Context: Jocelyn Vena from MTV News gave the song a positive review, writing ""[Kesha] has found a chart-topping formula, combin[ing] killer beats with lyrics about super-fun parties and hot pants."" Vena commented that, although the song was not groundbreaking and did not stray too far away from previous singles ""Tik Tok"" or ""Take It Off"", that hardly matters as ""it's another uber-fun tune about how awesome it is to dance the night away"" with an ""inspired [message about] the recent rash of suicides among gay youth."" Jason Lipshutz from ""Billboard"" gave the song a positive review; he praised Dr. Luke's production and the song's chorus. Lipshutz commented on the song's similarity to ""Tik Tok"", writing, ""Instead of straying from the 'TiK ToK' formula, 'We R Who We R,' ... smartly maximizes [Kesha's] most appealing qualities."" The review concluded that the song ""demonstrates that [Kesha] still has mileage left in her electro-pop sound as she gears up for her next album."" Leah Greenblatt of ""Entertainment Weekly"" called the song a ""companion piece"" to Pink's ""Raise Your Glass"" citing their similar subject matter and close releases. Nitsuh Abebe from NY Magazine complimented the song's chorus and trance pop elements. Abebe wrote that the song embodied a ""hollowed-out, free-of-yourself feeling"", commenting that almost all electronic dance music imbues feelings ""that are almost spiritual, that sense of being subsumed and out-of-body"". Melinda Newman of HitFix called the song ""incredibly stupid, but it has the main ingredients to make it a global hit: an insistent beat and positive lyrics that promise to suspend time and keep us 'forever young,' or better yet, transport us back to a time when we felt like we were."" Newman referred to herself as one of the singer's biggest detractors, but wrote ""I like one of her songs--or at least begrudgingly admire its crass charms."" In an album review of ""Cannibal"", Newman referred to the song as a ""great self-acceptance anthem.'",0.3693390786647796,0.0188503190227473,0.5
E13507,507,30,complex,"['Kesha', 'Ke$ha', 'Kesha', 'Ke$ha']",Who sang tik tok and we r who we r?,"
The enigmatic and multifaceted Kesha, a prominent figure in the music industry, is the accomplished vocalist responsible for crafting the chart-topping hits ""Tik Tok"" and ""We R Who We R"".","
Knowledge: Kesha Rose Sebert (/ˈkɛʃə ˈsiːbərt/; born March 1, 1987), known mononymously as Kesha (formerly stylized as Ke$ha), is an American singer, songwriter, rapper and actress.[1]
Long Answer: Musical artist Kesha, formerly stylized as Ke$ha, sang both Tik Tok and We R Who We R.
Context: Jocelyn Vena from MTV News gave the song a positive review, writing ""[Kesha] has found a chart-topping formula, combin[ing] killer beats with lyrics about super-fun parties and hot pants."" Vena commented that, although the song was not groundbreaking and did not stray too far away from previous singles ""Tik Tok"" or ""Take It Off"", that hardly matters as ""it's another uber-fun tune about how awesome it is to dance the night away"" with an ""inspired [message about] the recent rash of suicides among gay youth."" Jason Lipshutz from ""Billboard"" gave the song a positive review; he praised Dr. Luke's production and the song's chorus. Lipshutz commented on the song's similarity to ""Tik Tok"", writing, ""Instead of straying from the 'TiK ToK' formula, 'We R Who We R,' ... smartly maximizes [Kesha's] most appealing qualities."" The review concluded that the song ""demonstrates that [Kesha] still has mileage left in her electro-pop sound as she gears up for her next album."" Leah Greenblatt of ""Entertainment Weekly"" called the song a ""companion piece"" to Pink's ""Raise Your Glass"" citing their similar subject matter and close releases. Nitsuh Abebe from NY Magazine complimented the song's chorus and trance pop elements. Abebe wrote that the song embodied a ""hollowed-out, free-of-yourself feeling"", commenting that almost all electronic dance music imbues feelings ""that are almost spiritual, that sense of being subsumed and out-of-body"". Melinda Newman of HitFix called the song ""incredibly stupid, but it has the main ingredients to make it a global hit: an insistent beat and positive lyrics that promise to suspend time and keep us 'forever young,' or better yet, transport us back to a time when we felt like we were."" Newman referred to herself as one of the singer's biggest detractors, but wrote ""I like one of her songs--or at least begrudgingly admire its crass charms."" In an album review of ""Cannibal"", Newman referred to the song as a ""great self-acceptance anthem.'",0.2149403840303421,0.0,0.5
E12508,508,11,simple,"['April 22, 1993', 'April 26, 1993']",When did the holocaust museum in washington dc open?,"
The Holocaust Museum in Washington DC opened on April 26, 1993.","
Long Answer: The Holocaust Memorial Museum in Washington DC was approved by Congress in 1980. The dedication ceremony occurred on April 22, 1993 and included speeches by American President Bill Clinton, Israeli President Chaim Herzog, Chairman Harvey Meyerhoff, and Elie Wiesel. The museum opened to the general public 4 days later on April 26, 1993.
Context: Since its dedication on April 22, 1993, the Museum has had nearly 40 million visitors, including more than 10 million school children, 99 heads of state, and more than 3,500 foreign officials from over 211 countries. The Museum's visitors came from all over the world, and less than 10 percent of the Museum's visitors are Jewish. Its website had 25 million visits in 2008 from an average of 100 different countries daily. Thirty-five percent of these visits were from outside the United States.
Context: After a unanimous vote by the United States Congress in 1980 to establish the museum, the federal government made available of land adjacent to the Washington Monument for construction. Under the original Director Richard Krieger, and subsequent Director Jeshajahu Weinberg and Chairman Miles Lerman, nearly $190 million was raised from private sources for building design, artifact acquisition, and exhibition creation. In October 1988, President Ronald Reagan helped lay the cornerstone of the building, designed by the architect James Ingo Freed. Dedication ceremonies on April 22, 1993 included speeches by American President Bill Clinton, Israeli President Chaim Herzog, Chairman Harvey Meyerhoff, and Elie Wiesel. On April 26, 1993, the Museum opened to the general public. Its first visitor was the 14th Dalai Lama of Tibet.",0.5616812705993652,0.0398635712826801,0.5
E13508,508,121,complex,"['April 22, 1993', 'April 26, 1993']",When did the holocaust museum in washington dc open?,"
The United States Holocaust Memorial Museum in Washington, D.C. officially inaugurated its doors on April 26, 1993, following a dedication ceremony held on the 22nd of April, 1993, wherein a coterie of esteemed dignitaries, including the then-President of the United States, Bill Clinton, the President of Israel, Chaim Herzog, the Chairman of the Museum's Board, Harvey Meyerhoff, and the renowned Holocaust survivor, Elie Wiesel, delivered impassioned tributes to commemorate the occasion. This inaugural event marked the culmination of a concerted effort by the federal government to establish the museum, which was initially approved by a unanimous vote of the United States Congress in 1980, necessitating the acquisition of land adjacent to the Washington Monument for the purpose of constructing the edifice.","
Long Answer: The Holocaust Memorial Museum in Washington DC was approved by Congress in 1980. The dedication ceremony occurred on April 22, 1993 and included speeches by American President Bill Clinton, Israeli President Chaim Herzog, Chairman Harvey Meyerhoff, and Elie Wiesel. The museum opened to the general public 4 days later on April 26, 1993.
Context: Since its dedication on April 22, 1993, the Museum has had nearly 40 million visitors, including more than 10 million school children, 99 heads of state, and more than 3,500 foreign officials from over 211 countries. The Museum's visitors came from all over the world, and less than 10 percent of the Museum's visitors are Jewish. Its website had 25 million visits in 2008 from an average of 100 different countries daily. Thirty-five percent of these visits were from outside the United States.
Context: After a unanimous vote by the United States Congress in 1980 to establish the museum, the federal government made available of land adjacent to the Washington Monument for construction. Under the original Director Richard Krieger, and subsequent Director Jeshajahu Weinberg and Chairman Miles Lerman, nearly $190 million was raised from private sources for building design, artifact acquisition, and exhibition creation. In October 1988, President Ronald Reagan helped lay the cornerstone of the building, designed by the architect James Ingo Freed. Dedication ceremonies on April 22, 1993 included speeches by American President Bill Clinton, Israeli President Chaim Herzog, Chairman Harvey Meyerhoff, and Elie Wiesel. On April 26, 1993, the Museum opened to the general public. Its first visitor was the 14th Dalai Lama of Tibet.",0.3227103650569916,0.0031470859396188,0.5
E12509,509,23,simple,"['1916', '1940', '1948', '1950', '1960']",When did women get the right to vote in canada?,"
Women in some parts of Canada got the right to vote in 1916. However, some people didn't get this right until much later.","
Long Answer: Women's suffrage in Canada occurred at different times in different jurisdictions and at different times to different demographics of women. In 1916, women's suffrage was granted to White and Black women in Manitoba, Saskatchewan, and Alberta. This extended to every province except Quebec by 1922. Women in Quebec did not receive full suffrage until 1940. Asian women (and men) were not granted suffrage until after World War II in 1948, Inuit women (and men) were not granted suffrage until 1950 and it was not until 1960 that suffrage (in Federal elections) was extended to First Nations women (and men) without requiring them to give up their treaty status.
Context: Women's suffrage in Canada occurred at different times in different jurisdictions and at different times to different demographics of women. Women's right to vote began in the three prairie provinces. In 1916, suffrage was given to women in Manitoba, Saskatchewan, and Alberta. The federal government granted limited war-time suffrage to some women in 1917, and followed with full suffrage in 1918. By the close of 1922, all the Canadian provinces, except Quebec, had granted full suffrage to white and black women. Newfoundland, at that time a separate country, granted women suffrage in 1925. Women in Quebec did not receive full suffrage until 1940.
Context: Asian women (and men) were not granted suffrage until after World War II in 1948, Inuit women (and men) were not granted suffrage until 1950 and it was not until 1960 that suffrage was extended to First Nations women (and men) without requiring them to give up their treaty status. 
Context: The suffrage movement written about here included only white women. Black men and women were allowed the right to vote at the same time of white women because of the abolishment of slavery in 1834, they were no longer a separate group from white men and women. Asian men and women were not allowed the right to vote until after World War 2. Inuit people gained the right to vote in 1950 and First Nations men and women were not allowed to vote until 1960, twenty years after the entire country allowed white women and black men and women to vote.
Context: Asian women (and men) were not granted suffrage until after World War II in 1948, Inuit women (and men) were not granted suffrage until 1950 and it was not until 1960 that suffrage was extended to First Nations women (and men) without requiring them to give up their treaty status. ",0.2287493199110031,0.0,0.2
E13509,509,190,complex,"['1916', '1940', '1948', '1950', '1960']",When did women get the right to vote in canada?,"
The enfranchisement of women in Canada was a gradual process, with disparate temporalities and spatial variances depending on the jurisdiction and demographic. Initially, the three prairie provinces of Manitoba, Saskatchewan, and Alberta extended suffrage to women in 1916, with this concession predating the federal government's grant of limited war-time suffrage to select women in 1917. Subsequently, full suffrage was conferred upon women in all provinces, save Quebec, by 1922, a milestone marking the termination of this period of gendered restriction.

Notwithstanding, women in Quebec remained disenfranchised until 1940, when a long-standing anomaly was rectified. Moreover, Indigenous women, including those of the Inuit and First Nations, faced significant barriers to enfranchisement. Specifically, Inuit women and men were granted the right to vote in 1950, whereas First Nations women and men were not afforded similar rights until 1960, under conditions that allowed them to retain their treaty status.

Lastly, Asian Canadians, who comprised a significant portion of the country's population, were not granted the right to vote until the post-war era, specifically 1948. This delay underscored the persistence of systemic inequities, which had far-reaching implications for social and political representation in Canada.","
Long Answer: Women's suffrage in Canada occurred at different times in different jurisdictions and at different times to different demographics of women. In 1916, women's suffrage was granted to White and Black women in Manitoba, Saskatchewan, and Alberta. This extended to every province except Quebec by 1922. Women in Quebec did not receive full suffrage until 1940. Asian women (and men) were not granted suffrage until after World War II in 1948, Inuit women (and men) were not granted suffrage until 1950 and it was not until 1960 that suffrage (in Federal elections) was extended to First Nations women (and men) without requiring them to give up their treaty status.
Context: Women's suffrage in Canada occurred at different times in different jurisdictions and at different times to different demographics of women. Women's right to vote began in the three prairie provinces. In 1916, suffrage was given to women in Manitoba, Saskatchewan, and Alberta. The federal government granted limited war-time suffrage to some women in 1917, and followed with full suffrage in 1918. By the close of 1922, all the Canadian provinces, except Quebec, had granted full suffrage to white and black women. Newfoundland, at that time a separate country, granted women suffrage in 1925. Women in Quebec did not receive full suffrage until 1940.
Context: Asian women (and men) were not granted suffrage until after World War II in 1948, Inuit women (and men) were not granted suffrage until 1950 and it was not until 1960 that suffrage was extended to First Nations women (and men) without requiring them to give up their treaty status. 
Context: The suffrage movement written about here included only white women. Black men and women were allowed the right to vote at the same time of white women because of the abolishment of slavery in 1834, they were no longer a separate group from white men and women. Asian men and women were not allowed the right to vote until after World War 2. Inuit people gained the right to vote in 1950 and First Nations men and women were not allowed to vote until 1960, twenty years after the entire country allowed white women and black men and women to vote.
Context: Asian women (and men) were not granted suffrage until after World War II in 1948, Inuit women (and men) were not granted suffrage until 1950 and it was not until 1960 that suffrage was extended to First Nations women (and men) without requiring them to give up their treaty status. ",0.183611661195755,0.0,1.0
E12510,510,11,simple,"['Tom Brady', 'Drew Brees']",Who has the most total passing yards in nfl history?,"
Drew Brees has the most total passing yards in NFL history.","
Knowledge: In several forms of football a forward pass is a throwing of the ball in the direction that the offensive team is trying to move, towards the defensive team's goal line.
Knowledge: A member of the New Orleans Saints for most of his career, Brees is the NFL leader in career pass completions, career completion percentage, and regular season passing yards, along with being second in career touchdown passes and career pass attempts.
Knowledge: He spent his first 20 seasons with the New England Patriots, where he was a central contributor to the franchise's dynasty from 2001 to 2019.
Long Answer: In several forms of football a forward pass is a throwing of the ball in the direction that the offensive team is trying to move, towards the defensive team's goal line. Not including the playoffs, Drew Brees has the most total passing yards in NFL history. Brees was a member of the New Orleans Saints for most of his career. Including the playoffs, Tom Brady has the most total passing yards in NFL history. Brady spent his first 20 seasons with the New England Patriots.",0.6510311961174011,0.0398635712826801,0.5
E13510,510,160,complex,"['Tom Brady', 'Drew Brees']",Who has the most total passing yards in nfl history?,"
The veracity of the query necessitates an examination of the cumulative totals achieved by two of the most illustrious quarterbacks in the National Football League. Drew Brees, a stalwart of the New Orleans Saints, and Tom Brady, a renowned veteran of the New England Patriots, have garnered considerable attention for their prodigious passing abilities. 

While Brees has been a central figure in the Saints' franchise for the majority of his career, his tenure is somewhat eclipsed by Brady's 20-season tenure with the Patriots, which has been marked by a plethora of accolades and triumphs. Nonetheless, in terms of sheer passing yardage, the distinction belongs to Brees, who has recorded a staggering 80,358 yards, thereby cementing his position as the all-time leader in this category. Notwithstanding this achievement, Brady's remarkable resume, replete with Super Bowl wins and numerous individual honors, underscores the formidable nature of his career. Nonetheless, the factual evidence unequivocally establishes Brees as the preeminent figure in this regard.","
Knowledge: In several forms of football a forward pass is a throwing of the ball in the direction that the offensive team is trying to move, towards the defensive team's goal line.
Knowledge: A member of the New Orleans Saints for most of his career, Brees is the NFL leader in career pass completions, career completion percentage, and regular season passing yards, along with being second in career touchdown passes and career pass attempts.
Knowledge: He spent his first 20 seasons with the New England Patriots, where he was a central contributor to the franchise's dynasty from 2001 to 2019.
Long Answer: In several forms of football a forward pass is a throwing of the ball in the direction that the offensive team is trying to move, towards the defensive team's goal line. Not including the playoffs, Drew Brees has the most total passing yards in NFL history. Brees was a member of the New Orleans Saints for most of his career. Including the playoffs, Tom Brady has the most total passing yards in NFL history. Brady spent his first 20 seasons with the New England Patriots.",0.0817814692854881,0.0014765965592356,1.0
E12511,511,52,simple,"['544', '592', '131 minutes', '110 minutes']",How long is the new 50 shades of grey?,"
There are two books in the Fifty Shades series, not one called ""Fifty Shades of Grey"". 

One book is called Fifty Shades of Grey, it has 482 pages.

There are two movies based on the books, Fifty Shades of Grey (2011) and Fifty Shades Darker (2017). They are both the same length.","
Knowledge: Fifty Shades is a series of erotic novels by E. L. James, initially a trilogy consisting of Fifty Shades of Grey (2011), Fifty Shades Darker (2012) and Fifty Shades Freed (2012).[1][2] The series traces the deepening relationship between college graduate Anastasia Steele and young business man Christian Grey.
Long Answer: Fifty Shades is a series of erotic novels by E. L. James, initially a trilogy consisting of Fifty Shades of Grey (2011), Fifty Shades Darker (2012) and Fifty Shades Freed (2012). The series traces the deepening relationship between college graduate Anastasia Steele and young business man Christian Grey. Fifty Shades Darker has 544 pages and the film is 131 minutes long. Fifty Shades Freed has 592 pages and the film is 110 minutes long.",0.2157904356718063,0.0,0.0
E13511,511,68,complex,"['544', '592', '131 minutes', '110 minutes']",How long is the new 50 shades of grey?,"
I couldn't find any recent information about a new release of the book ""Fifty Shades of Grey"" by E. L. James. The original trilogy has been widely available since its initial publication in 2011, and subsequent novels, ""Fifty Shades Darker"" and ""Fifty Shades Freed"", have not been updated or re-released. The original editions of these books, however, remain widely available in various formats, including paperback, e-book, and audiobook.","
Knowledge: Fifty Shades is a series of erotic novels by E. L. James, initially a trilogy consisting of Fifty Shades of Grey (2011), Fifty Shades Darker (2012) and Fifty Shades Freed (2012).[1][2] The series traces the deepening relationship between college graduate Anastasia Steele and young business man Christian Grey.
Long Answer: Fifty Shades is a series of erotic novels by E. L. James, initially a trilogy consisting of Fifty Shades of Grey (2011), Fifty Shades Darker (2012) and Fifty Shades Freed (2012). The series traces the deepening relationship between college graduate Anastasia Steele and young business man Christian Grey. Fifty Shades Darker has 544 pages and the film is 131 minutes long. Fifty Shades Freed has 592 pages and the film is 110 minutes long.",0.1170728802680969,0.0,0.0
E12512,512,11,simple,"['Muslim Maynila', 'Manila', 'Council of the Indies', 'Council of Castile', 'junta', 'standing committee']",What was the capital of a large area of the spanish empire?,"
The capital of the Spanish Empire in the Philippines was Manila.","
Long Answer: Spanish colonization began in earnest when López de Legazpi arrived from Mexico in 1565 and formed the first settlements in Cebu. Beginning with just five ships and five hundred men accompanied by Augustinian friars, and further strengthened in 1567 by two hundred soldiers, he was able to repel the Portuguese and create the foundations for the colonization of the archipelago. The combined Spanish-Mexican-Filipino forces built a Christian walled city over the burnt ruins of Muslim Maynila, made it as the new capital of the Spanish East Indies, and renamed it Manila. In 1511, the Junta of The Indies was constituted as a standing committee belonging to the Council of Castile to address issues of the Indies.
Context: Spanish colonization began in earnest when López de Legazpi arrived from Mexico in 1565 and formed the first settlements in Cebu. Beginning with just five ships and five hundred men accompanied by Augustinian friars, and further strengthened in 1567 by two hundred soldiers, he was able to repel the Portuguese and create the foundations for the colonization of the archipelago. In 1571, the Spanish, their Mexican recruits and their Filipino (Visayan) allies attacked and occupied Maynila, a vassal-state of the Sultanate of Brunei, and negotiated the incorporation of the Kingdom of Tondo which was liberated from the Bruneian Sultanate's control and of whom, their princess, Gandarapa, had a tragic romance with the Mexican-born Conquistador and grandson of Miguel Lopez de Legazpi, Juan de Salcedo. The combined Spanish-Mexican-Filipino forces also built a Christian walled city over the burnt ruins of Muslim Maynila and made it as the new capital of the Spanish East Indies and renamed it Manila. Spaniards were few and life was difficult and they were often outnumbered by their Latino recruits and Filipino allies. They attempted to mobilize subordinated populations through the encomienda. Unlike in the Caribbean where the indigenous populations rapidly disappeared, the indigenous populations continued to be robust in the Philippines. One Spaniard described the climate as ""cuarto meses de polvo, cuartro meses de lodo, y cuartro meses de todo"" (four months of dust, four months of mud, and four months of everything).
Context: In 1511, the Junta of The Indies was constituted as a standing committee belonging to the Council of Castile to address issues of the Indies, and this ""junta"" constituted the origin of the Council of the Indies, established in 1524. That same year, the crown established a permanent high court, or ""audiencia"", in the most important city at the time, Santo Domingo, on the island of Hispaniola (now Haiti and the Dominican Republic). Now oversight of the Indies was based both in Castile and with officials of the new royal court in the colony. As new areas were conquered and significant Spanish settlements were established, likewise other audiencias were established.",0.3528274893760681,0.0398635712826801,0.1666666666666666
E13512,512,167,complex,"['Muslim Maynila', 'Manila', 'Council of the Indies', 'Council of Castile', 'junta', 'standing committee']",What was the capital of a large area of the spanish empire?,"
The capital of a vast and expansive region of the Spanish Empire was a city known as Manila, which was situated on the island of Luzon in the Philippines. Established in 1571 by the Spanish conquistador Ruy López de Legazpi, Manila served as the primary urban center and administrative hub for the Spanish East Indies, encompassing a vast territory that included the Philippines, Guam, and parts of Malaysia. The city's strategic location facilitated the colonization and governance of this region, which was subsequently incorporated into the Spanish Empire through a series of treaties and agreements with indigenous leaders and neighboring states. Under Spanish rule, Manila became a cosmopolitan and culturally rich city, boasting a blend of Spanish, Mexican, and Filipino influences in its architecture, art, and traditions. As the capital of the Spanish East Indies, Manila played a pivotal role in the administration and exploitation of the region's vast resources, with its strategic harbor and fortifications making it a key stronghold for Spanish power in Southeast Asia.","
Long Answer: Spanish colonization began in earnest when López de Legazpi arrived from Mexico in 1565 and formed the first settlements in Cebu. Beginning with just five ships and five hundred men accompanied by Augustinian friars, and further strengthened in 1567 by two hundred soldiers, he was able to repel the Portuguese and create the foundations for the colonization of the archipelago. The combined Spanish-Mexican-Filipino forces built a Christian walled city over the burnt ruins of Muslim Maynila, made it as the new capital of the Spanish East Indies, and renamed it Manila. In 1511, the Junta of The Indies was constituted as a standing committee belonging to the Council of Castile to address issues of the Indies.
Context: Spanish colonization began in earnest when López de Legazpi arrived from Mexico in 1565 and formed the first settlements in Cebu. Beginning with just five ships and five hundred men accompanied by Augustinian friars, and further strengthened in 1567 by two hundred soldiers, he was able to repel the Portuguese and create the foundations for the colonization of the archipelago. In 1571, the Spanish, their Mexican recruits and their Filipino (Visayan) allies attacked and occupied Maynila, a vassal-state of the Sultanate of Brunei, and negotiated the incorporation of the Kingdom of Tondo which was liberated from the Bruneian Sultanate's control and of whom, their princess, Gandarapa, had a tragic romance with the Mexican-born Conquistador and grandson of Miguel Lopez de Legazpi, Juan de Salcedo. The combined Spanish-Mexican-Filipino forces also built a Christian walled city over the burnt ruins of Muslim Maynila and made it as the new capital of the Spanish East Indies and renamed it Manila. Spaniards were few and life was difficult and they were often outnumbered by their Latino recruits and Filipino allies. They attempted to mobilize subordinated populations through the encomienda. Unlike in the Caribbean where the indigenous populations rapidly disappeared, the indigenous populations continued to be robust in the Philippines. One Spaniard described the climate as ""cuarto meses de polvo, cuartro meses de lodo, y cuartro meses de todo"" (four months of dust, four months of mud, and four months of everything).
Context: In 1511, the Junta of The Indies was constituted as a standing committee belonging to the Council of Castile to address issues of the Indies, and this ""junta"" constituted the origin of the Council of the Indies, established in 1524. That same year, the crown established a permanent high court, or ""audiencia"", in the most important city at the time, Santo Domingo, on the island of Hispaniola (now Haiti and the Dominican Republic). Now oversight of the Indies was based both in Castile and with officials of the new royal court in the colony. As new areas were conquered and significant Spanish settlements were established, likewise other audiencias were established.",0.0772916823625564,0.0025147349970344,0.1666666666666666
E12513,513,28,simple,"['Bruno Sammartino', 'The Fabulous Moolah']",Who has the longest title reign in wwe?,"
Bruno Sammartino has the longest title reign in WWE. He was a champion a long time ago and held the record for the longest time, almost 3 years!","
Knowledge: She is overall an eight-time women's world champion and to this day holds the record as the longest reigning women's world champion in combination of all her reigns.
Knowledge: As of August 21, 2021, there have been 141 recognized reigns between 53 recognized champions and 11 recognized vacancies (there are 4 reigns, 2 people, and 2 vacancies that are not recognized by the WWE).
Long Answer: As of August 2021, there have been 136 recognized reigns between 51 different recognized champions and 11 recognized vacancies. The champion with the single longest reign is Bruno Sammartino with a reign of 2,803 days while the record for longest combined reign is also held by Sammartino at 4,040. The Fabulous Moolah is the woman with the longest title reign in the WWE and was an eight-time women's world champion.
Context: As of 15, 2020, there have been 136 recognized reigns between 51 different recognized champions and 11 recognized vacancies (there are 4 reigns, 2 people, and 2 vacancies that are not recognized by the WWE). The first champion was Buddy Rogers, who won the championship in 1963. The champion with the single longest reign is Bruno Sammartino with a reign of 2,803 days while the record for longest combined reign is also held by Sammartino at 4,040. John Cena has the most reigns at 13. Eight men in history have held the championship for a continuous reign of one year (365 days) or more: Bruno Sammartino (who achieved the feat on two separate occasions), Pedro Morales, Bob Backlund, Hulk Hogan, Randy Savage, John Cena, CM Punk, and AJ Styles.",0.2477668672800064,0.0142036090797233,0.5
E13513,513,181,complex,"['Bruno Sammartino', 'The Fabulous Moolah']",Who has the longest title reign in wwe?,"
The individual possessing the longest tenure as the WWE Women's Champion is a remarkable figure, renowned for her unparalleled dominance in the realm of women's professional wrestling. The Fabulous ""Moolah,"" a moniker synonymous with excellence, has successfully defended the title on eight separate occasions, thereby setting a preeminent standard for the duration of her reigns.

Notably, the cumulative length of her reigns has been remarkably extensive, encompassing 4,040 days, thereby establishing her as the record holder for the longest title reign in WWE history. This impressive feat is a testament to her unwavering dedication, unrelenting passion, and unyielding commitment to excellence, which has undoubtedly contributed to her esteemed reputation as a trailblazer in the female wrestling fraternity.

It is essential to acknowledge that her reigns span multiple eras, demonstrating an enduring legacy that has transcended generations, and her influence continues to inspire and captivate audiences to this day. In a field marked by fleeting moments of glory, her sustained dominance has earned her a permanent place in the annals of wrestling history, cementing her status as an icon of the sport.","
Knowledge: She is overall an eight-time women's world champion and to this day holds the record as the longest reigning women's world champion in combination of all her reigns.
Knowledge: As of August 21, 2021, there have been 141 recognized reigns between 53 recognized champions and 11 recognized vacancies (there are 4 reigns, 2 people, and 2 vacancies that are not recognized by the WWE).
Long Answer: As of August 2021, there have been 136 recognized reigns between 51 different recognized champions and 11 recognized vacancies. The champion with the single longest reign is Bruno Sammartino with a reign of 2,803 days while the record for longest combined reign is also held by Sammartino at 4,040. The Fabulous Moolah is the woman with the longest title reign in the WWE and was an eight-time women's world champion.
Context: As of 15, 2020, there have been 136 recognized reigns between 51 different recognized champions and 11 recognized vacancies (there are 4 reigns, 2 people, and 2 vacancies that are not recognized by the WWE). The first champion was Buddy Rogers, who won the championship in 1963. The champion with the single longest reign is Bruno Sammartino with a reign of 2,803 days while the record for longest combined reign is also held by Sammartino at 4,040. John Cena has the most reigns at 13. Eight men in history have held the championship for a continuous reign of one year (365 days) or more: Bruno Sammartino (who achieved the feat on two separate occasions), Pedro Morales, Bob Backlund, Hulk Hogan, Randy Savage, John Cena, CM Punk, and AJ Styles.",0.0019219183595851,0.0020950841466918,0.0
E12514,514,17,simple,"['The Sound of Music song ""The Lonely Goatherd""', 'Wind it Up']",High on the hill was a lonely goatherd gwen stefani?,"
That's not the correct song title. The correct title is ""Wind It Up"", which Gwen Stefani released.","
Knowledge: Stefani considered The Sound of Music her favorite film, and she had wanted to incorporate a beat to one of its songs all her life.[4]
Long Answer: Wind It Up is a song by American singer and songwriter Gwen Stefani. Originally written for inclusion on Stefani's Harajuku Lovers Tour, the song was later recorded for her second solo studio album, The Sweet Escape (2006). The track contains an interpolation of The Sound of Music song ""The Lonely Goatherd"". Stefani considered The Sound of Music her favorite film, and she had wanted to incorporate a beat to one of its songs all her life.
Context: ""Wind It Up"" is a song by American singer and songwriter Gwen Stefani. Originally written for inclusion on Stefani's Harajuku Lovers Tour, the song was later recorded for her second solo studio album, ""The Sweet Escape"" (2006). The track contains an interpolation of ""The Sound of Music"" song ""The Lonely Goatherd"".",0.2311102449893951,0.0136791921231218,0.5
E13514,514,84,complex,"['The Sound of Music song ""The Lonely Goatherd""', 'Wind it Up']",High on the hill was a lonely goatherd gwen stefani?,"
Actually, the renowned singer-songwriter Gwen Stefani has not recorded a rendition of the iconic ""Lonely Goatherd"" from ""The Sound of Music"". It is the ""Lonely Goatherd"" that appears in the classic Rodgers and Hammerstein musical, which is indeed a favorite of Stefani's. However, it was her original composition, ""Wind It Up"", that was released as a single from her second solo album, ""The Sweet Escape"" (2006), a melodic endeavor that drew inspiration from various artistic sources, including the cinematic legacy of Rodgers and Hammerstein.","
Knowledge: Stefani considered The Sound of Music her favorite film, and she had wanted to incorporate a beat to one of its songs all her life.[4]
Long Answer: Wind It Up is a song by American singer and songwriter Gwen Stefani. Originally written for inclusion on Stefani's Harajuku Lovers Tour, the song was later recorded for her second solo studio album, The Sweet Escape (2006). The track contains an interpolation of The Sound of Music song ""The Lonely Goatherd"". Stefani considered The Sound of Music her favorite film, and she had wanted to incorporate a beat to one of its songs all her life.
Context: ""Wind It Up"" is a song by American singer and songwriter Gwen Stefani. Originally written for inclusion on Stefani's Harajuku Lovers Tour, the song was later recorded for her second solo studio album, ""The Sweet Escape"" (2006). The track contains an interpolation of ""The Sound of Music"" song ""The Lonely Goatherd"".",0.1754874587059021,0.0057322937638351,0.5
E12515,515,11,simple,"['Annika Noelle', 'Kim Matula', 'Rachel and Amanda Pace']",Who plays hope in bold and the beautiful?,"
Annika Noelle plays Hope Logan on The Bold and the Beautiful.","
Knowledge: Introduced in 2002, Hope is the result of an affair between Brooke Logan and Deacon Sharpe, Brooke's ex-son-in-law.
Long Answer: The Bold and the Beautiful is an American soap opera on the CBS network. Hope was introduced in 2002 as the result of an affair between Brooke Logan and Deacon Sharpe, Brooke's ex-son-in-law. The character was portrayed by several child actors and actresses since Hope's birth in 2002, most notably Rachel and Amanda Pace. In 2010, the role was rapidly aged and recast with actress Kim Matula, who made her first appearance in January 2010. Matula departed the serial as a series regular in December 2014; she made several guest appearances in 2015 and 2016. As of 2018, the role is portrayed by actress Annika Noelle.
Context: Hope Logan is a fictional character from ""The Bold and the Beautiful"", an American soap opera on the CBS network. The character was portrayed by several child actors and actresses since Hope's birth in 2002, most notably Rachel and Amanda Pace. In 2010, the role was rapidly aged and recast with actress Kim Matula, who made her first appearance in January 2010. Matula departed the serial as a series regular in December 2014; she made several guest appearances in 2015 and 2016. As of 2018, the role is portrayed by actress Annika Noelle.",0.3867636919021606,0.044116293593227,0.3333333333333333
E13515,515,130,complex,"['Annika Noelle', 'Kim Matula', 'Rachel and Amanda Pace']",Who plays hope in bold and the beautiful?,"
The esteemed Hope Logan, a paradigmatic character in the CBS soap opera, The Bold and the Beautiful, has been portrayed by a plethora of talented actresses throughout her narrative trajectory. Initially, the role was played by child actresses Rachel and Amanda Pace, who effectively brought the character to life from her nascent years in 2002. However, in 2010, the role was swiftly revamped and reimagined by actress Kim Matula, who assumed the role and commenced her tenure in January of that year. Following Matula's departure from the series as a series regular in December 2014, she continued to make sporadic guest appearances until 2015 and 2016. As of 2018, the role has been reprised by the accomplished actress Annika Noelle, who has been instrumental in reinvigorating the character's narrative arc.","
Knowledge: Introduced in 2002, Hope is the result of an affair between Brooke Logan and Deacon Sharpe, Brooke's ex-son-in-law.
Long Answer: The Bold and the Beautiful is an American soap opera on the CBS network. Hope was introduced in 2002 as the result of an affair between Brooke Logan and Deacon Sharpe, Brooke's ex-son-in-law. The character was portrayed by several child actors and actresses since Hope's birth in 2002, most notably Rachel and Amanda Pace. In 2010, the role was rapidly aged and recast with actress Kim Matula, who made her first appearance in January 2010. Matula departed the serial as a series regular in December 2014; she made several guest appearances in 2015 and 2016. As of 2018, the role is portrayed by actress Annika Noelle.
Context: Hope Logan is a fictional character from ""The Bold and the Beautiful"", an American soap opera on the CBS network. The character was portrayed by several child actors and actresses since Hope's birth in 2002, most notably Rachel and Amanda Pace. In 2010, the role was rapidly aged and recast with actress Kim Matula, who made her first appearance in January 2010. Matula departed the serial as a series regular in December 2014; she made several guest appearances in 2015 and 2016. As of 2018, the role is portrayed by actress Annika Noelle.",0.2494811415672302,0.0077823957490493,1.0
E12516,516,17,simple,"['Alexander Hamilton', 'Henry Clay and John Quincy Adams', 'United States Congress']",Who created the plan that became known as the american system?,"
The American System was created by Alexander Hamilton. He was a man who helped shape American policies.","
Knowledge: The American System was an economic plan that played an important role in American policy during the first half of the 19th century. Rooted in the ""American School"" ideas of Alexander Hamilton, the plan ""consisted of three mutually reinforcing parts: a tariff to protect and promote American industry; a national bank to foster commerce; and federal subsidies for roads, canals, and other 'internal improvements' to develop profitable markets for agriculture"".
Knowledge: Portions of the American System were enacted by the United States Congress.
Long Answer: The American System was an economic plan that played an important role in American policy during the first half of the 19th century. Rooted in the ""American School"" ideas of Alexander Hamilton, the plan ""consisted of three mutually reinforcing parts: a tariff to protect and promote American industry; a national bank to foster commerce; and federal subsidies for roads, canals, and other 'internal improvements' to develop profitable markets for agriculture"". It was advanced by the Whig Party and a number of leading politicians including Henry Clay and John Quincy Adams. Portions of the American System were enacted by the United States Congress.
Context: A plan to strengthen and unify the nation, the American System, was advanced by the Whig Party and a number of leading politicians including Henry Clay and John Quincy Adams. Motivated by a growing American economy bolstered with major exports such as cotton, tobacco, native sod, and tar they sought to create a structure for expanding trade. This System included such policies as:",0.3158090710639953,0.0115027836199,0.3333333333333333
E13516,516,141,complex,"['Alexander Hamilton', 'Henry Clay and John Quincy Adams', 'United States Congress']",Who created the plan that became known as the american system?,"
The American System, a comprehensive economic plan that served as a cornerstone of American policy during the first half of the 19th century, was conceived and championed by the luminous intellect of Alexander Hamilton, a stalwart figure in the ""American School"" of economic thought. As a leading proponent of a unified and prosperous nation, Hamilton's vision encompassed a multifaceted approach to promote industrial and commercial growth, which would ultimately contribute to the burgeoning prosperity of the United States. His proposals, carefully crafted to strengthen the nation's economy and foster a sense of national unity, comprised three interconnected components: a protective tariff to shield American industries from foreign competition, a national bank to stimulate commerce and financial stability, and federal subsidies for the development of internal improvements, including roads, canals, and infrastructure projects that would facilitate the growth of agriculture and trade.","
Knowledge: The American System was an economic plan that played an important role in American policy during the first half of the 19th century. Rooted in the ""American School"" ideas of Alexander Hamilton, the plan ""consisted of three mutually reinforcing parts: a tariff to protect and promote American industry; a national bank to foster commerce; and federal subsidies for roads, canals, and other 'internal improvements' to develop profitable markets for agriculture"".
Knowledge: Portions of the American System were enacted by the United States Congress.
Long Answer: The American System was an economic plan that played an important role in American policy during the first half of the 19th century. Rooted in the ""American School"" ideas of Alexander Hamilton, the plan ""consisted of three mutually reinforcing parts: a tariff to protect and promote American industry; a national bank to foster commerce; and federal subsidies for roads, canals, and other 'internal improvements' to develop profitable markets for agriculture"". It was advanced by the Whig Party and a number of leading politicians including Henry Clay and John Quincy Adams. Portions of the American System were enacted by the United States Congress.
Context: A plan to strengthen and unify the nation, the American System, was advanced by the Whig Party and a number of leading politicians including Henry Clay and John Quincy Adams. Motivated by a growing American economy bolstered with major exports such as cotton, tobacco, native sod, and tar they sought to create a structure for expanding trade. This System included such policies as:",0.2785189747810364,0.0016777222142214,0.3333333333333333
E12517,517,11,simple,"['Marvelettes', 'The Marvelettes', 'Motown singing group The Marvelettes', 'Wanda Young']",Who sings the original i'll keep holding on?,"
The song ""I'll Keep Holding On"" was sung by The Marvelettes.","
Long Answer: I'll Keep Holding On is a song composed by Mickey Stevenson and Ivy Jo Hunter and recorded by Motown singing group The Marvelettes, who released the single on the Tamla imprint in 1965. This was among the first A-side singles that longtime Marvelettes member Wanda Young sung lead on. Peaking at #34 on the Billboard Hot 100 (and #11 on the R&B charts), the single returned the group to the top forty.
Context: ""I'll Keep Holding On"" is a song composed by Mickey Stevenson and Ivy Jo Hunter and recorded by Motown singing group The Marvelettes, who released the single on the Tamla imprint in 1965. Peaking at #34 on the Billboard Hot 100 (and #11 on the R&B charts), the single returned the group to the top forty after a year recording songs that performed below the top forty. This was among the first A-side singles that longtime Marvelettes member Wanda Young sung lead on. Before 1965, the majority of the leads in Marvelettes songs had belonged to original member Gladys Horton. The single features a woman determined to win the love of an unknowingly conquest telling him that she'll convince him to love her ""until my will to resist is gone"". Her Marvelettes band mates Gladys Horton and Katherine Anderson egg her on with her ad-libbing ""oh yeah/sho' nuff"" in the bridge leading up to the chorus. The single was covered by British mod-pop act, The Action in 1966, released as ""I'll Keep On Holding On"". It then returned across the Atlantic in 1998 to be released on Mink Rat or Rabbit by the Detroit Cobras.",0.4347621500492096,0.0188503190227473,0.5
E13517,517,58,complex,"['Marvelettes', 'The Marvelettes', 'Motown singing group The Marvelettes', 'Wanda Young']",Who sings the original i'll keep holding on?,"
The original rendition of ""I'll Keep Holding On"" is a soulful composition by the Motown singing group The Marvelettes, specifically showcasing the vocal talents of lead vocalist Wanda Young. Released on the Tamla imprint in 1965, this song marked a significant comeback for the group, which had been experiencing a downturn in chart performance prior to its release.","
Long Answer: I'll Keep Holding On is a song composed by Mickey Stevenson and Ivy Jo Hunter and recorded by Motown singing group The Marvelettes, who released the single on the Tamla imprint in 1965. This was among the first A-side singles that longtime Marvelettes member Wanda Young sung lead on. Peaking at #34 on the Billboard Hot 100 (and #11 on the R&B charts), the single returned the group to the top forty.
Context: ""I'll Keep Holding On"" is a song composed by Mickey Stevenson and Ivy Jo Hunter and recorded by Motown singing group The Marvelettes, who released the single on the Tamla imprint in 1965. Peaking at #34 on the Billboard Hot 100 (and #11 on the R&B charts), the single returned the group to the top forty after a year recording songs that performed below the top forty. This was among the first A-side singles that longtime Marvelettes member Wanda Young sung lead on. Before 1965, the majority of the leads in Marvelettes songs had belonged to original member Gladys Horton. The single features a woman determined to win the love of an unknowingly conquest telling him that she'll convince him to love her ""until my will to resist is gone"". Her Marvelettes band mates Gladys Horton and Katherine Anderson egg her on with her ad-libbing ""oh yeah/sho' nuff"" in the bridge leading up to the chorus. The single was covered by British mod-pop act, The Action in 1966, released as ""I'll Keep On Holding On"". It then returned across the Atlantic in 1998 to be released on Mink Rat or Rabbit by the Detroit Cobras.",0.3477466106414795,0.0414301897382845,1.0
E12518,518,10,simple,"['Mauna Kea', 'Mauna Loa']",What is the tallest volcano in hawaiian islands?,"
Mauna Kea is the tallest volcano in the Hawaiian Islands.","
Knowledge: The largest subaerial volcano in both mass and volume, Mauna Loa has historically been considered the largest volcano on Earth, dwarfed only by Tamu Massif.[4] It is an active shield volcano with relatively gentle slopes, with a volume estimated at approximately 18,000 cubic miles (75,000 km3),[5] although its peak is about 125 feet (38 m) lower than that of its neighbor, Mauna Kea.[6]
Long Answer: Mauna Kea is a dormant volcano on the island of Hawaii. Its peak is above sea level, making it the highest point in the state of Hawaii. Most of the volcano is underwater, and when measured from its underwater base, Mauna Kea is the tallest mountain in the world, measuring over in height. Mauna Loa is the largest subaerial volcano in both mass and volume and has historically been considered the largest volcano on Earth, dwarfed only by Tamu Massif. It is an active shield volcano with relatively gentle slopes, with a volume estimated at approximately 18,000 cubic miles (75,000 km).
Context: Mauna Kea ( or , ) is a dormant volcano on the island of Hawaii. Its peak is above sea level, making it the highest point in the state of Hawaii. Most of the volcano is underwater, and when measured from its underwater base, Mauna Kea is the tallest mountain in the world, measuring over in height. Mauna Kea is about a million years old, and has thus passed the most active shield stage of life hundreds of thousands of years ago. In its current post-shield state, its lava is more viscous, resulting in a steeper profile. Late volcanism has also given it a much rougher appearance than its neighboring volcanoes due to construction of cinder cones, decentralization of its rift zones, glaciation on its peak, and weathering by the prevailing trade winds. Mauna Kea last erupted 6,000 to 4,000 years ago and is now considered dormant. The peak is about higher than Mauna Loa, its more massive neighbor.",0.4008082449436188,0.0446323613785333,0.5
E13518,518,184,complex,"['Mauna Kea', 'Mauna Loa']",What is the tallest volcano in hawaiian islands?,"
The tallest volcano in the Hawaiian Islands is a subject of some nuance, as the definition of ""tallest"" can be interpreted in various ways. However, if we consider the volcano to be defined by its overall structure and its submerged base, Mauna Kea emerges as the preeminent volcano in this regard. This dormant stratovolcano, situated on the island of Hawaii, boasts a substantial elevation above sea level, thereby qualifying it as the tallest point on the island.

When measured from its base, which is submerged in the Pacific Ocean, Mauna Kea's height is approximately 33,465 feet (10,200 meters), surpassing its neighboring volcanoes. In contrast, Mauna Kea's height above sea level is relatively modest, at approximately 13,796 feet (4,205 meters). Nonetheless, its towering profile and enormous volume render it the tallest volcano in the Hawaiian archipelago.

It is worth noting that while Mauna Loa, the largest subaerial volcano in terms of volume and mass, is often considered the largest volcano in the world, its comparative height to Mauna Kea's submerged base makes Mauna Kea the tallest volcano in the Hawaiian Islands by any relevant metric.","
Knowledge: The largest subaerial volcano in both mass and volume, Mauna Loa has historically been considered the largest volcano on Earth, dwarfed only by Tamu Massif.[4] It is an active shield volcano with relatively gentle slopes, with a volume estimated at approximately 18,000 cubic miles (75,000 km3),[5] although its peak is about 125 feet (38 m) lower than that of its neighbor, Mauna Kea.[6]
Long Answer: Mauna Kea is a dormant volcano on the island of Hawaii. Its peak is above sea level, making it the highest point in the state of Hawaii. Most of the volcano is underwater, and when measured from its underwater base, Mauna Kea is the tallest mountain in the world, measuring over in height. Mauna Loa is the largest subaerial volcano in both mass and volume and has historically been considered the largest volcano on Earth, dwarfed only by Tamu Massif. It is an active shield volcano with relatively gentle slopes, with a volume estimated at approximately 18,000 cubic miles (75,000 km).
Context: Mauna Kea ( or , ) is a dormant volcano on the island of Hawaii. Its peak is above sea level, making it the highest point in the state of Hawaii. Most of the volcano is underwater, and when measured from its underwater base, Mauna Kea is the tallest mountain in the world, measuring over in height. Mauna Kea is about a million years old, and has thus passed the most active shield stage of life hundreds of thousands of years ago. In its current post-shield state, its lava is more viscous, resulting in a steeper profile. Late volcanism has also given it a much rougher appearance than its neighboring volcanoes due to construction of cinder cones, decentralization of its rift zones, glaciation on its peak, and weathering by the prevailing trade winds. Mauna Kea last erupted 6,000 to 4,000 years ago and is now considered dormant. The peak is about higher than Mauna Loa, its more massive neighbor.",0.1801042407751083,0.0020606431038714,1.0
E12519,519,53,simple,"['First Amendment of the United States Constitution', 'the Basic Law', 'the Canadian Charter of Rights and Freedoms', 'Declaration on the Elimination of All Forms of Intolerance and of Discrimination Based on Religion or Belief']",Where does it say we have freedom of religion?,"
We have freedom of religion in many places.

* The United States says we have it in its Constitution.
* Palestine says we have it in its Basic Law.
* Canada says we have it in its Charter of Rights and Freedoms.

These are special papers that tell us what our rights are.","
Knowledge: Freedom of religion or religious liberty is a principle that supports the freedom of an individual or community, in public or private, to manifest religion or belief in teaching, practice, worship, and observance. It also includes the freedom to change one's religion or beliefs,[1] ""the right not to profess any religion or belief""[2] or ""not to practise a religion"".[3]
Knowledge: On 25 November 1981, the United Nations General Assembly passed the Declaration on the Elimination of All Forms of Intolerance and of Discrimination Based on Religion or Belief. This declaration recognizes freedom of religion as a fundamental human right in accordance with several other instruments of international law.[74]
Long Answer: Freedom of religion or religious liberty is a principle that supports the freedom of an individual or community, in public or private, to manifest religion or belief in teaching, practice, worship, and observance. It also includes the freedom to change one's religion or beliefs, the right not to profess any religion or belief or not to practise a religion. In the United States, the First Amendment of the United States Constitution states freedom of religion. In Palestine, the Basic Law states freedom of religion. In Canada, the Canadian Charter of Rights and Freedoms states freedom of religion. Internationally, the Declaration on the Elimination of All Forms of Intolerance and of Discrimination Based on Religion or Belief states freedom of religion, which was passed by the United Nations General Assembly and recognizes freedom of religion as a fundamental human right.",0.1107895895838737,0.0549338636317108,0.0
E13519,519,153,complex,"['First Amendment of the United States Constitution', 'the Basic Law', 'the Canadian Charter of Rights and Freedoms', 'Declaration on the Elimination of All Forms of Intolerance and of Discrimination Based on Religion or Belief']",Where does it say we have freedom of religion?,"
The notion of freedom of religion is enshrined in the hallowed pages of various international and national constitutions and instruments of law. Specifically, the United States Constitution's First Amendment guarantees the right to ""freedom of religion"" by articulating that ""Congress shall make no law respecting an establishment of religion, or prohibiting the free exercise thereof."" Similarly, the Fundamental Law of Palestine stipulates ""the freedom to exercise one's faith"" and the Canadian Charter of Rights and Freedoms proclaims ""the right to freedom of religion."" Furthermore, the Declaration on the Elimination of All Forms of Intolerance and of Discrimination Based on Religion or Belief, which was adopted by the United Nations General Assembly on November 25, 1981, formally recognizes freedom of religion as a fundamental human right. These foundational documents serve as bedrock assertions of the universal importance of this fundamental right, which is integral to the dignity and well-being of individuals and communities worldwide.","
Knowledge: Freedom of religion or religious liberty is a principle that supports the freedom of an individual or community, in public or private, to manifest religion or belief in teaching, practice, worship, and observance. It also includes the freedom to change one's religion or beliefs,[1] ""the right not to profess any religion or belief""[2] or ""not to practise a religion"".[3]
Knowledge: On 25 November 1981, the United Nations General Assembly passed the Declaration on the Elimination of All Forms of Intolerance and of Discrimination Based on Religion or Belief. This declaration recognizes freedom of religion as a fundamental human right in accordance with several other instruments of international law.[74]
Long Answer: Freedom of religion or religious liberty is a principle that supports the freedom of an individual or community, in public or private, to manifest religion or belief in teaching, practice, worship, and observance. It also includes the freedom to change one's religion or beliefs, the right not to profess any religion or belief or not to practise a religion. In the United States, the First Amendment of the United States Constitution states freedom of religion. In Palestine, the Basic Law states freedom of religion. In Canada, the Canadian Charter of Rights and Freedoms states freedom of religion. Internationally, the Declaration on the Elimination of All Forms of Intolerance and of Discrimination Based on Religion or Belief states freedom of religion, which was passed by the United Nations General Assembly and recognizes freedom of religion as a fundamental human right.",0.264605313539505,0.1417225400042864,0.5
E12520,520,19,simple,"['Austin Pendleton', 'Leonard Frey']",Who played the tailor in fiddler on the roof?,"
The tailor was played by two people: Austin Pendleton in the original show, and Leonard Frey in the movie.","
Knowledge: Fiddler on the Roof is a musical with music by Jerry Bock, lyrics by Sheldon Harnick, and book by Joseph Stein, set in the Pale of Settlement of Imperial Russia in or around 1905.
Knowledge: The original Broadway production of the show, which opened in 1964, had the first musical theatre run in history to surpass 3,000 performances.
Knowledge: A film version was released by United Artists in 1971, directed and produced by Norman Jewison, and Stein adapted his own book for the screenplay.
Long Answer: Fiddler on the Roof is a musical set in the Pale of Settlement of Imperial Russia in or around 1905. The original Broadway production of the show, which opened in 1964, had the first musical theatre run in history to surpass 3,000 performances. Austin Pendleton played the role of the tailor in the original production. A film version was released by United Artists in 1971, directed and produced by Norman Jewison, and Stein adapted his own book for the screenplay. In the film, Leonard Frey played the role of the tailor.
Context: The cast included Zero Mostel as Tevye the milkman, Maria Karnilova as his wife Golde (each of whom won a Tony for their performances), Beatrice Arthur as Yente the matchmaker, Austin Pendleton as Motel, Bert Convy as Perchik the student revolutionary, Gino Conforti as the fiddler, and Julia Migenes as Hodel. Mostel ad-libbed increasingly as the run went on, ""which drove the authors up the wall."" Joanna Merlin originated the role of Tzeitel, which was later assumed by Bette Midler during the original run. Carol Sawyer was Fruma Sarah, Adrienne Barbeau took a turn as Hodel, and Pia Zadora played the youngest daughter, Bielke. Both Peg Murray and Dolores Wilson made extended appearances as Golde, while other stage actors who have played Tevye include Herschel Bernardi, Theodore Bikel and Harry Goz (in the original Broadway run), and Leonard Nimoy. Mostel's understudy in the original production, Paul Lipson, went on to appear as Tevye in more performances than any other actor (until Chaim Topol), clocking over 2,000 performances in the role in the original run and several revivals. Florence Stanley took over the role of Yente nine months into the run. The production earned $1,574 for every dollar invested in it. It was nominated for ten Tony Awards, winning nine, including Best Musical, score, book, direction and choreography, and acting awards for Mostel and Karnilova.",0.2658901512622833,0.0304525555598282,1.0
E13520,520,101,complex,"['Austin Pendleton', 'Leonard Frey']",Who played the tailor in fiddler on the roof?,"
In the iconic musical ""Fiddler on the Roof,"" the role of the tailor, also referred to as Motel, was played by a diverse array of actors throughout various productions. In the original Broadway run, which commenced in 1964, Austin Pendleton portrayed the tailor, thus establishing a foundational connection to this iconic character. Notably, in the 1971 film adaptation, directed and produced by Norman Jewison, Leonard Frey assumed the role of the tailor, rendering a distinct performance that has been preserved for posterity. This multifaceted aspect of the musical highlights the adaptability and versatility of the artistic personnel involved in the production.","
Knowledge: Fiddler on the Roof is a musical with music by Jerry Bock, lyrics by Sheldon Harnick, and book by Joseph Stein, set in the Pale of Settlement of Imperial Russia in or around 1905.
Knowledge: The original Broadway production of the show, which opened in 1964, had the first musical theatre run in history to surpass 3,000 performances.
Knowledge: A film version was released by United Artists in 1971, directed and produced by Norman Jewison, and Stein adapted his own book for the screenplay.
Long Answer: Fiddler on the Roof is a musical set in the Pale of Settlement of Imperial Russia in or around 1905. The original Broadway production of the show, which opened in 1964, had the first musical theatre run in history to surpass 3,000 performances. Austin Pendleton played the role of the tailor in the original production. A film version was released by United Artists in 1971, directed and produced by Norman Jewison, and Stein adapted his own book for the screenplay. In the film, Leonard Frey played the role of the tailor.
Context: The cast included Zero Mostel as Tevye the milkman, Maria Karnilova as his wife Golde (each of whom won a Tony for their performances), Beatrice Arthur as Yente the matchmaker, Austin Pendleton as Motel, Bert Convy as Perchik the student revolutionary, Gino Conforti as the fiddler, and Julia Migenes as Hodel. Mostel ad-libbed increasingly as the run went on, ""which drove the authors up the wall."" Joanna Merlin originated the role of Tzeitel, which was later assumed by Bette Midler during the original run. Carol Sawyer was Fruma Sarah, Adrienne Barbeau took a turn as Hodel, and Pia Zadora played the youngest daughter, Bielke. Both Peg Murray and Dolores Wilson made extended appearances as Golde, while other stage actors who have played Tevye include Herschel Bernardi, Theodore Bikel and Harry Goz (in the original Broadway run), and Leonard Nimoy. Mostel's understudy in the original production, Paul Lipson, went on to appear as Tevye in more performances than any other actor (until Chaim Topol), clocking over 2,000 performances in the role in the original run and several revivals. Florence Stanley took over the role of Yente nine months into the run. The production earned $1,574 for every dollar invested in it. It was nominated for ten Tony Awards, winning nine, including Best Musical, score, book, direction and choreography, and acting awards for Mostel and Karnilova.",0.2307568490505218,0.0053453584772219,1.0
E12521,521,15,simple,"['Jennifer Jean Warnes', 'Joe Cocker and Jennifer Warnes', 'John Robert Cocker', 'BeBe & CeCe Winans']",Who sings the song love lift us up where we belong?,"
BeBe & CeCe Winans sing a version of ""Love Lift Us Up Where We Belong.""","
Knowledge: The song reached number one on the Billboard Hot 100 in the US and topped the charts in several other countries.
Long Answer: Up Where We Belong is a song written by Jack Nitzsche, Buffy Sainte-Marie and Will Jennings that was recorded by Joe Cocker and Jennifer Warnes for the 1982 film An Officer and a Gentleman. The song reached number one on the Billboard Hot 100 in the US and topped the charts in several other countries. Televangelist Tammy Faye Bakker suggested that BeBe & CeCe Winans record ""Up Where We Belong"" after she heard the original duet in a record store. Their 1984 cover of the song from their album Lord Lift Us Up reached number 27 on the Christian Radio Hits chart issued by SoundScan.
Context: ""Up Where We Belong"" is a song written by Jack Nitzsche, Buffy Sainte-Marie and Will Jennings that was recorded by Joe Cocker and Jennifer Warnes for the 1982 film ""An Officer and a Gentleman"". Warnes was recommended to sing a song from the film because of her previous soundtrack successes, and she had the idea for the song to be a duet that she would perform with Cocker. Jennings selected various sections of the score by Nitzsche and Sainte-Marie in creating the structure of the song and added lyrics about the struggles of life and love and the obstacles in the way that we attempt to dodge. It was released in July of that year to coincide with the release of the film.
Context: Televangelist Tammy Faye Bakker suggested that BeBe & CeCe Winans, two of the singers from The PTL Club, record ""Up Where We Belong"" after she heard the original duet in a record store, and Larnelle Harris helped BeBe make the lyrics more appealing to a Christian audience. Their 1984 cover of the song from their album ""Lord Lift Us Up"" reached number 27 on the Christian Radio Hits chart issued by SoundScan. The duo rerecorded their gospel version in 1996 for their ""Greatest Hits"" album, and their new version won the 1998 GMA Dove Award for Contemporary Gospel Song of the Year.",0.2637499570846557,0.164519293999331,0.25
E13521,521,158,complex,"['Jennifer Jean Warnes', 'Joe Cocker and Jennifer Warnes', 'John Robert Cocker', 'BeBe & CeCe Winans']",Who sings the song love lift us up where we belong?,"
The song ""Love Lift Us Up Where We Belong"" is a iconic musical composition that has been interpreted by multiple artists across diverse genres. However, the most well-known rendition of the song is undoubtedly the 1982 duet between the distinguished vocalists Joe Cocker and Jennifer Warnes, which catapulted to the pinnacle of commercial success, topping the Billboard Hot 100 chart in the United States and achieving a similar feat in numerous other countries.

That being said, a lesser-known yet equally notable interpretation of the song can be found in the gospel-infused rendition by the celebrated Christian music duo BeBe & CeCe Winans, who, after being championed by televangelist Tammy Faye Bakker, recorded a version of the song for their 1984 album ""Lord Lift Us Up"". The spiritual adaptation, which was subsequently re-released in 1996 as part of their ""Greatest Hits"" collection, earned the duo the prestigious GMA Dove Award for Contemporary Gospel Song of the Year in 1998.","
Knowledge: The song reached number one on the Billboard Hot 100 in the US and topped the charts in several other countries.
Long Answer: Up Where We Belong is a song written by Jack Nitzsche, Buffy Sainte-Marie and Will Jennings that was recorded by Joe Cocker and Jennifer Warnes for the 1982 film An Officer and a Gentleman. The song reached number one on the Billboard Hot 100 in the US and topped the charts in several other countries. Televangelist Tammy Faye Bakker suggested that BeBe & CeCe Winans record ""Up Where We Belong"" after she heard the original duet in a record store. Their 1984 cover of the song from their album Lord Lift Us Up reached number 27 on the Christian Radio Hits chart issued by SoundScan.
Context: ""Up Where We Belong"" is a song written by Jack Nitzsche, Buffy Sainte-Marie and Will Jennings that was recorded by Joe Cocker and Jennifer Warnes for the 1982 film ""An Officer and a Gentleman"". Warnes was recommended to sing a song from the film because of her previous soundtrack successes, and she had the idea for the song to be a duet that she would perform with Cocker. Jennings selected various sections of the score by Nitzsche and Sainte-Marie in creating the structure of the song and added lyrics about the struggles of life and love and the obstacles in the way that we attempt to dodge. It was released in July of that year to coincide with the release of the film.
Context: Televangelist Tammy Faye Bakker suggested that BeBe & CeCe Winans, two of the singers from The PTL Club, record ""Up Where We Belong"" after she heard the original duet in a record store, and Larnelle Harris helped BeBe make the lyrics more appealing to a Christian audience. Their 1984 cover of the song from their album ""Lord Lift Us Up"" reached number 27 on the Christian Radio Hits chart issued by SoundScan. The duo rerecorded their gospel version in 1996 for their ""Greatest Hits"" album, and their new version won the 1998 GMA Dove Award for Contemporary Gospel Song of the Year.",0.2166100740432739,0.0204547448153239,0.5
E12522,522,7,simple,"['32', '10']",How many computers control the freemont street lights?,"
The Fremont Street Experience has 32 computers.","
Knowledge: The Fremont Street Experience (FSE) is a pedestrian mall and attraction in downtown Las Vegas, Nevada. The FSE occupies the westernmost five blocks of Fremont Street, including the area known for years as ""Glitter Gulch,"" and portions of some other adjacent streets.
Knowledge: The initial display contained about 2.1 million lightbulbs controlled by 32 computers located in kiosks on the mall. The sound system, using speakers suspended over the mall, was rated at 350,000 watts.
Knowledge: The 2004 upgrade features a 12.5-million LED display and more color combinations than the original display. The old control system was replaced by a central control room using 10 computers.
Long Answer: The Fremont Street Experience (FSE) is a pedestrian mall and attraction in downtown Las Vegas, Nevada. The FSE occupies the westernmost five blocks of Fremont Street, including the area known for years as ""Glitter Gulch,"" and portions of some other adjacent streets. The initial display contained about 2.1 million lightbulbs controlled by 32 computers located in kiosks on the mall. The sound system, using speakers suspended over the mall, was rated at 350,000 watts. The 2004 upgrade features a 12.5-million LED display and more color combinations than the original display. The old control system was replaced by a central control room using 10 computers.",0.3226940929889679,0.033031643180138,0.5
E13522,522,60,complex,"['32', '10']",How many computers control the freemont street lights?,"
In relation to the Fremont Street Experience (FSE), a pedestrian mall and attraction in downtown Las Vegas, Nevada, a meticulous examination of the historical data reveals that the initial installation of the illuminated display comprised approximately 32 computers, which functioned as the central nervous system for the management of the vast network of 2.1 million lightbulbs that comprised the display.","
Knowledge: The Fremont Street Experience (FSE) is a pedestrian mall and attraction in downtown Las Vegas, Nevada. The FSE occupies the westernmost five blocks of Fremont Street, including the area known for years as ""Glitter Gulch,"" and portions of some other adjacent streets.
Knowledge: The initial display contained about 2.1 million lightbulbs controlled by 32 computers located in kiosks on the mall. The sound system, using speakers suspended over the mall, was rated at 350,000 watts.
Knowledge: The 2004 upgrade features a 12.5-million LED display and more color combinations than the original display. The old control system was replaced by a central control room using 10 computers.
Long Answer: The Fremont Street Experience (FSE) is a pedestrian mall and attraction in downtown Las Vegas, Nevada. The FSE occupies the westernmost five blocks of Fremont Street, including the area known for years as ""Glitter Gulch,"" and portions of some other adjacent streets. The initial display contained about 2.1 million lightbulbs controlled by 32 computers located in kiosks on the mall. The sound system, using speakers suspended over the mall, was rated at 350,000 watts. The 2004 upgrade features a 12.5-million LED display and more color combinations than the original display. The old control system was replaced by a central control room using 10 computers.",0.3007004559040069,0.0030403492330397,0.5
E12523,523,17,simple,"['Savan Kotecha', 'Rami Yacoub', 'Carl Falk']",Who wrote the song what makes you beautiful by one direction?,"
The song ""What Makes You Beautiful"" by One Direction was written by Savan Kotecha and Carl Falk.","
Knowledge: ""What Makes You Beautiful"" was written by Savan Kotecha and Carl Falk, and was produced by Yacoub and Falk.
Long Answer: What Makes You Beautiful is a song by English-Irish boy band One Direction. It served as their debut single and lead single from their debut studio album, Up All Night. Savan Kotecha from Texas and Carl Falk from Sweden wrote the song while Rami Yacoub from Sweden and Carl Falk produced the song.
Context: ""What Makes You Beautiful"" is a song by English-Irish boy band One Direction. It served as their debut single and lead single from their debut studio album, ""Up All Night"" (2011). Written by Savan Kotecha and producer Rami Yacoub, the song was released by Syco Records on 11 September 2011. The uptempo power pop track features a prominent guitar-based chorus and riff. The middle eight consists of a ""na na na"" hook while the opening guitar riff interpolates The McCoys's 1965 single ""Hang on Sloopy"".",0.5085471272468567,0.0269205088095593,0.6666666666666666
E13523,523,20,complex,"['Savan Kotecha', 'Rami Yacoub', 'Carl Falk']",Who wrote the song what makes you beautiful by one direction?,"
The composition of ""What Makes You Beautiful"" was conceived and penned by the songwriting duo Savan Kotecha and Carl Falk.","
Knowledge: ""What Makes You Beautiful"" was written by Savan Kotecha and Carl Falk, and was produced by Yacoub and Falk.
Long Answer: What Makes You Beautiful is a song by English-Irish boy band One Direction. It served as their debut single and lead single from their debut studio album, Up All Night. Savan Kotecha from Texas and Carl Falk from Sweden wrote the song while Rami Yacoub from Sweden and Carl Falk produced the song.
Context: ""What Makes You Beautiful"" is a song by English-Irish boy band One Direction. It served as their debut single and lead single from their debut studio album, ""Up All Night"" (2011). Written by Savan Kotecha and producer Rami Yacoub, the song was released by Syco Records on 11 September 2011. The uptempo power pop track features a prominent guitar-based chorus and riff. The middle eight consists of a ""na na na"" hook while the opening guitar riff interpolates The McCoys's 1965 single ""Hang on Sloopy"".",0.4128289818763733,0.0225374127226748,0.6666666666666666
E12524,524,46,simple,"['Hiroshima, Japan', 'Nagasaki, Japan', 'Kiritimati, Kiribati', 'Pacific Ocean', 'Johnston Atoll', 'Bikini Atoll', 'Enewetak Atoll', 'Amchitka Island']",Where did the us test nuclear weapons in the pacific?,"
The US tested nuclear weapons in several places in the Pacific Ocean. 

The Pacific Proving Grounds is an island group in the Pacific Ocean. Some islands in this group were used to test nuclear weapons. 

The islands are: Kiritimati, Kiribati. Johnston Atoll. Bikini Atoll. Enewetak Atoll.","
Knowledge: The war in Europe concluded with the liberation of German-occupied territories, and the invasion of Germany by the Western Allies and the Soviet Union, culminating in the fall of Berlin to Soviet troops, Hitler's suicide and the German unconditional surrender on 8 May 1945. Following the Potsdam Declaration by the Allies on 26 July 1945 and the refusal of Japan to surrender on its terms, the United States dropped the first atomic bombs on the Japanese cities of Hiroshima, on 6 August, and Nagasaki, on 9 August.
Knowledge: World War II or the Second World War, often abbreviated as WWII or WW2, was a global war that lasted from 1939 to 1945.
Long Answer: World War II was a global war that lasted from 1939 to 1945. The war in Europe concluded with German unconditional surrender on 8 May 1945. Following the Potsdam Declaration by the Allies on 26 July 1945 and the refusal of Japan to surrender on its terms, the United States dropped the first atomic bombs on Hiroshima, Japan on 6 August and Nagasaki, Japan on 9 August. The US tested nuclear weapons in the Pacific Proving Grounds in Kiritimati, Kiribati, Johnston Atoll, Bikini Atoll, and Enewetak Atoll. The US tested nuclear weapons in the Aleutian Islands on Amchitka Island.
Context: Amchitka is the southernmost of the Rat Islands group in the Aleutian Chain, located between and . It is bounded by the Bering Sea to the north and east, and the Pacific Ocean to the south and west.",0.3309909105300903,0.0059775006457312,0.625
E13524,524,136,complex,"['Hiroshima, Japan', 'Nagasaki, Japan', 'Kiritimati, Kiribati', 'Pacific Ocean', 'Johnston Atoll', 'Bikini Atoll', 'Enewetak Atoll', 'Amchitka Island']",Where did the us test nuclear weapons in the pacific?,"
The United States undertook a comprehensive nuclear testing program in the Pacific, specifically within the Marshall Islands and the Aleutian Islands. The testing of nuclear devices took place in the Marshall Islands, particularly at Bikini Atoll, on the atolls of Eniwetok Atoll and Kwajalein Atoll. Additionally, the Johnston Atoll, also situated within the Marshall Islands, served as a secondary testing site.

In the Aleutian Islands, specifically on Amchitka Island, the United States conducted nuclear tests in the 1960s. These exercises were part of the U.S. Pacific Proving Grounds program, which aimed to evaluate the performance of nuclear devices in a remote and controlled environment.

These Pacific test sites played a pivotal role in assessing the development and capabilities of nuclear armaments, thereby contributing to the advancement of the United States' nuclear capabilities and its nuclear arsenal.","
Knowledge: The war in Europe concluded with the liberation of German-occupied territories, and the invasion of Germany by the Western Allies and the Soviet Union, culminating in the fall of Berlin to Soviet troops, Hitler's suicide and the German unconditional surrender on 8 May 1945. Following the Potsdam Declaration by the Allies on 26 July 1945 and the refusal of Japan to surrender on its terms, the United States dropped the first atomic bombs on the Japanese cities of Hiroshima, on 6 August, and Nagasaki, on 9 August.
Knowledge: World War II or the Second World War, often abbreviated as WWII or WW2, was a global war that lasted from 1939 to 1945.
Long Answer: World War II was a global war that lasted from 1939 to 1945. The war in Europe concluded with German unconditional surrender on 8 May 1945. Following the Potsdam Declaration by the Allies on 26 July 1945 and the refusal of Japan to surrender on its terms, the United States dropped the first atomic bombs on Hiroshima, Japan on 6 August and Nagasaki, Japan on 9 August. The US tested nuclear weapons in the Pacific Proving Grounds in Kiritimati, Kiribati, Johnston Atoll, Bikini Atoll, and Enewetak Atoll. The US tested nuclear weapons in the Aleutian Islands on Amchitka Island.
Context: Amchitka is the southernmost of the Rat Islands group in the Aleutian Chain, located between and . It is bounded by the Bering Sea to the north and east, and the Pacific Ocean to the south and west.",0.1454347074031829,0.0019771299822759,0.375
E12525,525,9,simple,"['Dean Winters', 'Dennis Haysbert', 'Ed Reimers']",Who is the actor who does the allstate commercials?,"
Dennis Haysbert is the actor in the Allstate commercials.","
Knowledge: Since 2003, Haysbert has appeared as the official spokesman for Allstate insurance, and is known for his distinctive deep voice.
Knowledge: Reimers was the TV spokesman for Allstate for 22 years, from 1957 until 1979.
Long Answer: Since 2003, Dennis Haysbert has appeared as the official spokesman for Allstate insurance, and is known for his distinctive deep voice. He is the primary actor in the Allstate commercials. Ed Reimers was the spokesman in Allstate commercials from 1957 until 1979. The Mayhem campaign was launched in April 2010 with Mayhem being played by Dean Winters.
Context: Mayhem has been played by Dean Winters since the campaign was launched in April 2010. The character wears a black suit, white dress shirt, and black necktie and his face is usually bruised, scarred, or wearing a butterfly bandage.",0.3325905799865722,0.0507121533694655,0.3333333333333333
E13525,525,63,complex,"['Dean Winters', 'Dennis Haysbert', 'Ed Reimers']",Who is the actor who does the allstate commercials?,"
A salient inquiry regarding the esteemed Allstate insurance brand! The paradigmatic spokesperson who embodies the quintessential voice and persona of Allstate is, indeed, the renowned actor Dennis Haysbert. With a distinctive voice that has become synonymous with the brand, Haysbert has been an integral component of the Allstate advertising universe since 2003, exuding an aura of authority and reliability that is quintessentially Allstate.","
Knowledge: Since 2003, Haysbert has appeared as the official spokesman for Allstate insurance, and is known for his distinctive deep voice.
Knowledge: Reimers was the TV spokesman for Allstate for 22 years, from 1957 until 1979.
Long Answer: Since 2003, Dennis Haysbert has appeared as the official spokesman for Allstate insurance, and is known for his distinctive deep voice. He is the primary actor in the Allstate commercials. Ed Reimers was the spokesman in Allstate commercials from 1957 until 1979. The Mayhem campaign was launched in April 2010 with Mayhem being played by Dean Winters.
Context: Mayhem has been played by Dean Winters since the campaign was launched in April 2010. The character wears a black suit, white dress shirt, and black necktie and his face is usually bruised, scarred, or wearing a butterfly bandage.",0.1736203730106353,0.0034391741501023,0.3333333333333333
E12526,526,52,simple,"['1 November 1980', '1985', '1992']",When did birth control become legal in ireland?,"
Birth control became legal in Ireland in 1980. Prior to that, it was illegal. In 1979, a bill was introduced by the then-Prime Minister, Charles Haughey, that made birth control legal for certain reasons, but not for everyone. It wasn't until 1980 that the law changed, making birth control legal for everyone.","
Knowledge: Contraception was illegal in Ireland from 1935 until 1980, when it was legalised with strong restrictions, later loosened.
Knowledge: In 1979 the Health (Family Planning) Bill was introduced by Charles Haughey. This bill limited the provision of contraceptives to bona fide ""family planning or for adequate medical reasons"".[6]
Knowledge: On 1 November 1980 the Act came into operation by order of the Minister.[7]
Long Answer: Contraception was illegal in Ireland from 1935 until 1980. In 1979 the Health (Family Planning) Bill was introduced by Charles Haughey. This bill limited the provision of contraceptives to bona fide ""family planning or for adequate medical reasons"". On 1 November 1980 the Act came into operation by order of the Minister. In 1985 the act was liberalised by allowing condoms and spermicides to be sold to people over 18 without having to present a prescription. In 1992 the age was reduced to 17.
Context: The Health (Family Planning) (Amendment) Act, 1985 liberalised the law by allowing condoms and spermicides to be sold to people over 18 without having to present a prescription; however sale was limited to categories of places named in the act. The Health (Family Planning) (Amendment) Act, 1992 repealed Section 4 of the 1979 act, as amended in 1985, and continued the provision of contraceptives without prescription, allowing sale to individuals over the age of 17. As of 2010, the 1992 Act and the Health (Family Planning) (Amendment) Act of 1993 are the main Irish legislation on contraceptive and family planning services.",0.3088062703609466,0.0035222088095496,0.0
E13526,526,137,complex,"['1 November 1980', '1985', '1992']",When did birth control become legal in ireland?,"
The legalization of birth control in Ireland was a gradual process, spanning multiple decades. Prior to 1935, the provision and utilization of contraceptive methods were strictly prohibited in the country. However, with the introduction of the Health (Family Planning) Bill by Charles Haughey in 1979, a significant shift began to occur.

This legislation established a framework for the limited sale of contraceptives, stipulating that they should only be dispensed for ""bona fide family planning or adequate medical reasons."" The bill's passage marked a notable milestone in the country's journey towards more permissive reproductive health policies.

Ultimately, the Health (Family Planning) Act came into effect on November 1, 1980, after being officially authorized by the Minister. This marked a significant turning point in Ireland's reproductive history, as it paved the way for more liberalized access to birth control.","
Knowledge: Contraception was illegal in Ireland from 1935 until 1980, when it was legalised with strong restrictions, later loosened.
Knowledge: In 1979 the Health (Family Planning) Bill was introduced by Charles Haughey. This bill limited the provision of contraceptives to bona fide ""family planning or for adequate medical reasons"".[6]
Knowledge: On 1 November 1980 the Act came into operation by order of the Minister.[7]
Long Answer: Contraception was illegal in Ireland from 1935 until 1980. In 1979 the Health (Family Planning) Bill was introduced by Charles Haughey. This bill limited the provision of contraceptives to bona fide ""family planning or for adequate medical reasons"". On 1 November 1980 the Act came into operation by order of the Minister. In 1985 the act was liberalised by allowing condoms and spermicides to be sold to people over 18 without having to present a prescription. In 1992 the age was reduced to 17.
Context: The Health (Family Planning) (Amendment) Act, 1985 liberalised the law by allowing condoms and spermicides to be sold to people over 18 without having to present a prescription; however sale was limited to categories of places named in the act. The Health (Family Planning) (Amendment) Act, 1992 repealed Section 4 of the 1979 act, as amended in 1985, and continued the provision of contraceptives without prescription, allowing sale to individuals over the age of 17. As of 2010, the 1992 Act and the Health (Family Planning) (Amendment) Act of 1993 are the main Irish legislation on contraceptive and family planning services.",0.1992551386356353,0.0013124280064468,0.0
E12527,527,11,simple,"['1,089', '1,164', '1,172']",What is the population of desmet south dakota?,"
The population of De Smet, South Dakota is about 1,089 people.","
Knowledge: The Charles Ingalls family, originally of Wisconsin, arrived in De Smet in 1879. Their travels and pioneer life in Minnesota, Kansas, Dakota Territory, and Iowa would be later chronicled in the Little House series of books written by the Ingallses' second oldest daughter, Laura Elizabeth - later known as Laura Ingalls Wilder.
Long Answer: De Smet is a city in and the county seat of Kingsbury County, South Dakota, United States. The Charles Ingalls family, originally of Wisconsin, arrived in De Smet in 1879. Their travels and pioneer life would be later chronicled in the Little House series of books written by the Ingallses' second oldest daughter, Laura Elizabeth - later known as Laura Ingalls Wilder. The population was 1,089 in 2010, 1,164 in 2000, and 1,172 in 1990.
Context: De Smet is a city in and the county seat of Kingsbury County, South Dakota, United States. The population was 1,089 at the 2010 census.
Context: As of the census of 2000, there were 1,164 people, 524 households, and 300 families living in the city. The population density was 1,102.2 people per square mile (424.0/km²). There were 582 housing units at an average density of 551.1 per square mile (212.0/km²). The racial makeup of the city was 98.37% White, 0.95% Native American, 0.09% Asian, 0.09% from other races, and 0.52% from two or more races. Hispanic or Latino of any race were 0.69% of the population.",0.3503696620464325,0.0188503190227473,0.3333333333333333
E13527,527,27,complex,"['1,089', '1,164', '1,172']",What is the population of desmet south dakota?,"
According to the most recent census data, the population of De Smet, South Dakota, is 1,089 individuals, as reported by the United States Census Bureau in 2010.","
Knowledge: The Charles Ingalls family, originally of Wisconsin, arrived in De Smet in 1879. Their travels and pioneer life in Minnesota, Kansas, Dakota Territory, and Iowa would be later chronicled in the Little House series of books written by the Ingallses' second oldest daughter, Laura Elizabeth - later known as Laura Ingalls Wilder.
Long Answer: De Smet is a city in and the county seat of Kingsbury County, South Dakota, United States. The Charles Ingalls family, originally of Wisconsin, arrived in De Smet in 1879. Their travels and pioneer life would be later chronicled in the Little House series of books written by the Ingallses' second oldest daughter, Laura Elizabeth - later known as Laura Ingalls Wilder. The population was 1,089 in 2010, 1,164 in 2000, and 1,172 in 1990.
Context: De Smet is a city in and the county seat of Kingsbury County, South Dakota, United States. The population was 1,089 at the 2010 census.
Context: As of the census of 2000, there were 1,164 people, 524 households, and 300 families living in the city. The population density was 1,102.2 people per square mile (424.0/km²). There were 582 housing units at an average density of 551.1 per square mile (212.0/km²). The racial makeup of the city was 98.37% White, 0.95% Native American, 0.09% Asian, 0.09% from other races, and 0.52% from two or more races. Hispanic or Latino of any race were 0.69% of the population.",0.1758716255426406,0.0069803614173663,0.3333333333333333
E12528,528,23,simple,"['Normandy, France', 'Kentucky Horse Park in Lexington, Kentucky', 'Soers', 'Aachen, Germany']",Where is the weg being held this year?,"
I do not have information about the location of this year's FEI World Equestrian Games. The text I have is from previous years.","
Long Answer: The FEI World Equestrian Games are held every four years and run by the International Federation for Equestrian Sports (FEI). The 2006 FEI World Equestrian Games were held in Aachen, Germany from August 20 to September 3, 2006. The 2010 FEI World Equestrian Games were held at the Kentucky Horse Park in Lexington, Kentucky, U.S. from September 25 to October 10, 2010 and for the first time, Para-equestrian events were added in the program. The 2014 Alltech FEI World Equestrian Games were held in the region of Normandy, France.
Context: The 2014 Alltech FEI World Equestrian Games were held in the region of Normandy, France. It was the seventh edition of the Games, which are held every four years and run by the International Federation for Equestrian Sports (FEI). For team events in the dressage, eventing, and show jumping disciplines, these Games were the first qualifying event for the 2016 Summer Olympics.
Context: The 2010 FEI World Equestrian Games (officially the 2010 Alltech FEI World Equestrian Games) were held at the Kentucky Horse Park in Lexington, Kentucky, U.S. from September 25 to October 10, 2010. This was the sixth edition of the games, which are held every four years and run by the International Federation for Equestrian Sports (FEI). For the first time, Para-equestrian events were added in the program. This was also the first time the games were hosted by a city outside of Europe, and also the first time that all events at the games were held at a single site. (Although the 100-mile/161-km endurance course, by necessity, was mostly contained outside the park, the main veterinary gate was located within the park.)
Context: The 2006 FEI World Equestrian Games were held in Aachen, Germany from August 20 to September 3, 2006. They were the 5th edition of the games which are held every four years and run by the FEI. It was held in the Soers, a district of Aachen. The main stadium of this event was the Hauptstadion.",0.1774691641330719,0.0,0.0
E13528,528,76,complex,"['Normandy, France', 'Kentucky Horse Park in Lexington, Kentucky', 'Soers', 'Aachen, Germany']",Where is the weg being held this year?,"
I am unable to provide a response based on the given context as it does not include information on the current year. However, I can tell you that according to my knowledge, the most recent information I have is on the 2014 FEI World Equestrian Games, which were held in Normandy, France. If you would like to know about a specific year, please let me know and I'll do my best to provide the relevant information.","
Long Answer: The FEI World Equestrian Games are held every four years and run by the International Federation for Equestrian Sports (FEI). The 2006 FEI World Equestrian Games were held in Aachen, Germany from August 20 to September 3, 2006. The 2010 FEI World Equestrian Games were held at the Kentucky Horse Park in Lexington, Kentucky, U.S. from September 25 to October 10, 2010 and for the first time, Para-equestrian events were added in the program. The 2014 Alltech FEI World Equestrian Games were held in the region of Normandy, France.
Context: The 2014 Alltech FEI World Equestrian Games were held in the region of Normandy, France. It was the seventh edition of the Games, which are held every four years and run by the International Federation for Equestrian Sports (FEI). For team events in the dressage, eventing, and show jumping disciplines, these Games were the first qualifying event for the 2016 Summer Olympics.
Context: The 2010 FEI World Equestrian Games (officially the 2010 Alltech FEI World Equestrian Games) were held at the Kentucky Horse Park in Lexington, Kentucky, U.S. from September 25 to October 10, 2010. This was the sixth edition of the games, which are held every four years and run by the International Federation for Equestrian Sports (FEI). For the first time, Para-equestrian events were added in the program. This was also the first time the games were hosted by a city outside of Europe, and also the first time that all events at the games were held at a single site. (Although the 100-mile/161-km endurance course, by necessity, was mostly contained outside the park, the main veterinary gate was located within the park.)
Context: The 2006 FEI World Equestrian Games were held in Aachen, Germany from August 20 to September 3, 2006. They were the 5th edition of the games which are held every four years and run by the FEI. It was held in the Soers, a district of Aachen. The main stadium of this event was the Hauptstadion.",0.0176050271838903,0.0028389002956221,0.25
E12529,529,6,simple,"['167', '26', '193']",How many episodes of inuyasha are there total?,"
There are 193 episodes of Inuyasha.","
Knowledge: Inuyasha (犬夜叉, lit. ""Dog Yaksha"") is a Japanese manga series written and illustrated by Rumiko Takahashi. The series begins with Kagome Higurashi, a fifteen-year-old middle school girl from modern-day Tokyo who is transported to the Sengoku period after falling into a well in her family shrine, where she meets the half-dog demon, half-human Inuyasha.
Knowledge: The manga was adapted into two anime television series produced by Sunrise. The first was broadcast for 167 episodes on Yomiuri TV from October 2000 to September 2004. The second series, Inuyasha: The Final Act, ran for 26 episodes from October 2009 to March 2010, covering the rest of the manga series.
Long Answer: Inuyasha is a Japanese manga series written and illustrated by Rumiko Takahashi. The series begins with Kagome Higurashi, a fifteen-year-old middle school girl from modern-day Tokyo who is transported to the Sengoku period after falling into a well in her family shrine, where she meets the half-dog demon, half-human Inuyasha. The manga was adapted into two anime television series produced by Sunrise. The first was broadcast for 167 episodes from October 2000 to September 2004. The second series, Inuyasha: The Final Act, ran for 26 episodes from October 2009 to March 2010, covering the rest of the manga series. There are a total of 193 Inuysha episodes in both series.",0.3012307286262512,0.0408248290463863,0.3333333333333333
E13529,529,94,complex,"['167', '26', '193']",How many episodes of inuyasha are there total?,"
To elucidate the total number of episodes of the Inuyasha series, we must consider both the inaugural and sequelial series. The first, which was originally broadcast on Yomiuri TV from October 2000 to September 2004, comprises 167 episodic installments. The subsequent series, entitled Inuyasha: The Final Act, ran for 26 episodes from October 2009 to March 2010, thereby concluding the narrative arc. Consequently, the cumulative total number of episodes is 167 (initial series) + 26 (sequelial series) = 193 episodes. Thus, the Inuyasha series, in its entirety, comprises a total of 193 episodic segments.","
Knowledge: Inuyasha (犬夜叉, lit. ""Dog Yaksha"") is a Japanese manga series written and illustrated by Rumiko Takahashi. The series begins with Kagome Higurashi, a fifteen-year-old middle school girl from modern-day Tokyo who is transported to the Sengoku period after falling into a well in her family shrine, where she meets the half-dog demon, half-human Inuyasha.
Knowledge: The manga was adapted into two anime television series produced by Sunrise. The first was broadcast for 167 episodes on Yomiuri TV from October 2000 to September 2004. The second series, Inuyasha: The Final Act, ran for 26 episodes from October 2009 to March 2010, covering the rest of the manga series.
Long Answer: Inuyasha is a Japanese manga series written and illustrated by Rumiko Takahashi. The series begins with Kagome Higurashi, a fifteen-year-old middle school girl from modern-day Tokyo who is transported to the Sengoku period after falling into a well in her family shrine, where she meets the half-dog demon, half-human Inuyasha. The manga was adapted into two anime television series produced by Sunrise. The first was broadcast for 167 episodes from October 2000 to September 2004. The second series, Inuyasha: The Final Act, ran for 26 episodes from October 2009 to March 2010, covering the rest of the manga series. There are a total of 193 Inuysha episodes in both series.",0.1778211444616317,0.0025302900530851,1.0
E12530,530,15,simple,"['May 10, 2018', 'May 25, 2018']",When did the han solo movie come out?,"
The Han Solo movie, ""Solo: A Star Wars Story"", came out on May 25, 2018.","
Knowledge: Solo: A Star Wars Story (also known simply as Solo) is a 2018 American space Western film[13][14] centering on the Star Wars character Han Solo. Directed by Ron Howard, produced by Lucasfilm and distributed by Walt Disney Studios Motion Pictures, it is the second Star Wars anthology film, following Rogue One (2016).
Knowledge: The film explores the early adventures of Han Solo and Chewbacca, who join a heist within the criminal underworld 10 years prior to the events of Star Wars: Episode IV - A New Hope.
Long Answer: Solo: A Star Wars Story is a 2018 American space Western film centering on the Star Wars character Han Solo. It is the second Star Wars anthology film, following Rogue One (2016). The film explores the early adventures of Han Solo and Chewbacca, who join a heist within the criminal underworld 10 years prior to the events of Star Wars: Episode IV - A New Hope. Solo had its world premiere in Los Angeles on May 10, 2018, and was screened at the 2018 Cannes Film Festival on May 15, 2018. It was released in the United States on May 25, 2018.
Context: ""Solo"" had its world premiere in Los Angeles on May 10, 2018, and was screened at the 2018 Cannes Film Festival on May 15, 2018. It was released in the United States on May 25, 2018, in RealD 3D, IMAX, and IMAX 3D. ""Solo"" received generally favorable reviews from critics who praised the film's acting performances (particularly Ehrenreich and Glover), visuals, musical score, and action sequences, while some felt its storyline was predictable. It is the first ""Star Wars"" film to be considered a box office bomb, grossing $393 million worldwide, making it the lowest-grossing live-action film in the franchise. It received a nomination for Best Visual Effects at the 91st Academy Awards.",0.381533533334732,0.0279525559635875,0.5
E13530,530,51,complex,"['May 10, 2018', 'May 25, 2018']",When did the han solo movie come out?,"
The cinematic outing of ""Solo: A Star Wars Story"" is a verifiable fact that occurred on May 25, 2018, in the United States, as well as on May 10, 2018, at its world premiere in Los Angeles, and subsequently screened at the esteemed 2018 Cannes Film Festival on May 15, 2018.","
Knowledge: Solo: A Star Wars Story (also known simply as Solo) is a 2018 American space Western film[13][14] centering on the Star Wars character Han Solo. Directed by Ron Howard, produced by Lucasfilm and distributed by Walt Disney Studios Motion Pictures, it is the second Star Wars anthology film, following Rogue One (2016).
Knowledge: The film explores the early adventures of Han Solo and Chewbacca, who join a heist within the criminal underworld 10 years prior to the events of Star Wars: Episode IV - A New Hope.
Long Answer: Solo: A Star Wars Story is a 2018 American space Western film centering on the Star Wars character Han Solo. It is the second Star Wars anthology film, following Rogue One (2016). The film explores the early adventures of Han Solo and Chewbacca, who join a heist within the criminal underworld 10 years prior to the events of Star Wars: Episode IV - A New Hope. Solo had its world premiere in Los Angeles on May 10, 2018, and was screened at the 2018 Cannes Film Festival on May 15, 2018. It was released in the United States on May 25, 2018.
Context: ""Solo"" had its world premiere in Los Angeles on May 10, 2018, and was screened at the 2018 Cannes Film Festival on May 15, 2018. It was released in the United States on May 25, 2018, in RealD 3D, IMAX, and IMAX 3D. ""Solo"" received generally favorable reviews from critics who praised the film's acting performances (particularly Ehrenreich and Glover), visuals, musical score, and action sequences, while some felt its storyline was predictable. It is the first ""Star Wars"" film to be considered a box office bomb, grossing $393 million worldwide, making it the lowest-grossing live-action film in the franchise. It received a nomination for Best Visual Effects at the 91st Academy Awards.",0.2676970958709717,0.0107467741568903,1.0
E12531,531,10,simple,"['November 3, 2017', 'November 11, 2008', 'November 12, 2008', 'November 14, 2008']",When did call of duty ww2 come out?,"
Call of Duty WWII was released on November 3, 2017.","
Knowledge: It is the fourteenth main installment in the Call of Duty series and the first title in the series to be set primarily during World War II since Call of Duty: World at War in 2008.
Long Answer: Call of Duty: WWII is a first-person shooter video game developed by Sledgehammer Games and published by Activision. It was released worldwide on November 3, 2017 for Microsoft Windows, PlayStation 4 and Xbox One. It is the fourteenth main installment in the Call of Duty series and the first title in the series to be set primarily during World War II since Call of Duty: World at War in 2008. Call of Duty: World At War came out on November 11, 2008 in North America, November 12, 2008 in Australia, and in November 14, 2008 in the EU.
Context: Call of Duty: WWII is a first-person shooter video game developed by Sledgehammer Games and published by Activision. It was released worldwide on November 3, 2017 for Microsoft Windows, PlayStation 4 and Xbox One. It is the fourteenth main installment in the ""Call of Duty"" series and the first title in the series to be set primarily during World War II since """" in 2008.",0.4871668815612793,0.0446323613785333,0.25
E13531,531,80,complex,"['November 3, 2017', 'November 11, 2008', 'November 12, 2008', 'November 14, 2008']",When did call of duty ww2 come out?,"
The release date for Call of Duty: WWII is a pivotal event in the gaming calendar, marking the inaugural appearance of the franchise in a historically significant setting, namely the Second World War. Specifically, the game was released on November 3, 2017, simultaneously across various platforms, including Microsoft Windows, PlayStation 4, and Xbox One. This publication date signifies a notable milestone in the ""Call of Duty"" series, which has established itself as a premier franchise in the first-person shooter genre.","
Knowledge: It is the fourteenth main installment in the Call of Duty series and the first title in the series to be set primarily during World War II since Call of Duty: World at War in 2008.
Long Answer: Call of Duty: WWII is a first-person shooter video game developed by Sledgehammer Games and published by Activision. It was released worldwide on November 3, 2017 for Microsoft Windows, PlayStation 4 and Xbox One. It is the fourteenth main installment in the Call of Duty series and the first title in the series to be set primarily during World War II since Call of Duty: World at War in 2008. Call of Duty: World At War came out on November 11, 2008 in North America, November 12, 2008 in Australia, and in November 14, 2008 in the EU.
Context: Call of Duty: WWII is a first-person shooter video game developed by Sledgehammer Games and published by Activision. It was released worldwide on November 3, 2017 for Microsoft Windows, PlayStation 4 and Xbox One. It is the fourteenth main installment in the ""Call of Duty"" series and the first title in the series to be set primarily during World War II since """" in 2008.",0.2488157302141189,0.004791063173599,0.25
E12532,532,16,simple,"['Keith Whitley', 'Jackie Keith Whitley', 'Alison Krauss', 'Alison Maria Krauss', 'Ronan Keating', 'Ronan Patrick John Keating', 'Deborah Blando', 'Deborah Salvatrice Blando', 'Zaw Paing', 'Dylan Scott Robinson', 'Dylan Scott']",Who sings you say it best when you say nothing at all?,"
Keith Whitley, Alison Krauss, and Ronan Keating are singers who sing ""You Say Nothing at All.""","
Knowledge: ""When You Say Nothing at All"" is a country song written by Paul Overstreet and Don Schlitz. It was a hit song for three different performers: Keith Whitley, who took it to the top of the Billboard Hot Country Singles chart on December 24, 1988; Alison Krauss, whose version was her first solo top 10 country hit in 1995; and Irish pop singer Ronan Keating, whose version was his first solo single and a number-one hit in the United Kingdom, Ireland, and New Zealand in 1999.
Long Answer: When You Say Nothing at All is a country song written by Paul Overstreet and Don Schlitz. It was a hit song for three different performers: Keith Whitley, who took it to the top of the Billboard Hot Country Singles chart on December 24, 1988; Alison Krauss, whose version was her first solo top 10 country hit in 1995; and Irish pop singer Ronan Keating, whose version was his first solo single and a number-one hit in the United Kingdom, Ireland, and New Zealand in 1999. The Italian-Ukrainian-Brazilian singer Deborah Blando recorded When You Say Nothing at All in English and Portuguese for the Brazilian version of the song, which featured on the Brazilian version of Destination. The single reached the top 10 in the Latin charts. Burmese singer Zaw Paing also made a Burmese version cover. American country singer Dylan Scott released a cover on his 2019 album An Old Memory.
Context: ""When You Say Nothing at All"" was released as the debut solo single by Irish singer-songwriter Ronan Keating. The song was recorded in 1999 for the soundtrack to the film ""Notting Hill"" and also appeared on Keating's debut solo album, ""Ronan"". The song was released on July 26, 1999, in the United Kingdom. It peaked at number one in the UK, Ireland and New Zealand. In the UK, the single was certified gold.
Context: The Italian-Ukrainian-Brazilian singer Deborah Blando recorded ""When You Say Nothing at All"" in English and Portuguese for the Brazilian version of the song, which featured on the Brazilian version of ""Destination"". The single reached the top 10 in the Latin charts. Burmese singer Zaw Paing also made a Burmese version cover. American country singer Dylan Scott released a cover on his 2019 album An Old Memory.",0.1652598679065704,0.0309345882943137,0.2727272727272727
E13532,532,71,complex,"['Keith Whitley', 'Jackie Keith Whitley', 'Alison Krauss', 'Alison Maria Krauss', 'Ronan Keating', 'Ronan Patrick John Keating', 'Deborah Blando', 'Deborah Salvatrice Blando', 'Zaw Paing', 'Dylan Scott Robinson', 'Dylan Scott']",Who sings you say it best when you say nothing at all?,"
The enigmatic lyrics of ""When You Say Nothing at All"" belie a poignant inquiry regarding the efficaciousness of an individual's articulation when communicating emotional sentiments, prompting the query, ""Who says it best when you say nothing at all?"" Ultimately, the answer to this query is somewhat subjective, as the song has been interpreted and performed by various artists, each rendering their unique interpretation of the emotional nuances embedded within the lyrics.","
Knowledge: ""When You Say Nothing at All"" is a country song written by Paul Overstreet and Don Schlitz. It was a hit song for three different performers: Keith Whitley, who took it to the top of the Billboard Hot Country Singles chart on December 24, 1988; Alison Krauss, whose version was her first solo top 10 country hit in 1995; and Irish pop singer Ronan Keating, whose version was his first solo single and a number-one hit in the United Kingdom, Ireland, and New Zealand in 1999.
Long Answer: When You Say Nothing at All is a country song written by Paul Overstreet and Don Schlitz. It was a hit song for three different performers: Keith Whitley, who took it to the top of the Billboard Hot Country Singles chart on December 24, 1988; Alison Krauss, whose version was her first solo top 10 country hit in 1995; and Irish pop singer Ronan Keating, whose version was his first solo single and a number-one hit in the United Kingdom, Ireland, and New Zealand in 1999. The Italian-Ukrainian-Brazilian singer Deborah Blando recorded When You Say Nothing at All in English and Portuguese for the Brazilian version of the song, which featured on the Brazilian version of Destination. The single reached the top 10 in the Latin charts. Burmese singer Zaw Paing also made a Burmese version cover. American country singer Dylan Scott released a cover on his 2019 album An Old Memory.
Context: ""When You Say Nothing at All"" was released as the debut solo single by Irish singer-songwriter Ronan Keating. The song was recorded in 1999 for the soundtrack to the film ""Notting Hill"" and also appeared on Keating's debut solo album, ""Ronan"". The song was released on July 26, 1999, in the United Kingdom. It peaked at number one in the UK, Ireland and New Zealand. In the UK, the single was certified gold.
Context: The Italian-Ukrainian-Brazilian singer Deborah Blando recorded ""When You Say Nothing at All"" in English and Portuguese for the Brazilian version of the song, which featured on the Brazilian version of ""Destination"". The single reached the top 10 in the Latin charts. Burmese singer Zaw Paing also made a Burmese version cover. American country singer Dylan Scott released a cover on his 2019 album An Old Memory.",-0.0186913907527923,0.0,0.0
E12533,533,12,simple,"['Chandra Shekhar', 'Pamulaparthi Venkata Narasimha Rao', 'P. V. Narasimha Rao']",Who was prime minister of india in 1991?,"
In 1991, the Prime Minister of India was P. V. Narasimha Rao.","
Knowledge: The prime minister of India is the chief executive of the Government of India. In India's parliamentary system, the Constitution names the President as head of state de jure, but his or her de facto executive powers are vested in the prime minister and their Council of Ministers. Appointed and sworn-in by the President, the prime minister is usually the leader of the party or alliance that has a majority in the Lok Sabha, the lower house of Parliament of India.[1]
Knowledge: Pamulaparthi Venkata Narasimha Rao (// (About this soundlisten); 28 June 1921 – 23 December 2004) was an Indian lawyer and politician who served as the 9th Prime Minister of India from 1991 to 1996.
Long Answer: The prime minister of India is the chief executive of the Government of India. In India's parliamentary system, the Constitution names the President as head of state de jure, but his or her de facto executive powers are vested in the prime minister and their Council of Ministers. Appointed and sworn-in by the President, the prime minister is usually the leader of the party or alliance that has a majority in the Lok Sabha, the lower house of Parliament of India. Chandra Shekhar was the prime minister from January 1 to June 21 1991 and P. V. Narasimha Rao was the prime minister from June 21 1991 until 1996.
Context: Rajiv's five-year term ended with his former cabinet colleague, V. P. Singh of the Janata Dal, forming the year-long National Front coalition government in 1989. A seven-month interlude under prime minister Chandra Shekhar followed, after which the Congress party returned to power, forming the government under P. V. Narasimha Rao in June 1991. Rao's five-year term was succeeded by four short-lived governments—Atal Bihari Vajpayee from the Bharatiya Janata Party (BJP) for 13 days in 1996, a year each under United Front prime ministers H. D. Deve Gowda and I. K. Gujral, and Vajpayee again for 19 months in 1998–99. After Vajpayee was sworn-in for the third time, in 1999, he managed to lead his National Democratic Alliance (NDA) government to a full five-year term, the first non-Congress alliance to do so. Vajpayee was succeeded by Manmohan Singh, whose United Progressive Alliance government was in office for 10 years between 2004 and 2014. The incumbent prime minister of India is Narendra Modi who has headed the BJP-led NDA government since 26 May 2014 which is India's first non-Congress single party majority government.",0.3842984139919281,0.0843011894648409,0.3333333333333333
E13533,533,12,complex,"['Chandra Shekhar', 'Pamulaparthi Venkata Narasimha Rao', 'P. V. Narasimha Rao']",Who was prime minister of india in 1991?,"
P. V. Narasimha Rao was the Prime Minister of India in 1991.","
Knowledge: The prime minister of India is the chief executive of the Government of India. In India's parliamentary system, the Constitution names the President as head of state de jure, but his or her de facto executive powers are vested in the prime minister and their Council of Ministers. Appointed and sworn-in by the President, the prime minister is usually the leader of the party or alliance that has a majority in the Lok Sabha, the lower house of Parliament of India.[1]
Knowledge: Pamulaparthi Venkata Narasimha Rao (// (About this soundlisten); 28 June 1921 – 23 December 2004) was an Indian lawyer and politician who served as the 9th Prime Minister of India from 1991 to 1996.
Long Answer: The prime minister of India is the chief executive of the Government of India. In India's parliamentary system, the Constitution names the President as head of state de jure, but his or her de facto executive powers are vested in the prime minister and their Council of Ministers. Appointed and sworn-in by the President, the prime minister is usually the leader of the party or alliance that has a majority in the Lok Sabha, the lower house of Parliament of India. Chandra Shekhar was the prime minister from January 1 to June 21 1991 and P. V. Narasimha Rao was the prime minister from June 21 1991 until 1996.
Context: Rajiv's five-year term ended with his former cabinet colleague, V. P. Singh of the Janata Dal, forming the year-long National Front coalition government in 1989. A seven-month interlude under prime minister Chandra Shekhar followed, after which the Congress party returned to power, forming the government under P. V. Narasimha Rao in June 1991. Rao's five-year term was succeeded by four short-lived governments—Atal Bihari Vajpayee from the Bharatiya Janata Party (BJP) for 13 days in 1996, a year each under United Front prime ministers H. D. Deve Gowda and I. K. Gujral, and Vajpayee again for 19 months in 1998–99. After Vajpayee was sworn-in for the third time, in 1999, he managed to lead his National Democratic Alliance (NDA) government to a full five-year term, the first non-Congress alliance to do so. Vajpayee was succeeded by Manmohan Singh, whose United Progressive Alliance government was in office for 10 years between 2004 and 2014. The incumbent prime minister of India is Narendra Modi who has headed the BJP-led NDA government since 26 May 2014 which is India's first non-Congress single party majority government.",0.390913188457489,0.2120062675902518,0.3333333333333333
E12534,534,25,simple,"['United States', 'London', 'Europe']",Where has the olympics been held the most?,"
The Olympics have been held the most in Europe, where 32 Games have taken place. This means 32 countries have hosted the Olympics in Europe.","
Long Answer: The Olympic Games have primarily been hosted in Europe (32 editions) and North America (12 editions). Seven Games have been hosted in Asia and two have been hosted in Oceania. The United States has hosted a total of eight Olympic Games, more than any other country, followed by France with five editions. The city that has held the most Olympic Games is London, which became the first city to have hosted three Games with the 2012 Summer Olympics. Europe is the continent that has held the most Olympic Games.
Context: In 2022, Beijing will become the first-ever city that has held both the summer and the winter Olympic Games. Eleven cities will have hosted the Olympic Games more than once: Athens (1896 and 2004 Summer Olympics), Paris (1900, 1924 and 2024 Summer Olympics), London (1908, 1948 and 2012 Summer Olympics), St. Moritz (1928 and 1948 Winter Olympics), Lake Placid (1932 and 1980 Winter Olympics), Los Angeles (1932, 1984 and 2028 Summer Olympics), Cortina d'Ampezzo (1956 and 2026 Winter Olympics), Innsbruck (1964 and 1976 Winter Olympics and 2012 Winter Youth Olympics), Tokyo (1964 and 2020 Summer Olympics), Lillehammer (1994 Winter Olympics and 2016 Winter Youth Olympics), Gangwon Province (Pyeongchang) (2018 Winter Olympics and 2024 Winter Youth Olympics) and Beijing (2008 Summer Olympics and 2022 Winter Olympics). Stockholm hosted the 1912 Summer Olympics and the equestrian portion of the 1956 Summer Olympics. London became the first city to have hosted three Games with the 2012 Summer Olympics. Paris will become the second city to do this with the 2024 Summer Olympics, followed by Los Angeles as the third in 2028. The United States has hosted a total of eight Olympic Games, more than any other country, followed by France with five editions. Switzerland, the United Kingdom, Austria, Canada, Italy, Japan and Germany have each hosted three Games.
Context: The Games have primarily been hosted in the continents of Europe (32 editions) and North America (12 editions); seven Games have been hosted in Asia and two have been hosted in Oceania. In 2010, Singapore became Southeast Asia's first Olympic host city for the inaugural Summer Youth Olympics, while Rio de Janeiro became South America's first Olympic host city with the 2016 Summer Olympics, followed by Buenos Aires with the 2018 Summer Youth Olympics. The 2022 Summer Youth Olympics in Dakar will become the first-ever Games to be held on the African continent. Other major geographic regions which have never hosted the Olympics include the Middle East, the Indian subcontinent, Central America and the Caribbean.",0.2963946163654327,0.0,0.3333333333333333
E13534,534,49,complex,"['United States', 'London', 'Europe']",Where has the olympics been held the most?,"
Based on the provided context, it is evident that the Olympics have been hosted the most in Europe, with a total of 32 editions, thereby establishing it as the continent that has borne the brunt of Olympic hosting duties, underscoring the continent's prominence and widespread acceptance of the Games.","
Long Answer: The Olympic Games have primarily been hosted in Europe (32 editions) and North America (12 editions). Seven Games have been hosted in Asia and two have been hosted in Oceania. The United States has hosted a total of eight Olympic Games, more than any other country, followed by France with five editions. The city that has held the most Olympic Games is London, which became the first city to have hosted three Games with the 2012 Summer Olympics. Europe is the continent that has held the most Olympic Games.
Context: In 2022, Beijing will become the first-ever city that has held both the summer and the winter Olympic Games. Eleven cities will have hosted the Olympic Games more than once: Athens (1896 and 2004 Summer Olympics), Paris (1900, 1924 and 2024 Summer Olympics), London (1908, 1948 and 2012 Summer Olympics), St. Moritz (1928 and 1948 Winter Olympics), Lake Placid (1932 and 1980 Winter Olympics), Los Angeles (1932, 1984 and 2028 Summer Olympics), Cortina d'Ampezzo (1956 and 2026 Winter Olympics), Innsbruck (1964 and 1976 Winter Olympics and 2012 Winter Youth Olympics), Tokyo (1964 and 2020 Summer Olympics), Lillehammer (1994 Winter Olympics and 2016 Winter Youth Olympics), Gangwon Province (Pyeongchang) (2018 Winter Olympics and 2024 Winter Youth Olympics) and Beijing (2008 Summer Olympics and 2022 Winter Olympics). Stockholm hosted the 1912 Summer Olympics and the equestrian portion of the 1956 Summer Olympics. London became the first city to have hosted three Games with the 2012 Summer Olympics. Paris will become the second city to do this with the 2024 Summer Olympics, followed by Los Angeles as the third in 2028. The United States has hosted a total of eight Olympic Games, more than any other country, followed by France with five editions. Switzerland, the United Kingdom, Austria, Canada, Italy, Japan and Germany have each hosted three Games.
Context: The Games have primarily been hosted in the continents of Europe (32 editions) and North America (12 editions); seven Games have been hosted in Asia and two have been hosted in Oceania. In 2010, Singapore became Southeast Asia's first Olympic host city for the inaugural Summer Youth Olympics, while Rio de Janeiro became South America's first Olympic host city with the 2016 Summer Olympics, followed by Buenos Aires with the 2018 Summer Youth Olympics. The 2022 Summer Youth Olympics in Dakar will become the first-ever Games to be held on the African continent. Other major geographic regions which have never hosted the Olympics include the Middle East, the Indian subcontinent, Central America and the Caribbean.",0.1507267951965332,0.0,0.3333333333333333
E12535,535,11,simple,"['October 10, 2017', 'August 28, 2018', 'Late May 2018']",What is the release date for flash season 4?,"
The release date for Flash season 4 is October 10, 2017.","
Knowledge: The Flash is an American superhero television drama series developed by Greg Berlanti, Andrew Kreisberg, and Geoff Johns, airing on The CW. It is based on the Barry Allen incarnation of DC Comics character the Flash, a costumed superhero crime-fighter with the power to move at superhuman speeds.
Knowledge: The series was renewed for an eighth season in February 2021 and it is set to premiere on November 16, 2021.
Knowledge: The fourth season of the American television series The Flash, which is based on the DC Comics character Barry Allen / Flash, premiered on The CW on October 10, 2017, and ran for 23 episodes until May 22, 2018.
Long Answer: The Flash is an American superhero television drama series airing on The CW. It is based on the Barry Allen incarnation of DC Comics character the Flash, a costumed superhero crime-fighter with the power to move at superhuman speeds. In January 2020, The CW renewed the series for a seventh season, which premiered on March 2, 2021. The series was renewed for an eighth season in February 2021 and it is set to premiere on November 16, 2021. Season 4 premiered on The CW on October 10, 2017. The season was made available for streaming on Netflix in late May 2018, soon after the season finale aired. It was released on Blu-ray on August 28, 2018.
Context: The season was made available for streaming on Netflix in late May 2018, soon after the season finale aired. It was released on Blu-ray on August 28, 2018.",0.2782897651195526,0.0398635712826801,0.3333333333333333
E13535,535,62,complex,"['October 10, 2017', 'August 28, 2018', 'Late May 2018']",What is the release date for flash season 4?,"
The inaugural airing of Season 4 of the esteemed television series ""The Flash"" on The CW network occurred on October 10, 2017. Subsequently, the entire season was rendered available for streaming on the venerable platform of Netflix in late May 2018, precipitating a more extensive viewership. Furthermore, a physical release of the season on Blu-ray disc was accomplished on August 28, 2018.","
Knowledge: The Flash is an American superhero television drama series developed by Greg Berlanti, Andrew Kreisberg, and Geoff Johns, airing on The CW. It is based on the Barry Allen incarnation of DC Comics character the Flash, a costumed superhero crime-fighter with the power to move at superhuman speeds.
Knowledge: The series was renewed for an eighth season in February 2021 and it is set to premiere on November 16, 2021.
Knowledge: The fourth season of the American television series The Flash, which is based on the DC Comics character Barry Allen / Flash, premiered on The CW on October 10, 2017, and ran for 23 episodes until May 22, 2018.
Long Answer: The Flash is an American superhero television drama series airing on The CW. It is based on the Barry Allen incarnation of DC Comics character the Flash, a costumed superhero crime-fighter with the power to move at superhuman speeds. In January 2020, The CW renewed the series for a seventh season, which premiered on March 2, 2021. The series was renewed for an eighth season in February 2021 and it is set to premiere on November 16, 2021. Season 4 premiered on The CW on October 10, 2017. The season was made available for streaming on Netflix in late May 2018, soon after the season finale aired. It was released on Blu-ray on August 28, 2018.
Context: The season was made available for streaming on Netflix in late May 2018, soon after the season finale aired. It was released on Blu-ray on August 28, 2018.",0.2453981637954712,0.0092964856523422,1.0
E12536,536,23,simple,"['Justify', 'Mike Smith', 'Bob Baffert', 'John D Gunther']",Who won last triple crown of horse racing?,"
The last Triple Crown winner was a horse named Justify. He won the three big horse races in the United States in 2018.","
Knowledge: In the United States, the Triple Crown of Thoroughbred Racing, commonly known as the Triple Crown, is a series of horse races for three-year-old Thoroughbreds, consisting of the Kentucky Derby, Preakness Stakes, and Belmont Stakes.
Long Answer: In horse racing, a horse is said to have won the Triple Crown if they win the Kentucky Derby, Preakness Stakes, and Belmont Stakes all in the same year. The last triple crown of horse racing occurred in 2018 with the horse Justify. Justify's jockey was Mike Smith, his trainer was Bob Baffert, and his breeder was John D Gunther.
Context: Jim Fitzsimmons and Bob Baffert are the only two trainers to have two horses win the Triple Crown, with Fitzsimmons training the sire/son combination of 1930 winner Gallant Fox and 1935 winner Omaha and Baffert training 2015 winner American Pharoah and 2018 winner Justify. The wins by Fitzsimmons were also the first time that an owner and the first time that a breeder, Belair Stud holding both duties, had a repeat win of the Triple Crown. Calumet Farm is the only other owner with two Triple Crown horses, 1941 winner Whirlaway and 1948 winner Citation. Eddie Arcaro is the only jockey to ride two horses to the Triple Crown, both for Calumet, Whirlaway and Citation. Those two horses' trainers, Ben Jones and Jimmy Jones, were father and son.
Context: At 18, Steve Cauthen became the youngest jockey to win the Triple Crown, riding Affirmed in 1978. At 52, Mike Smith became the oldest jockey to win the Triple Crown, riding Justify in 2018.
Context: Jim Fitzsimmons and Bob Baffert are the only two trainers to have two horses win the Triple Crown, with Fitzsimmons training the sire/son combination of 1930 winner Gallant Fox and 1935 winner Omaha and Baffert training 2015 winner American Pharoah and 2018 winner Justify. The wins by Fitzsimmons were also the first time that an owner and the first time that a breeder, Belair Stud holding both duties, had a repeat win of the Triple Crown. Calumet Farm is the only other owner with two Triple Crown horses, 1941 winner Whirlaway and 1948 winner Citation. Eddie Arcaro is the only jockey to ride two horses to the Triple Crown, both for Calumet, Whirlaway and Citation. Those two horses' trainers, Ben Jones and Jimmy Jones, were father and son.",0.3930303752422333,0.0,0.25
E13536,536,74,complex,"['Justify', 'Mike Smith', 'Bob Baffert', 'John D Gunther']",Who won last triple crown of horse racing?,"
The most recent iteration of the esteemed Triple Crown of Thoroughbred Racing, a distinction reserved for the most distinguished three-year-old Thoroughbreds, was achieved by the phenomenal equine entity, Justify, in the year 2018. The triumvirate of victories, comprising the Kentucky Derby, the Preakness Stakes, and the Belmont Stakes, was won by Justify under the expert guidance of its trainer, the inimitable Bob Baffert, and the skilled horsemanship of its jockey, the venerable Mike Smith.","
Knowledge: In the United States, the Triple Crown of Thoroughbred Racing, commonly known as the Triple Crown, is a series of horse races for three-year-old Thoroughbreds, consisting of the Kentucky Derby, Preakness Stakes, and Belmont Stakes.
Long Answer: In horse racing, a horse is said to have won the Triple Crown if they win the Kentucky Derby, Preakness Stakes, and Belmont Stakes all in the same year. The last triple crown of horse racing occurred in 2018 with the horse Justify. Justify's jockey was Mike Smith, his trainer was Bob Baffert, and his breeder was John D Gunther.
Context: Jim Fitzsimmons and Bob Baffert are the only two trainers to have two horses win the Triple Crown, with Fitzsimmons training the sire/son combination of 1930 winner Gallant Fox and 1935 winner Omaha and Baffert training 2015 winner American Pharoah and 2018 winner Justify. The wins by Fitzsimmons were also the first time that an owner and the first time that a breeder, Belair Stud holding both duties, had a repeat win of the Triple Crown. Calumet Farm is the only other owner with two Triple Crown horses, 1941 winner Whirlaway and 1948 winner Citation. Eddie Arcaro is the only jockey to ride two horses to the Triple Crown, both for Calumet, Whirlaway and Citation. Those two horses' trainers, Ben Jones and Jimmy Jones, were father and son.
Context: At 18, Steve Cauthen became the youngest jockey to win the Triple Crown, riding Affirmed in 1978. At 52, Mike Smith became the oldest jockey to win the Triple Crown, riding Justify in 2018.
Context: Jim Fitzsimmons and Bob Baffert are the only two trainers to have two horses win the Triple Crown, with Fitzsimmons training the sire/son combination of 1930 winner Gallant Fox and 1935 winner Omaha and Baffert training 2015 winner American Pharoah and 2018 winner Justify. The wins by Fitzsimmons were also the first time that an owner and the first time that a breeder, Belair Stud holding both duties, had a repeat win of the Triple Crown. Calumet Farm is the only other owner with two Triple Crown horses, 1941 winner Whirlaway and 1948 winner Citation. Eddie Arcaro is the only jockey to ride two horses to the Triple Crown, both for Calumet, Whirlaway and Citation. Those two horses' trainers, Ben Jones and Jimmy Jones, were father and son.",0.3292766511440277,0.0032284492022662,0.75
E12537,537,37,simple,"['$7.25 per hour', '$2.13 per hour, as long as the hour wage plus tip income equals at least the minimum wage', '$4.25 an hour']",What's the lowest minimum wage in america?,"
The lowest minimum wage in America is $2.13 per hour. This is for workers who get tips, like waiters and bartenders. Their boss must make sure their tips are enough to make up for the $2.13 pay.","
Long Answer: Since July 24, 2009, the federal minimum wage in the US has been $7.25 per hour, with a few exemptions. The minimum wage for tipped labor is $2.13 per hour, as long as the hour wage plus tip income equals at least the minimum wage. Persons under the age of 20 can also be paid what's called a youth, teen, or training wage for the first 90 calendar days of their employment, which is $4.25 an hour.
Context: The minimum wage in the United States is set by US labor law and a range of state and local laws. Employers generally have to pay workers the highest minimum wage prescribed by federal, state, and local law. Since July 24, 2009, the federal government has mandated a nationwide minimum wage of $7.25 per hour. there were 29 states with a minimum wage higher than the federal minimum. From 2017 to 2018, eight states increased their minimum wage levels through automatic adjustments, while increases in eleven other states occurred through referendum or legislative action.
Context: The federal minimum wage in the United States was reset to its current rate of $7.25 per hour in July 2009. Some U.S. territories (such as American Samoa) are exempt. Some types of labor are also exempt: Employers may pay tipped labor a minimum of $2.13 per hour, as long as the hour wage plus tip income equals at least the minimum wage. Persons under the age of 20 may be paid $4.25 an hour for the first 90 calendar days of employment (sometimes known as a youth, teen, or training wage) unless a higher state minimum exists. The 2009 increase was the last of three steps of the Fair Minimum Wage Act of 2007, which was signed into law as a rider to the U.S. Troop Readiness, Veterans' Care, Katrina Recovery, and Iraq Accountability Appropriations Act, 2007, a bill that also contained almost $5 billion in tax cuts for small businesses.",0.1895985007286071,0.0158484649401648,0.0
E13537,537,70,complex,"['$7.25 per hour', '$2.13 per hour, as long as the hour wage plus tip income equals at least the minimum wage', '$4.25 an hour']",What's the lowest minimum wage in america?,"
The ostensibly lowest minimum wage in the United States is $2.13 per hour, which applies to certain categories of laborers, specifically those employed in the service industry, commonly referred to as tipped workers. This wage is mandated by federal law and is contingent upon the condition that the worker's hourly wage, when combined with the tips they receive, shall not fall below the federal minimum wage of $7.25 per hour.","
Long Answer: Since July 24, 2009, the federal minimum wage in the US has been $7.25 per hour, with a few exemptions. The minimum wage for tipped labor is $2.13 per hour, as long as the hour wage plus tip income equals at least the minimum wage. Persons under the age of 20 can also be paid what's called a youth, teen, or training wage for the first 90 calendar days of their employment, which is $4.25 an hour.
Context: The minimum wage in the United States is set by US labor law and a range of state and local laws. Employers generally have to pay workers the highest minimum wage prescribed by federal, state, and local law. Since July 24, 2009, the federal government has mandated a nationwide minimum wage of $7.25 per hour. there were 29 states with a minimum wage higher than the federal minimum. From 2017 to 2018, eight states increased their minimum wage levels through automatic adjustments, while increases in eleven other states occurred through referendum or legislative action.
Context: The federal minimum wage in the United States was reset to its current rate of $7.25 per hour in July 2009. Some U.S. territories (such as American Samoa) are exempt. Some types of labor are also exempt: Employers may pay tipped labor a minimum of $2.13 per hour, as long as the hour wage plus tip income equals at least the minimum wage. Persons under the age of 20 may be paid $4.25 an hour for the first 90 calendar days of employment (sometimes known as a youth, teen, or training wage) unless a higher state minimum exists. The 2009 increase was the last of three steps of the Fair Minimum Wage Act of 2007, which was signed into law as a rider to the U.S. Troop Readiness, Veterans' Care, Katrina Recovery, and Iraq Accountability Appropriations Act, 2007, a bill that also contained almost $5 billion in tax cuts for small businesses.",0.2771733105182647,0.0206482041899565,0.3333333333333333
E12538,538,12,simple,"['Season thirteen', 'season 13', '2018', 'June 5, 2018']",When did us the duo audition for agt?,"
Us the Duo auditioned for America's Got Talent on June 5, 2018.","
Knowledge: Us the Duo is an American folk pop duo consisting of husband-and-wife Michael and Carissa Alvarado.
Knowledge: On June 5, 2018, they auditioned for America's Got Talent, where they advanced to the next rounds and got eliminated at the semifinals.
Long Answer: Us the Duo is an American folk pop duo consisting of husband-and-wife Michael and Carissa Alvarado. They auditioned for America's Got Talent on June 5, 2018 on season 13 of the show, where they advanced to the next rounds and got eliminated at the semifinals.",0.5451325178146362,0.0360208028820736,0.5
E13538,538,56,complex,"['Season thirteen', 'season 13', '2018', 'June 5, 2018']",When did us the duo audition for agt?,"
Us the Duo, a singularly talented and charismatic musical duo comprised of the erstwhile husband-and-wife tandem Michael and Carissa Alvarado, auditioned for the coveted platform that is America's Got Talent (AGT) on a fateful day, June 5, 2018, which marked the beginning of their journey to compete amongst the most skilled performers from across the nation.","
Knowledge: Us the Duo is an American folk pop duo consisting of husband-and-wife Michael and Carissa Alvarado.
Knowledge: On June 5, 2018, they auditioned for America's Got Talent, where they advanced to the next rounds and got eliminated at the semifinals.
Long Answer: Us the Duo is an American folk pop duo consisting of husband-and-wife Michael and Carissa Alvarado. They auditioned for America's Got Talent on June 5, 2018 on season 13 of the show, where they advanced to the next rounds and got eliminated at the semifinals.",0.2178955972194671,0.0069016417535906,0.5
E12539,539,15,simple,"['Milton Ernest Hall', 'Royal Air Force Kings Cliffe', 'Kings Cliffe', 'RAF Kings Cliffe']",Where did glenn miller perform his final concert?,"
Glenn Miller performed his last concert at a place called Royal Air Force Kings Cliffe.","
Knowledge: Miller was due to fly from Bedford to Paris on December 15, 1944, to make arrangements to move his entire band there in the near future. His plane, a single-engine UC-64 Norseman, departed from RAF Twinwood Farm in Clapham, on the outskirts of Bedford, and disappeared while flying over the English Channel.[101] 
Knowledge: Alton Glenn Miller (March 1, 1904 – disappeared December 15, 1944)[1][2][3] was an American big-band trombonist, arranger, composer, and bandleader in the swing era.
Knowledge: In 1942, Miller volunteered to join the U.S. military to entertain troops during World War II, ending up with the U.S. Army Air Forces.
Long Answer: Glenn Miller, a big band musician, was due to fly from Bedford to Paris on December 15, 1944, but his plane disappeared while flying over the English Channel. Miller volunteered to join the U.S. military to entertain troops during World War II. He spent his final night at Milton Ernest Hall and performed his final airfield concert at the Royal Air Force Kings Cliffe.
Context: Miller was due to fly from the United Kingdom to Paris on December 15, 1944, to make arrangements to move his entire band there in the near future. His plane, a single-engine UC-64 Norseman, departed from RAF Twinwood Farm in Clapham, on the outskirts of Bedford, and disappeared while flying over the English Channel. Miller spent the last night before his disappearance at Milton Ernest Hall, near Bedford. Miller's disappearance was not made public until December 24, 1944, when the Associated Press announced Miller would not be conducting the scheduled BBC-broadcast ""AEF Christmas Show"" the following day; the band's deputy leader Tech. Sgt. Jerry Gray (July 3, 1915 – August 10, 1976) stood in for Miller.",0.255683422088623,0.164519293999331,0.5
E13539,539,35,complex,"['Milton Ernest Hall', 'Royal Air Force Kings Cliffe', 'Kings Cliffe', 'RAF Kings Cliffe']",Where did glenn miller perform his final concert?,"
Glenn Miller's final concert took place at the Royal Air Force's Kings Cliffe, an airfield located in England. This performance occurred in the evening of December 14, 1944, prior to his disappearance the following day.","
Knowledge: Miller was due to fly from Bedford to Paris on December 15, 1944, to make arrangements to move his entire band there in the near future. His plane, a single-engine UC-64 Norseman, departed from RAF Twinwood Farm in Clapham, on the outskirts of Bedford, and disappeared while flying over the English Channel.[101] 
Knowledge: Alton Glenn Miller (March 1, 1904 – disappeared December 15, 1944)[1][2][3] was an American big-band trombonist, arranger, composer, and bandleader in the swing era.
Knowledge: In 1942, Miller volunteered to join the U.S. military to entertain troops during World War II, ending up with the U.S. Army Air Forces.
Long Answer: Glenn Miller, a big band musician, was due to fly from Bedford to Paris on December 15, 1944, but his plane disappeared while flying over the English Channel. Miller volunteered to join the U.S. military to entertain troops during World War II. He spent his final night at Milton Ernest Hall and performed his final airfield concert at the Royal Air Force Kings Cliffe.
Context: Miller was due to fly from the United Kingdom to Paris on December 15, 1944, to make arrangements to move his entire band there in the near future. His plane, a single-engine UC-64 Norseman, departed from RAF Twinwood Farm in Clapham, on the outskirts of Bedford, and disappeared while flying over the English Channel. Miller spent the last night before his disappearance at Milton Ernest Hall, near Bedford. Miller's disappearance was not made public until December 24, 1944, when the Associated Press announced Miller would not be conducting the scheduled BBC-broadcast ""AEF Christmas Show"" the following day; the band's deputy leader Tech. Sgt. Jerry Gray (July 3, 1915 – August 10, 1976) stood in for Miller.",0.2402857840061187,0.0124301850410269,0.25
E12540,540,67,simple,"['Natalie Wood', 'Mara Wilson', 'Suzanne Davidson', 'Susan Gordon']",Who played susan walker in miracle on 34th street?,"
Susan Walker was played by different actresses in different movies and TV shows. Here are the people who played Susan Walker:

* In the 1947 movie, she was played by Natalie Wood.
* In the 1959 TV show, she was played by Susan Gordon.
* In the 1973 TV show, she was played by Suzanne Davidson.
* In the 1994 movie, she was played by Mara Wilson.","
Knowledge: Ed Wynn played Kris in a 1959 television adaptation of the movie.
Knowledge: A 1973 television version featured Jane Alexander, David Hartman, Roddy McDowall, Sebastian Cabot as Kris (without his natural beard; he was forced to shave and wear a false beard for the role), Suzanne Davidson, Jim Backus, David Doyle and Tom Bosley.
Long Answer: Miracle on 34th Street was first released as an American Christmas film in 1947. In this film, the character of Susan Walker was played by Natalie Wood. Since then numerous variants and adaptations have been created. In the 1959, a television adaptation of the movie aired on a NBC Friday Night Special Presentation. This version starred Susan Gordon as Susan Walker. In 1973, another television adaptation was released starring Suzanne Davidson as Susan Walker. In 1994, a remake was made of the original 1947 movie starring Mara Wilson as Susan Walker.
Context: Natalie Wood, who played Susan in the original film, was originally offered the role of Karen Walker, with the idea that her real life daughter would play Susan and Robert Wagner, her husband at the time, would play Bill Schaffer. Wood declined due to concerns over her daughter being too young to start acting.
Context: A 1994 feature film starred Richard Attenborough, Elizabeth Perkins, Dylan McDermott, J. T. Walsh, Timothy Shea, James Remar, Jane Leeves, Simon Jones, William Windom and Mara Wilson. It was adapted by John Hughes from the Seaton script, and directed by Les Mayfield. Due to Macy's refusal to give permission to use its name, it was replaced by the fictitious ""Cole's"". Gimbels no longer existed by 1994 so its name was replaced by the name of the fictional ""Shopper's Express"". Alvin Greenman (Alfred in the original version) played a doorman. The 1994 remake of the film had a more serious tone than the original 1947 film had and a large portion of the plot was rewritten, although the majority of both the plot and the characters remained intact. The 1994 film also added a subtext which described concerns about religious faith.
Context: A 1973 television version featured Jane Alexander, David Hartman, Roddy McDowall, Sebastian Cabot as Kris (without his natural beard; he was forced to shave and wear a false beard for the role), Suzanne Davidson, Jim Backus, David Doyle and Tom Bosley. It was adapted by Jeb Rosebrook from the George Seaton screenplay, and directed by Fielder Cook. Mrs. Walker's first name is changed to Karen in this version. This would prove to be the final version in which the department store was actually Macy's. David Doyle, who played R. H. Macy in this version, had played Mr. Sawyer in the original Broadway cast of ""Here's Love"" 10 years earlier.
Context: The broadcast was long believed to have no surviving copies, but a kinescope was discovered at the Library of Congress where it was shown in December 2005. Susan Gordon who played Mary Healy's daughter and was ten at the time of the broadcast, attended the screening. She was 56 and died six years later at the age of 62. Mary Healy lived to be 96 and died in 2015.",0.2070517688989639,0.0038400508966525,1.0
E13540,540,58,complex,"['Natalie Wood', 'Mara Wilson', 'Suzanne Davidson', 'Susan Gordon']",Who played susan walker in miracle on 34th street?,"
In the cinematic adaptation of ""Miracle on 34th Street,"" the eponymous Susan Walker was portrayed by a singular individual, Natalie Wood, in the 1947 iteration of the film. However, it is worth noting that a notable iteration, which occurred in 1973, featured Suzanne Davidson in the role of Susan Walker, thereby providing an alternative interpretation of the character.","
Knowledge: Ed Wynn played Kris in a 1959 television adaptation of the movie.
Knowledge: A 1973 television version featured Jane Alexander, David Hartman, Roddy McDowall, Sebastian Cabot as Kris (without his natural beard; he was forced to shave and wear a false beard for the role), Suzanne Davidson, Jim Backus, David Doyle and Tom Bosley.
Long Answer: Miracle on 34th Street was first released as an American Christmas film in 1947. In this film, the character of Susan Walker was played by Natalie Wood. Since then numerous variants and adaptations have been created. In the 1959, a television adaptation of the movie aired on a NBC Friday Night Special Presentation. This version starred Susan Gordon as Susan Walker. In 1973, another television adaptation was released starring Suzanne Davidson as Susan Walker. In 1994, a remake was made of the original 1947 movie starring Mara Wilson as Susan Walker.
Context: Natalie Wood, who played Susan in the original film, was originally offered the role of Karen Walker, with the idea that her real life daughter would play Susan and Robert Wagner, her husband at the time, would play Bill Schaffer. Wood declined due to concerns over her daughter being too young to start acting.
Context: A 1994 feature film starred Richard Attenborough, Elizabeth Perkins, Dylan McDermott, J. T. Walsh, Timothy Shea, James Remar, Jane Leeves, Simon Jones, William Windom and Mara Wilson. It was adapted by John Hughes from the Seaton script, and directed by Les Mayfield. Due to Macy's refusal to give permission to use its name, it was replaced by the fictitious ""Cole's"". Gimbels no longer existed by 1994 so its name was replaced by the name of the fictional ""Shopper's Express"". Alvin Greenman (Alfred in the original version) played a doorman. The 1994 remake of the film had a more serious tone than the original 1947 film had and a large portion of the plot was rewritten, although the majority of both the plot and the characters remained intact. The 1994 film also added a subtext which described concerns about religious faith.
Context: A 1973 television version featured Jane Alexander, David Hartman, Roddy McDowall, Sebastian Cabot as Kris (without his natural beard; he was forced to shave and wear a false beard for the role), Suzanne Davidson, Jim Backus, David Doyle and Tom Bosley. It was adapted by Jeb Rosebrook from the George Seaton screenplay, and directed by Fielder Cook. Mrs. Walker's first name is changed to Karen in this version. This would prove to be the final version in which the department store was actually Macy's. David Doyle, who played R. H. Macy in this version, had played Mr. Sawyer in the original Broadway cast of ""Here's Love"" 10 years earlier.
Context: The broadcast was long believed to have no surviving copies, but a kinescope was discovered at the Library of Congress where it was shown in December 2005. Susan Gordon who played Mary Healy's daughter and was ten at the time of the broadcast, attended the screening. She was 56 and died six years later at the age of 62. Mary Healy lived to be 96 and died in 2015.",0.2330063432455063,0.0079168352330206,0.5
E12541,541,75,simple,"['terrestrial slopes', 'submarine slopes', 'When the gravitational force acting on a slope exceeds its resisting force']",Where is mass wasting most likely to occur?,"
Mass wasting happens in places with a lot of earthquakes, extra water, and erosion. This can happen on land or under the ocean. Earthquakes make it harder for the ground to hold onto things. Too much water makes the ground all soggy and hard to hold onto. Erosion is when the wind or water wears away the ground. These three things together can make the ground give way and move down a hill or mountain.","
Knowledge: Soil and regolith remain on a hillslope only while the gravitational forces are unable to overcome the frictional forces keeping the material in place (see slope stability). Some factors that reduce the frictional resistance relative to the downslope forces, and thus can trigger slope movement, can include:

earthquakes
increased overburden from structures
increased soil moisture
reduction of roots holding the soil to bedrock
undercutting of the slope by excavation or erosion
weathering by frost heave or chemical dissolution
bioturbation
Long Answer: Mass wasting is a process where by which soil, sand, regolith, and rock move downslope. Mass wasting occurs when the gravitational force acting on a slope exceeds its resisting force. It can occur on both terrestrial slopes and submarine slopes but is most likely to occur in places with a lot of earthquakes, increased soil moisture, and erosion.
Context: Mass wasting, also known as slope movement or mass movement, is the geomorphic process by which soil, sand, regolith, and rock move downslope typically as a solid, continuous or discontinuous mass, largely under the force of gravity, frequently with characteristics of a flow as in debris flows and mudflows. Types of mass wasting include creep, slides, flows, topples, and falls, each with its own characteristic features, and taking place over timescales from seconds to hundreds of years. Mass wasting occurs on both terrestrial and submarine slopes, and has been observed on Earth, Mars, Venus, and Jupiter's moon Io.",0.2012131512165069,0.0031845144858397,0.0
E13541,541,205,complex,"['terrestrial slopes', 'submarine slopes', 'When the gravitational force acting on a slope exceeds its resisting force']",Where is mass wasting most likely to occur?,"
Mass wasting is a pervasive and ubiquitous process that can occur on various landscapes, yet it is more likely to manifest in specific environments and conditions characterized by heightened instability and vulnerability to gravitational forces. In terrestrial settings, mass wasting typically prevails in areas subjected to seismic activity, high rainfall intensities, and extensive topographic degradation.

Regions with high tectonic activity, such as fault lines, folds, and areas of extensive soil erosion, are particularly susceptible to mass wasting. The resultant ground motion and soil instability caused by seismic events, as well as the increased water table and hydraulic pressures resulting from heavy rainfall, create an environment conducive to the initiation and progression of mass wasting events.

Furthermore, areas with loose, fragmented, or saturated soil, such as those with poor drainage, significant tree cover, and extensive overburden, are more prone to mass wasting. The loss of plant roots, which provide critical mechanical reinforcement to the soil, can also contribute to its instability, thereby facilitating the onset of mass wasting events.

On a planetary scale, mass wasting has been observed on Mars, Venus, and even Jupiter's moon Io, where gravitational forces, surface tension, and volcanic activity converge to create environments ripe for the manifestation of this geomorphic process.","
Knowledge: Soil and regolith remain on a hillslope only while the gravitational forces are unable to overcome the frictional forces keeping the material in place (see slope stability). Some factors that reduce the frictional resistance relative to the downslope forces, and thus can trigger slope movement, can include:

earthquakes
increased overburden from structures
increased soil moisture
reduction of roots holding the soil to bedrock
undercutting of the slope by excavation or erosion
weathering by frost heave or chemical dissolution
bioturbation
Long Answer: Mass wasting is a process where by which soil, sand, regolith, and rock move downslope. Mass wasting occurs when the gravitational force acting on a slope exceeds its resisting force. It can occur on both terrestrial slopes and submarine slopes but is most likely to occur in places with a lot of earthquakes, increased soil moisture, and erosion.
Context: Mass wasting, also known as slope movement or mass movement, is the geomorphic process by which soil, sand, regolith, and rock move downslope typically as a solid, continuous or discontinuous mass, largely under the force of gravity, frequently with characteristics of a flow as in debris flows and mudflows. Types of mass wasting include creep, slides, flows, topples, and falls, each with its own characteristic features, and taking place over timescales from seconds to hundreds of years. Mass wasting occurs on both terrestrial and submarine slopes, and has been observed on Earth, Mars, Venus, and Jupiter's moon Io.",0.1147002875804901,0.0013676656947966,0.0
E12542,542,64,simple,"['African-American Vernacular English (AAVE) and lower middle- and working-class white pronunciation of the question ""who\'s that?""', 'New Orleans Daily Picayune article', 'Patterson High School', 'Southern University Jaguars', 'St. Augustine High School']",Where did the term who dat come from?,"
The term ""Who dat"" came from a long time ago. In 1852, there was a newspaper in New Orleans called the Daily Picayune. They wrote something about ""Who dat?"" in that newspaper. Before that, it was used in music and shows. People would say ""Who dat?"" in a loud and happy way, and now it's used in sports to ask ""Who's winning the game?""","
Knowledge: The earliest documented use of the phrase can be found in a July 30, 1852 New Orleans Daily Picayune article.

The chant of ""Who Dat?"" originated in minstrel shows and vaudeville acts of the late 19th and early 20th centuries and was taken up by jazz and big band performers in the 1920s and '30s.[4]
Knowledge: ""Who Dat"" became part of a chant for fans cheering on their favorite team. It has been debated exactly where it started, but some claim it began with Southern University Jaguars fans either in the late 1960s or early 1970s and went ""Who dat talkin' 'bout beatin' dem Jags?""[11] Another claim is that it was connected with St. Augustine High School, a historically African-American all-boys Catholic high school in New Orleans.
Long Answer: The term ""who dat"" is a part of African-American Vernacular English (AAVE) and lower middle- and working-class white pronunciation of the question ""who's that?"" The earliest documented use of the phrase can be found in a July 30, 1852 New Orleans Daily Picayune article, while the chant was first found in minstrel shows and vaudeville acts in the late nineteenth and early twentieth centuries. There are multiple claims to the origin of the term ""who dat"" with respect to sports. Some claim it began with the Southern University Jaguars, but some claim is that it was connected with St. Augustine High School, a historically African-American all-boys Catholic high school in New Orleans.",0.2901941239833832,0.0079200386435435,0.0
E13542,542,233,complex,"['African-American Vernacular English (AAVE) and lower middle- and working-class white pronunciation of the question ""who\'s that?""', 'New Orleans Daily Picayune article', 'Patterson High School', 'Southern University Jaguars', 'St. Augustine High School']",Where did the term who dat come from?,"
The etymology of the phrase ""Who dat?"" is a topic of ongoing debate among scholars and enthusiasts alike, with multiple claims to its origin. Nevertheless, the earliest documented utilization of the term can be found in a July 30, 1852, article in the New Orleans Daily Picayune. This historical record establishes a definitive connection to the city of New Orleans, a hub of cultural exchange and linguistic diversity.

Furthermore, the phrase's evolution is closely tied to the cultural heritage of minstrel shows and vaudeville acts of the late 19th and early 20th centuries. It is likely that the chant was incorporated into these performances, eventually becoming a popular refrain among audiences.

Moreover, there are two prevailing theories regarding the term's origin in relation to sports. Some scholars propose that it emerged as a chant among the supporters of the Southern University Jaguars, with the modified phrase ""Who dat talkin' 'bout beatin' dem Jags?"" being espoused in the early 1970s. Alternatively, another theory suggests a connection to St. Augustine High School, a historically African-American all-boys Catholic high school in New Orleans, with the phrase gaining popularity among the school's alumni and supporters.

Regardless of its exact origin, the term ""Who dat?"" has become an integral component of African-American Vernacular English (AAVE) and has been adopted by fans across various sporting events, transcending its historical context to become a ubiquitous expression of enthusiasm and camaraderie.","
Knowledge: The earliest documented use of the phrase can be found in a July 30, 1852 New Orleans Daily Picayune article.

The chant of ""Who Dat?"" originated in minstrel shows and vaudeville acts of the late 19th and early 20th centuries and was taken up by jazz and big band performers in the 1920s and '30s.[4]
Knowledge: ""Who Dat"" became part of a chant for fans cheering on their favorite team. It has been debated exactly where it started, but some claim it began with Southern University Jaguars fans either in the late 1960s or early 1970s and went ""Who dat talkin' 'bout beatin' dem Jags?""[11] Another claim is that it was connected with St. Augustine High School, a historically African-American all-boys Catholic high school in New Orleans.
Long Answer: The term ""who dat"" is a part of African-American Vernacular English (AAVE) and lower middle- and working-class white pronunciation of the question ""who's that?"" The earliest documented use of the phrase can be found in a July 30, 1852 New Orleans Daily Picayune article, while the chant was first found in minstrel shows and vaudeville acts in the late nineteenth and early twentieth centuries. There are multiple claims to the origin of the term ""who dat"" with respect to sports. Some claim it began with the Southern University Jaguars, but some claim is that it was connected with St. Augustine High School, a historically African-American all-boys Catholic high school in New Orleans.",0.3079547882080078,0.0277374351516107,0.4
E12543,543,24,simple,"['Ron Perlman', 'Jay Ryan', 'Eric Ehrenfried Baume OBE', 'Eric Baume']",Who played beast in beauty and the beast tv show?,"
The Beast in the Beauty and the Beast TV show was played by three actors: 

1. Eric Baume
2. Ron Perlman
3. Jay Ryan","
Knowledge: Beauty and the Beast (French: La Belle et la Bête) is a fairy tale written by French novelist Gabrielle-Suzanne Barbot de Villeneuve and published in 1740 in La Jeune Américaine et les contes marins (The Young American and Marine Tales).
Long Answer: Beauty and the Beast was originally a fairy tale written by Gabrielle-Suzanne Barbot de Villeneuve and published in 1740. Since then, there have been numerous adaptations into different mediums, including several TV shows. In the 1963 TV adaptation, Eric Baume played the role of the beast. In the 1987 TV adaptation, Ron Perlman played the role of the beast. In the 2012 TV adaptation, Jay Ryan played the role of the beast.",0.2356046289205551,0.0289849705172773,0.75
E13543,543,110,complex,"['Ron Perlman', 'Jay Ryan', 'Eric Ehrenfried Baume OBE', 'Eric Baume']",Who played beast in beauty and the beast tv show?,"
In the television adaptations of Beauty and the Beast, a plethora of actors have portrayed the enigmatic and complex character of the Beast over the years. In the 1963 iteration, the role of the Beast was astutely played by Eric Baume. In the 1987 television adaptation, Ron Perlman, a talented actor renowned for his iconic roles, assumed the part of the Beast with remarkable élan. More recently, in the 2012 TV show, Jay Ryan took on the role of the Beast, imbuing it with a nuanced and multidimensional performance. Each of these actors brought their unique interpretation to the character, reinterpreting the iconic narrative for a new generation of viewers.","
Knowledge: Beauty and the Beast (French: La Belle et la Bête) is a fairy tale written by French novelist Gabrielle-Suzanne Barbot de Villeneuve and published in 1740 in La Jeune Américaine et les contes marins (The Young American and Marine Tales).
Long Answer: Beauty and the Beast was originally a fairy tale written by Gabrielle-Suzanne Barbot de Villeneuve and published in 1740. Since then, there have been numerous adaptations into different mediums, including several TV shows. In the 1963 TV adaptation, Eric Baume played the role of the beast. In the 1987 TV adaptation, Ron Perlman played the role of the beast. In the 2012 TV adaptation, Jay Ryan played the role of the beast.",0.1912370771169662,0.0041220031446539,0.75
E12544,544,8,simple,"['BBC Weather', 'Michael Fish', 'Darren Bett', 'Chris Fawkes', 'Philip Avery', 'Alina Jenkins', 'Stav Danaos', 'Sarah Keith-Lucas']",Who provides the weather forecast for the bbc?,"
The BBC weather team provides the weather forecast.","
Long Answer: BBC Weather is the department of the BBC responsible for weather forecasts. The most famous presenter to provide the weather forecast for the BBC was Michael Fish, who was famous for his informal manner and eccentric dress sense. The current forecasters for BBC Weather are Darren Bett, Chris Fawkes, Philip Avery, Alina Jenkins, Stav Danaos, and Sarah Keith-Lucas.
Context: BBC Weather is a department of the BBC responsible for the preparation and broadcasting of weather forecasts. The information is provided by MeteoGroup.
Context: Possibly, the most famous of the forecasters is the now semi-retired Michael Fish. Famous for his informal manner and eccentric dress sense (he once wore a blue and green blazer emblazoned with all the weather symbols), he was a viewer favourite despite an unfortunate comment before the Great Storm of 1987.",0.314834862947464,0.0277761903401179,0.125
E13544,544,106,complex,"['BBC Weather', 'Michael Fish', 'Darren Bett', 'Chris Fawkes', 'Philip Avery', 'Alina Jenkins', 'Stav Danaos', 'Sarah Keith-Lucas']",Who provides the weather forecast for the bbc?,"
The BBC Weather is furnished by a stalwart team of meteorologists, spearheaded by the indefatigable and erudite forecaster, Darren Bett, alongside an ensemble cast that includes Chris Fawkes, Philip Avery, Alina Jenkins, Stav Danaos, and Sarah Keith-Lucas. These accomplished individuals are meticulously tasked with disseminating accurate and detailed weather forecasts to a broad audience, utilizing the expertise of the MeteoGroup to inform their predictions. Notably, the departed Michael Fish, an erstwhile stalwart of BBC Weather, holds a revered place in the annals of British broadcasting, distinguished by his amiable manner and eccentric attire, including a blue and green blazer emblazoned with an array of weather symbols.","
Long Answer: BBC Weather is the department of the BBC responsible for weather forecasts. The most famous presenter to provide the weather forecast for the BBC was Michael Fish, who was famous for his informal manner and eccentric dress sense. The current forecasters for BBC Weather are Darren Bett, Chris Fawkes, Philip Avery, Alina Jenkins, Stav Danaos, and Sarah Keith-Lucas.
Context: BBC Weather is a department of the BBC responsible for the preparation and broadcasting of weather forecasts. The information is provided by MeteoGroup.
Context: Possibly, the most famous of the forecasters is the now semi-retired Michael Fish. Famous for his informal manner and eccentric dress sense (he once wore a blue and green blazer emblazoned with all the weather symbols), he was a viewer favourite despite an unfortunate comment before the Great Storm of 1987.",0.3109276890754699,0.0052416642030347,1.0
E12545,545,8,simple,"['June Foray', 'Cameron Seely', 'Taylor Momsen']",Who did the voice of cindy lou who?,"
Cindy Lou Who was voiced by June Foray.","
Knowledge: How the Grinch Stole Christmas! (also known as Dr. Seuss' How the Grinch Stole Christmas!) is a 1966 American animated television special, directed and co-produced by Chuck Jones. It is based on the 1957 children's book of the same name by Dr. Seuss, and tells the story of the Grinch, who tries to ruin the Christmas for the townsfolk of Whoville below his mountain hideaway. Originally telecast in the United States on CBS on December 18, 1966, it went on to become a perennial holiday special.
Long Answer: How the Grinch Stole Christmas! is a 1957 children's book written by Dr. Seuss. In the story, the Grinch tries to ruin Christmas for the city of Whoville. This book later became an animated television special in 1966 and went on to become a perennial holiday special. In this special, June Foray voices the character of Cindy Lou Who. In the 2000 movie adaptation, Taylor Momsen voices the character of Cindy Lou Who. In the 2018 movie adaptation, Cameron Seely voices the character of Cindy Lou Who.
Context: The Grinch makes himself a Santa Claus-style coat and hat, to disguise himself as the famed Christmas character. He also disguises his dog Max as a reindeer. The Grinch then loads empty bags onto a sleigh and travels to Whoville in the night. Acting as the reverse of Santa Claus, he takes everything Christmas-themed in the first house he finds. In so doing, he is almost caught by Cindy Lou Who (voiced by an uncredited June Foray), a toddler Who girl who wakes up and sees him taking the Christmas tree. Maintaining character as Santa, the Grinch tells Cindy Lou that he is merely taking the tree to his workshop for repairs, and then gets her a drink before sending her back to bed. He finishes emptying the first house of all the Christmas-related items, then repeats the process at the other houses in Whoville.",0.2688453495502472,0.0277761903401179,0.3333333333333333
E13545,545,23,complex,"['June Foray', 'Cameron Seely', 'Taylor Momsen']",Who did the voice of cindy lou who?,"
In the animated television special ""How the Grinch Stole Christmas!"", the character of Cindy Lou Who was voiced by the inimitable June Foray.","
Knowledge: How the Grinch Stole Christmas! (also known as Dr. Seuss' How the Grinch Stole Christmas!) is a 1966 American animated television special, directed and co-produced by Chuck Jones. It is based on the 1957 children's book of the same name by Dr. Seuss, and tells the story of the Grinch, who tries to ruin the Christmas for the townsfolk of Whoville below his mountain hideaway. Originally telecast in the United States on CBS on December 18, 1966, it went on to become a perennial holiday special.
Long Answer: How the Grinch Stole Christmas! is a 1957 children's book written by Dr. Seuss. In the story, the Grinch tries to ruin Christmas for the city of Whoville. This book later became an animated television special in 1966 and went on to become a perennial holiday special. In this special, June Foray voices the character of Cindy Lou Who. In the 2000 movie adaptation, Taylor Momsen voices the character of Cindy Lou Who. In the 2018 movie adaptation, Cameron Seely voices the character of Cindy Lou Who.
Context: The Grinch makes himself a Santa Claus-style coat and hat, to disguise himself as the famed Christmas character. He also disguises his dog Max as a reindeer. The Grinch then loads empty bags onto a sleigh and travels to Whoville in the night. Acting as the reverse of Santa Claus, he takes everything Christmas-themed in the first house he finds. In so doing, he is almost caught by Cindy Lou Who (voiced by an uncredited June Foray), a toddler Who girl who wakes up and sees him taking the Christmas tree. Maintaining character as Santa, the Grinch tells Cindy Lou that he is merely taking the tree to his workshop for repairs, and then gets her a drink before sending her back to bed. He finishes emptying the first house of all the Christmas-related items, then repeats the process at the other houses in Whoville.",0.3209257125854492,0.0082822826609696,0.3333333333333333
E12546,546,12,simple,"['18', '21']",How old do you have to be to buy cigarettes in new york state?,"
To buy cigarettes in New York, you must be 21 years old.","
Long Answer: Prior to November 13, 2019, the minimum age to purchase cigarettes in New York was 18. Since November 13, 2019, the minimum age to purchase cigarettes in New York is 21.",0.4654724895954132,0.0170331860376392,0.5
E13546,546,143,complex,"['18', '21']",How old do you have to be to buy cigarettes in new york state?,"
As of my current knowledge cutoff, in New York State, the minimum age to procure cigarettes has undergone a modification in its regulatory framework. Prior to November 13, 2019, the statutory minimum age for purchasing cigarettes in New York was 18 years, as mandated by the prior legislation. However, a subsequent amendment to the existing regulations, effective on November 13, 2019, necessitated an increase in the minimum age to 21 years, thereby aligning with the federal standard, as per the federal Tobacco Control Act.

Therefore, to verify the current purchasing age for cigarettes in New York State, it is imperative to determine whether the regulatory edict has been further modified since my knowledge cutoff date. Nonetheless, as of my knowledge, as of November 13, 2019, the minimum age to acquire cigarettes in New York State was 21, in conformity with the amended legislation.","
Long Answer: Prior to November 13, 2019, the minimum age to purchase cigarettes in New York was 18. Since November 13, 2019, the minimum age to purchase cigarettes in New York is 21.",0.1694058030843734,0.001494564341736,1.0
E12547,547,14,simple,"['Chris Jericho', 'Christopher Keith Irvine', 'Eric Aaron Bischoff', 'Eric Bischoff']",Who created the money inthe bank ladder match?,"
Chris Jericho is the person who created the Money in the Bank ladder match.","
Knowledge: Christopher Keith Irvine (born November 9, 1970), better known by the ring name Chris Jericho, is an American-Canadian professional wrestler and singer.
Knowledge: The Money in the Bank ladder match is a multi-person ladder match held by the professional wrestling promotion WWE.
Long Answer: The Money in the Bank ladder match is a multi-person ladder match held by the WWE. Chris Jericho was the wrestler who invented the idea and then pitched it to Raw general manager Eric Bischoff.
Context: In WWE storyline, the concept for the Money in the Bank match was introduced in March 2005 by Chris Jericho. Jericho then pitched the idea to Raw general manager Eric Bischoff, who liked it and promptly began to book the match for WrestleMania 21. Edge won the inaugural match and held the contract until New Year's Revolution in January 2006. There, he cashed in his Money in the Bank contract against WWE Champion John Cena, who had just successfully defended the title in an Elimination Chamber match. Edge defeated Cena to become WWE Champion and quickly establishing the precedent of ""cashing in"" on a vulnerable champion.",0.4774377048015594,0.0302062052524355,0.25
E13547,547,63,complex,"['Chris Jericho', 'Christopher Keith Irvine', 'Eric Aaron Bischoff', 'Eric Bischoff']",Who created the money inthe bank ladder match?,"
The Money in the Bank ladder match was conceptualized and spearheaded by the ingenious and innovative Chris Jericho, a paradigmatic figure in the professional wrestling realm. Specifically, he pioneered the idea and presented it to Eric Bischoff, the general manager of the WWE's Raw brand at the time. Subsequently, Bischoff acquiesced to the proposal, and the match was subsequently booked for WrestleMania 21.","
Knowledge: Christopher Keith Irvine (born November 9, 1970), better known by the ring name Chris Jericho, is an American-Canadian professional wrestler and singer.
Knowledge: The Money in the Bank ladder match is a multi-person ladder match held by the professional wrestling promotion WWE.
Long Answer: The Money in the Bank ladder match is a multi-person ladder match held by the WWE. Chris Jericho was the wrestler who invented the idea and then pitched it to Raw general manager Eric Bischoff.
Context: In WWE storyline, the concept for the Money in the Bank match was introduced in March 2005 by Chris Jericho. Jericho then pitched the idea to Raw general manager Eric Bischoff, who liked it and promptly began to book the match for WrestleMania 21. Edge won the inaugural match and held the contract until New Year's Revolution in January 2006. There, he cashed in his Money in the Bank contract against WWE Champion John Cena, who had just successfully defended the title in an Elimination Chamber match. Edge defeated Cena to become WWE Champion and quickly establishing the precedent of ""cashing in"" on a vulnerable champion.",0.3576214909553528,0.0038060718506189,0.5
E12548,548,10,simple,"['Simeon', 'Simon Peter', 'Saint Peter', 'Cephas', 'Simon', 'Peter the Apostle', 'Philip the Apostle', 'Bartholomew']",Who was the apostle that was crucified upside down?,"
The apostle who was crucified upside down was Saint Peter.","
Knowledge: The Cross of Saint Peter or Petrine Cross is an inverted Latin cross, traditionally used as a Christian symbol, but in recent times also used as an anti-Christian symbol. In Christianity, it is associated with the martyrdom of Peter the Apostle. The symbol originates from the Catholic tradition that when sentenced to death, Peter requested that his cross be upside down, as he felt unworthy of being crucified in the same manner as Jesus.
Long Answer: The Cross of Saint Peter is a Latin cross turned upside down. In Christianity, it is associated with the martyrdom of Peter the Apostle. The symbol originates from the Catholic tradition that when sentenced to death, Peter requested that his cross be upside down, as he felt unworthy of being crucified in the same manner as Jesus. Other apostles were also crucified in this way, including Philip the Apostle and Bartholomew the Apostle.
Context: Saint Peter (; ; ; ; ; r. AD 30; died between AD 64 and 68), also known as Simon Peter, Simeon, Simon (), Sham'un al-Safa, Cephas, or Peter the Apostle, was one of the Twelve Apostles of Jesus Christ, and the first leader of the early Church.
Context: One tradition has it that Apostle Bartholomew was executed in Albanopolis in Armenia. According to popular hagiography, the apostle was flayed alive and beheaded. According to other accounts he was crucified upside down (head downward) like St. Peter. He is said to have been martyred for having converted Polymius, the king of Armenia, to Christianity. Enraged by the monarch's conversion, and fearing a Roman backlash, king Polymius's brother, prince Astyages, ordered Bartholomew's torture and execution, which Bartholomew endured. However, there are no records of any Armenian King of the Arsacid dynasty of Armenia with the name Polymius. Current scholarship indicates that Bartholomew more likely died in Kalyan in India, where there was an official named Polymius.",0.3474498093128204,0.0211053406318726,0.125
E13548,548,45,complex,"['Simeon', 'Simon Peter', 'Saint Peter', 'Cephas', 'Simon', 'Peter the Apostle', 'Philip the Apostle', 'Bartholomew']",Who was the apostle that was crucified upside down?,"
The apostle who was crucified upside down is indeed Saint Peter, the revered figure in Christianity, who, according to Catholic tradition, requested that his cross be inverted due to feelings of unworthiness, opting instead for this posture to emulate the humility and devotion of Christ.","
Knowledge: The Cross of Saint Peter or Petrine Cross is an inverted Latin cross, traditionally used as a Christian symbol, but in recent times also used as an anti-Christian symbol. In Christianity, it is associated with the martyrdom of Peter the Apostle. The symbol originates from the Catholic tradition that when sentenced to death, Peter requested that his cross be upside down, as he felt unworthy of being crucified in the same manner as Jesus.
Long Answer: The Cross of Saint Peter is a Latin cross turned upside down. In Christianity, it is associated with the martyrdom of Peter the Apostle. The symbol originates from the Catholic tradition that when sentenced to death, Peter requested that his cross be upside down, as he felt unworthy of being crucified in the same manner as Jesus. Other apostles were also crucified in this way, including Philip the Apostle and Bartholomew the Apostle.
Context: Saint Peter (; ; ; ; ; r. AD 30; died between AD 64 and 68), also known as Simon Peter, Simeon, Simon (), Sham'un al-Safa, Cephas, or Peter the Apostle, was one of the Twelve Apostles of Jesus Christ, and the first leader of the early Church.
Context: One tradition has it that Apostle Bartholomew was executed in Albanopolis in Armenia. According to popular hagiography, the apostle was flayed alive and beheaded. According to other accounts he was crucified upside down (head downward) like St. Peter. He is said to have been martyred for having converted Polymius, the king of Armenia, to Christianity. Enraged by the monarch's conversion, and fearing a Roman backlash, king Polymius's brother, prince Astyages, ordered Bartholomew's torture and execution, which Bartholomew endured. However, there are no records of any Armenian King of the Arsacid dynasty of Armenia with the name Polymius. Current scholarship indicates that Bartholomew more likely died in Kalyan in India, where there was an official named Polymius.",0.2418451160192489,0.0048630839289972,0.125
E12549,549,11,simple,"['Lewis Ralston', 'George A. Jackson']",Who was the first person to find gold in colorado?,"
Lewis Ralston was the first person to find gold in Colorado.","
Long Answer: Lewis Ralston was the first person to find any gold in Colorado. He found about a quarter of a troy ounce in his first pan on June 22, 1850. The first person to find a substantial amount of gold in Colorado was George A. Jackson on January 5, 1859. After his findings were discovered, others flocked to the area and a settlement was formed, now called Idaho Springs.
Context: On June 22, 1850, a wagon train bound for California crossed the South Platte River just north of the confluence with Clear Creek and followed Clear Creek west for . Lewis Ralston dipped his gold pan into a stream flowing into Clear Creek and found about a quarter of a troy ounce (worth almost $5, equivalent to $ today) in his first pan. John Lowery Brown, who kept a diary of the party's journey from Georgia to California, wrote on that day: ""Lay bye. Gold found."" In a notation above the entry, he wrote, ""We called this Ralston's Creek because a man of that name found gold here."" Ralston continued to California, but returned to 'Ralston's Creek' with the Green Russell party eight years later. Members of this party founded Auraria (later absorbed into Denver City) in 1858 and touched off the gold rush to the Rockies. The confluence of Clear Creek and Ralston Creek, the site of Colorado's first gold discovery, is now in Arvada, Colorado.
Context: On January 5, 1859, during the Pike's Peak Gold Rush, prospector George A. Jackson discovered placer gold at the present site of Idaho Springs, where Chicago Creek empties into Clear Creek. It was the first substantial gold discovery in Colorado. Jackson, a Missouri native with experience in the California gold fields, was drawn to the area by clouds of steam rising from some nearby hot springs. Jackson kept his find secret for several months, but after he paid for some supplies with gold dust, others rushed to Jackson's diggings. The settlement was later renamed Idaho Springs, after the hot springs.",0.4601818323135376,0.0398635712826801,0.5
E13549,549,52,complex,"['Lewis Ralston', 'George A. Jackson']",Who was the first person to find gold in colorado?,"
According to historical records, Lewis Ralston was the inaugural discoverer of gold in Colorado, having unearthed approximately a quarter of a troy ounce on June 22, 1850, within a nearby creek. His pioneering find marked the commencement of the region's gold rush, which would soon attract a multitude of prospectors and settlers.","
Long Answer: Lewis Ralston was the first person to find any gold in Colorado. He found about a quarter of a troy ounce in his first pan on June 22, 1850. The first person to find a substantial amount of gold in Colorado was George A. Jackson on January 5, 1859. After his findings were discovered, others flocked to the area and a settlement was formed, now called Idaho Springs.
Context: On June 22, 1850, a wagon train bound for California crossed the South Platte River just north of the confluence with Clear Creek and followed Clear Creek west for . Lewis Ralston dipped his gold pan into a stream flowing into Clear Creek and found about a quarter of a troy ounce (worth almost $5, equivalent to $ today) in his first pan. John Lowery Brown, who kept a diary of the party's journey from Georgia to California, wrote on that day: ""Lay bye. Gold found."" In a notation above the entry, he wrote, ""We called this Ralston's Creek because a man of that name found gold here."" Ralston continued to California, but returned to 'Ralston's Creek' with the Green Russell party eight years later. Members of this party founded Auraria (later absorbed into Denver City) in 1858 and touched off the gold rush to the Rockies. The confluence of Clear Creek and Ralston Creek, the site of Colorado's first gold discovery, is now in Arvada, Colorado.
Context: On January 5, 1859, during the Pike's Peak Gold Rush, prospector George A. Jackson discovered placer gold at the present site of Idaho Springs, where Chicago Creek empties into Clear Creek. It was the first substantial gold discovery in Colorado. Jackson, a Missouri native with experience in the California gold fields, was drawn to the area by clouds of steam rising from some nearby hot springs. Jackson kept his find secret for several months, but after he paid for some supplies with gold dust, others rushed to Jackson's diggings. The settlement was later renamed Idaho Springs, after the hot springs.",0.3572564423084259,0.00744856475811,0.5
E12550,550,20,simple,"['Brett Eldredge', 'Brett Eldredge', 'Brett Eldredge']",Who is opening for luke bryan kill the lights tour?,"
Luke Bryan's Kill the Lights Tour had two opening acts:

1. Little Big Town
2. Dustin Lynch
3. Brett Eldredge","
Knowledge: The Kill the Lights Tour was the fourth headlining concert tour by American country music artist Luke Bryan. The tour is in support of his fifth studio album Kill the Lights (2015) and began on February 11, 2016, in Evansville, Indiana. The tour played before 1.6 million fans in 2016.[1] The tour's second leg began on February 16, 2017, in Huntington, West Virginia and ended on March 18, 2017, in Orange Beach, Alabama.[2]
Knowledge: Opening acts
Little Big Town
Dustin Lynch
Brett Eldredge[1]
Long Answer: There were a total of 3 opening acts for Luke Bryan's Kill the Lights Tour, which comprised of two legs. The first leg of the tour, which ran from February 11, 2016 through the rest of the year, featured Little Big Town and Dustin Lynch as the opening acts. The second leg, which ran from February 16, 2017 to March 18, 2017, featured Brett Eldredge as the opening act.",0.3779818713665008,0.020364851292391,1.0
E13550,550,118,complex,"['Brett Eldredge', 'Brett Eldredge', 'Brett Eldredge']",Who is opening for luke bryan kill the lights tour?,"
The opening acts for Luke Bryan's Kill the Lights Tour served as esteemed performers who helped to create a vibrant and captivating atmosphere, thus augmenting the overall experiential value of the concert experience. Specifically, the inaugural leg of the tour, which commenced on February 11, 2016, featured the talented vocal ensemble Little Big Town, as well as the accomplished country music singer-songwriter Dustin Lynch, who helped to populate the stage with dynamic and engaging musical performances. In the case of the second leg, which commenced on February 16, 2017, and concluded on March 18, 2017, the illustrious Brett Eldredge was enlisted as the opening act, bringing his own brand of country music sophistication and panache to the proceedings.","
Knowledge: The Kill the Lights Tour was the fourth headlining concert tour by American country music artist Luke Bryan. The tour is in support of his fifth studio album Kill the Lights (2015) and began on February 11, 2016, in Evansville, Indiana. The tour played before 1.6 million fans in 2016.[1] The tour's second leg began on February 16, 2017, in Huntington, West Virginia and ended on March 18, 2017, in Orange Beach, Alabama.[2]
Knowledge: Opening acts
Little Big Town
Dustin Lynch
Brett Eldredge[1]
Long Answer: There were a total of 3 opening acts for Luke Bryan's Kill the Lights Tour, which comprised of two legs. The first leg of the tour, which ran from February 11, 2016 through the rest of the year, featured Little Big Town and Dustin Lynch as the opening acts. The second leg, which ran from February 16, 2017 to March 18, 2017, featured Brett Eldredge as the opening act.",0.2409656941890716,0.0032281341505076,1.0
E12551,551,15,simple,"['Tom', 'Tom Cat', 'Ira ""Buck"" Woods']",Who sings is you is on tom and jerry?,"
Tom sings ""Is You Is or Is You Ain't My Baby"" in Tom and Jerry.","
Knowledge: Solid Serenade is a 1946 one-reel animated cartoon and is the 26th Tom and Jerry short, produced in Technicolor and released to theatres on August 31, 1946 by Metro-Goldwyn Mayer.[1]
Knowledge: Tom performs ""Is You Is or Is You Ain't My Baby"" to Toodles, which wakes Jerry, who was sleeping inside his mousehole (located in a mail box).
Knowledge: Voice cast
Ira ""Buck"" Woods as Tom (singing)[2]
Long Answer: Solid Serenade is a 1946 one-reel animated cartoon and is the 26th Tom and Jerry short, produced in Technicolor and released to theatres on August 31, 1946. In the film, Tom performs Is You Is or Is You Ain't My Baby to Toodles, which wakes Jerry, who was sleeping inside his mousehole. The singing voice of Tom is is voiced by Ira ""Buck"" Woods.",0.4639520943164825,0.0132179476263772,0.3333333333333333
E13551,551,51,complex,"['Tom', 'Tom Cat', 'Ira ""Buck"" Woods']",Who sings is you is on tom and jerry?,"
The melodic rendition of ""Is You Is or Is You Ain't My Baby"" in the esteemed animated cartoon series Tom and Jerry is performed by the vociferous and charismatic voice of Ira ""Buck"" Woods, whose talents as a singer were brought to the fore in this particular iteration of the series.","
Knowledge: Solid Serenade is a 1946 one-reel animated cartoon and is the 26th Tom and Jerry short, produced in Technicolor and released to theatres on August 31, 1946 by Metro-Goldwyn Mayer.[1]
Knowledge: Tom performs ""Is You Is or Is You Ain't My Baby"" to Toodles, which wakes Jerry, who was sleeping inside his mousehole (located in a mail box).
Knowledge: Voice cast
Ira ""Buck"" Woods as Tom (singing)[2]
Long Answer: Solid Serenade is a 1946 one-reel animated cartoon and is the 26th Tom and Jerry short, produced in Technicolor and released to theatres on August 31, 1946. In the film, Tom performs Is You Is or Is You Ain't My Baby to Toodles, which wakes Jerry, who was sleeping inside his mousehole. The singing voice of Tom is is voiced by Ira ""Buck"" Woods.",0.2782915234565735,0.0084098052592395,0.6666666666666666
E12552,552,11,simple,"['February 14, 2018', '2:21 p.m']",When did the douglas high school shooting happen?,"
The Douglas County High School shooting happened on February 14, 2018.","
Knowledge: The shooting lasted for about six minutes in total,[19][39] and all of the victims were shot within just under four minutes.[40]
Long Answer: On February 14, 2018, a gunman opened fire with a semi-automatic rifle at Marjory Stoneman Douglas High School in Parkland, Florida, killing 17 people and injuring 17 others. The shooting began at 2:21 p.m. and lasted for about six minutes in total.
Context: On February 14, 2018, a gunman opened fire with a semi-automatic rifle at Marjory Stoneman Douglas High School in Parkland, Florida, killing 17 people and injuring 17 others. Witnesses identified Nikolas Cruz, a former student at the school, as the assailant. Cruz fled the scene on foot by blending with other students. He was arrested without incident about an hour later in nearby Coral Springs. He confessed to being the perpetrator, and he was charged with 17 counts of premeditated murder and 17 counts of attempted murder. Police and prosecutors have not offered a motive and are investigating ""a pattern of disciplinary issues and unnerving behavior"".",0.4657965302467346,0.0398635712826801,0.5
E13552,552,47,complex,"['February 14, 2018', '2:21 p.m']",When did the douglas high school shooting happen?,"
The lamentable event at Marjory Stoneman Douglas High School in Parkland, Florida, tragically occurred on February 14, 2018. Specifically, the shooting commenced at 2:21 p.m. local time and lasted for an approximate six-minute duration, precipitating a devastating and traumatic experience for the students, faculty, and community members.","
Knowledge: The shooting lasted for about six minutes in total,[19][39] and all of the victims were shot within just under four minutes.[40]
Long Answer: On February 14, 2018, a gunman opened fire with a semi-automatic rifle at Marjory Stoneman Douglas High School in Parkland, Florida, killing 17 people and injuring 17 others. The shooting began at 2:21 p.m. and lasted for about six minutes in total.
Context: On February 14, 2018, a gunman opened fire with a semi-automatic rifle at Marjory Stoneman Douglas High School in Parkland, Florida, killing 17 people and injuring 17 others. Witnesses identified Nikolas Cruz, a former student at the school, as the assailant. Cruz fled the scene on foot by blending with other students. He was arrested without incident about an hour later in nearby Coral Springs. He confessed to being the perpetrator, and he was charged with 17 counts of premeditated murder and 17 counts of attempted murder. Police and prosecutors have not offered a motive and are investigating ""a pattern of disciplinary issues and unnerving behavior"".",0.3418273329734802,0.009149557561466,1.0
E12553,553,12,simple,"['the Met Office', 'The Meteorological Office', 'Meteorological Office', 'Met Office', 'MeteoGroup']",Where does the bbc get its weather forecast from?,"
The BBC gets its weather forecast from a new company called MeteoGroup.","
Knowledge: BBC Weather is the department of the BBC (British Broadcasting Corporation) responsible for both the preparation and the broadcasting of weather forecasts.

On 6 February 2018, BBC Weather changed supplier from the government Met Office to MeteoGroup, after being required to put its weather services out to tender.[1] Previously, the government Met Office had been the provider of weather information for 94 years.[2][3]
Long Answer: BBC Weather is the department of the BBC (British Broadcasting Corporation) responsible for both the preparation and the broadcasting of weather forecasts. On 6 February 2018, BBC Weather changed supplier from the government Met Office to MeteoGroup, after being required to put its weather services out to tender. Previously, the government Met Office had been the provider of weather information for 94 years.
Context: On 23 August 2015, the BBC announced that the Met Office would lose its contract to provide weather forecasts, the BBC stating that it is legally obliged to ensure that licence fee payers get the best value for money. The BBC said that the on-air presenting team was not expected to change and it would still broadcast warnings from the Met Office National Severe Weather Warning Service and Shipping Forecast issued on behalf of the Maritime and Coastguard Agency.
Context: In the summer of 2017, MeteoGroup decided to no longer target US transportation business ending all relationships with their US sales force.",0.28959521651268,0.0170331860376392,0.2
E13553,553,68,complex,"['the Met Office', 'The Meteorological Office', 'Meteorological Office', 'Met Office', 'MeteoGroup']",Where does the bbc get its weather forecast from?,"
The BBC's weather forecasting services are presently sourced from MeteoGroup, a Swiss-based meteorological company, which supplanted the government Met Office as the provider of weather information in February 2018. This paradigmatic shift occurred as a result of a tendering process, wherein the BBC was required to procure the best value for licence fee payers, thereby ensuring the optimisation of its expenditure on essential services such as weather forecasting.","
Knowledge: BBC Weather is the department of the BBC (British Broadcasting Corporation) responsible for both the preparation and the broadcasting of weather forecasts.

On 6 February 2018, BBC Weather changed supplier from the government Met Office to MeteoGroup, after being required to put its weather services out to tender.[1] Previously, the government Met Office had been the provider of weather information for 94 years.[2][3]
Long Answer: BBC Weather is the department of the BBC (British Broadcasting Corporation) responsible for both the preparation and the broadcasting of weather forecasts. On 6 February 2018, BBC Weather changed supplier from the government Met Office to MeteoGroup, after being required to put its weather services out to tender. Previously, the government Met Office had been the provider of weather information for 94 years.
Context: On 23 August 2015, the BBC announced that the Met Office would lose its contract to provide weather forecasts, the BBC stating that it is legally obliged to ensure that licence fee payers get the best value for money. The BBC said that the on-air presenting team was not expected to change and it would still broadcast warnings from the Met Office National Severe Weather Warning Service and Shipping Forecast issued on behalf of the Maritime and Coastguard Agency.
Context: In the summer of 2017, MeteoGroup decided to no longer target US transportation business ending all relationships with their US sales force.",0.2278829962015152,0.006725967213014,0.4
E12554,554,18,simple,"['Japan', 'Japan and China']",Who owns the senkaku/diaoyu dao islands?,"
The Senkaku Islands are disputed. This means that two countries, Japan and China, both want to control them.","
Knowledge: The Senkaku Islands (尖閣諸島, Senkaku-shotō, variants: 尖閣群島 Senkaku-guntō[8] and 尖閣列島 Senkaku-rettō[9]) are a group of uninhabited islands in the East China Sea.
Knowledge: The islands are the focus of a territorial dispute between Japan and both the People's Republic of China (PRC) and the Republic of China (ROC), also known as Taiwan.[24]
Long Answer: The Senkaku Islands are a group of uninhabited islands in the East China Sea. The islands are the focus of a territorial dispute between Japan and both the People's Republic of China (PRC) and the Republic of China (ROC), also known as Taiwan. Both Japan and China lay claim to the Senkaku Islands, but Japan has administration over them.",0.4185494780540466,0.0228441146885645,1.0
E13554,554,231,complex,"['Japan', 'Japan and China']",Who owns the senkaku/diaoyu dao islands?,"
The Senkaku/Diaoyu Islands, situated in the East China Sea, are the focal point of a longstanding territorial dispute between Japan and two nations: the People's Republic of China (PRC) and the Republic of China (ROC), commonly referred to as Taiwan. The dispute pertains to the islands' sovereignty, with both parties vying for dominion.

In the case of Japan, the administration of the Senkaku Islands has been exercised by the Japanese government, which has taken measures to establish and maintain its jurisdiction over the archipelago. Notably, Japan claims the islands as part of its sovereign territory, citing their historical and strategic significance.

Conversely, the PRC and Taiwan contest Japan's assertion, maintaining that the Senkaku Islands are an integral part of their own maritime territories. The PRC asserts its claims based on its own historical ties to the islands, as well as its assertion of ""nine-dash line"" maritime borders.

It is essential to acknowledge that the territorial dispute surrounding the Senkaku Islands has been ongoing for several decades, with each party maintaining a strong stance on the matter. The dispute remains unresolved, with ongoing diplomatic tensions between Japan, China, and Taiwan.

In conclusion, the Senkaku/Diaoyu Islands are the subject of a contentious territorial dispute between Japan and its two adversaries. Japan exercises administration over the islands, while the PRC and Taiwan assert their claims, underscoring the complex and contentious nature of the dispute.","
Knowledge: The Senkaku Islands (尖閣諸島, Senkaku-shotō, variants: 尖閣群島 Senkaku-guntō[8] and 尖閣列島 Senkaku-rettō[9]) are a group of uninhabited islands in the East China Sea.
Knowledge: The islands are the focus of a territorial dispute between Japan and both the People's Republic of China (PRC) and the Republic of China (ROC), also known as Taiwan.[24]
Long Answer: The Senkaku Islands are a group of uninhabited islands in the East China Sea. The islands are the focus of a territorial dispute between Japan and both the People's Republic of China (PRC) and the Republic of China (ROC), also known as Taiwan. Both Japan and China lay claim to the Senkaku Islands, but Japan has administration over them.",0.142915666103363,0.0018134382729977,0.5
E12555,555,22,simple,"['Los Angeles Lakers', 'Boston Celtics', 'Russell', 'Bill Russell']",Who has made it to the nba finals the most?,"
The Los Angeles Lakers have made it to the NBA Finals the most. They have been to the NBA Finals 32 times.","
Knowledge: The NBA Finals is the annual championship series of the National Basketball Association (NBA). The Eastern and Western conference champions play a best-of-seven game series to determine the league champion. The team that wins the series is awarded the Larry O'Brien Championship Trophy, which replaced the Walter A. Brown Trophy in 1983.
Knowledge: The Boston Celtics also won the most consecutive titles, winning eight in a row from 1959 to 1966. The Los Angeles Lakers have contested the NBA Finals the most times, with 32 appearances.
Long Answer: The NBA Finals is the annual championship series of the National Basketball Association (NBA). The Eastern and Western conference champions play a best-of-seven game series to determine the league champion. The team that wins the series is awarded the Larry O'Brien Championship Trophy, which replaced the Walter A. Brown Trophy in 1983. The Los Angeles Lakers has made it to the NBA finals the most with 32 appearances. The Boston Celtics won the most consecutive titles, winning eight in a row from 1959 to 1966. Bill Russell is the player that who has made it to the NBA finals the most times in a row.
Context: In the 1960–61 season, Russell averaged 16.9 points and 23.9 rebounds per game, leading his team to a regular season mark of 57–22. The Celtics earned another post-season appearance, where they defeated the Syracuse Nationals 4–1 in the Eastern Division Finals. The Celtics made good use of the fact that the Los Angeles Lakers had exhausted St. Louis in a long seven-game Western Conference Finals, and the Celtics convincingly won in five games.
Context: On February 14, 2009, NBA Commissioner David Stern announced that the NBA Finals Most Valuable Player Award would be renamed the ""Bill Russell NBA Finals Most Valuable Player Award"" in honor of the 11-time NBA champion. The following day, during halftime of the All-Star game, Celtics captains Paul Pierce, Kevin Garnett, and Ray Allen presented Russell a surprise birthday cake for his 75th birthday. Russell attended the final game of the Finals that year to present his newly christened namesake award to its winner, Kobe Bryant. Russell was awarded the Presidential Medal of Freedom in 2011.",0.3944690525531769,0.0429963331764039,0.25
E13555,555,112,complex,"['Los Angeles Lakers', 'Boston Celtics', 'Russell', 'Bill Russell']",Who has made it to the nba finals the most?,"
The determination of which team has achieved the most appearances in the NBA Finals is a topic of considerable interest. According to verifiable records, the Los Angeles Lakers have demonstrated a remarkable propensity for success, having participated in the NBA Finals a staggering 32 times. This remarkable figure underscores the Lakers' enduring presence as a perennial contender in the league.

In contrast, the Boston Celtics, having achieved an unprecedented eight consecutive championships from 1959 to 1966, can be regarded as the paragon of success in this regard. However, it is essential to acknowledge that their streak, while remarkable, has been superseded by the Lakers' sheer frequency of appearances in the NBA Finals.","
Knowledge: The NBA Finals is the annual championship series of the National Basketball Association (NBA). The Eastern and Western conference champions play a best-of-seven game series to determine the league champion. The team that wins the series is awarded the Larry O'Brien Championship Trophy, which replaced the Walter A. Brown Trophy in 1983.
Knowledge: The Boston Celtics also won the most consecutive titles, winning eight in a row from 1959 to 1966. The Los Angeles Lakers have contested the NBA Finals the most times, with 32 appearances.
Long Answer: The NBA Finals is the annual championship series of the National Basketball Association (NBA). The Eastern and Western conference champions play a best-of-seven game series to determine the league champion. The team that wins the series is awarded the Larry O'Brien Championship Trophy, which replaced the Walter A. Brown Trophy in 1983. The Los Angeles Lakers has made it to the NBA finals the most with 32 appearances. The Boston Celtics won the most consecutive titles, winning eight in a row from 1959 to 1966. Bill Russell is the player that who has made it to the NBA finals the most times in a row.
Context: In the 1960–61 season, Russell averaged 16.9 points and 23.9 rebounds per game, leading his team to a regular season mark of 57–22. The Celtics earned another post-season appearance, where they defeated the Syracuse Nationals 4–1 in the Eastern Division Finals. The Celtics made good use of the fact that the Los Angeles Lakers had exhausted St. Louis in a long seven-game Western Conference Finals, and the Celtics convincingly won in five games.
Context: On February 14, 2009, NBA Commissioner David Stern announced that the NBA Finals Most Valuable Player Award would be renamed the ""Bill Russell NBA Finals Most Valuable Player Award"" in honor of the 11-time NBA champion. The following day, during halftime of the All-Star game, Celtics captains Paul Pierce, Kevin Garnett, and Ray Allen presented Russell a surprise birthday cake for his 75th birthday. Russell attended the final game of the Finals that year to present his newly christened namesake award to its winner, Kobe Bryant. Russell was awarded the Presidential Medal of Freedom in 2011.",0.0891475826501846,0.0085591857331442,0.5
E12556,556,9,simple,"['King Corbin', 'Baron Corbin', 'Thomas Pestock', 'Leah Van Dale', 'Carmella']",Who won the money in the bank 2017?,"
Baron Corbin won the Money in the Bank 2017.","
Knowledge: The Money in the Bank ladder match is a multi-person ladder match held by the professional wrestling promotion WWE.
Knowledge: The prize in the match is a briefcase containing a contract for a championship match, which can be ""cashed in"" by the holder of the briefcase at any point in the year following their victory.
Knowledge: From its inception until 2017, ladder matches only involved male wrestlers, with the contract being for a world championship match. Beginning with the 2017 event, women also have the opportunity to compete in such a match, with their prize being a contract for a women's championship match.
Long Answer: The Money in the Bank ladder match is a multi-person ladder match held by the professional wrestling promotion WWE. The prize in the match is a briefcase containing a contract for a championship match, which can be ""cashed in"" by the holder of the briefcase at any point in the year following their victory. From its inception until 2017, ladder matches only involved male wrestlers, with the contract being for a world championship match. Beginning with the 2017 event, women also have the opportunity to compete in such a match, with their prize being a contract for a women's championship match. The winner of the 2017 men's Money in the Bank ladder match was Baron Corbin. The winner of the 2017 women's Money in the Bank ladder match was Carmella.
Context: On the May 30 episode of ""SmackDown Live"", another Money in the Bank ladder match was added to the event, and for the first time, involving women. Charlotte Flair, Becky Lynch, Natalya, Carmella, and Tamina were originally scheduled to compete in a fatal five-way elimination match on that night to determine the number one contender for the SmackDown Women's Championship against Naomi at Money in the Bank. Before their match could begin, a brawl broke out between the five and the match never occurred. SmackDown Commissioner Shane McMahon then scheduled the five to compete in the first-ever women's Money in the Bank ladder match at the event where the winner would receive a contract for a SmackDown Women's Championship match. Carmella won the match after James Ellsworth retrieved the briefcase, and threw it to her. On the following episode of ""SmackDown Live"", however, SmackDown General Manager Daniel Bryan forced Carmella to relinquish the briefcase since Ellsworth retrieved it for her. On that same episode, Bryan also scheduled a Money in the Bank ladder match rematch for the June 27 episode with Ellsworth banned from ringside (later from the arena). That episode, Carmella, with some aid from the banned Ellsworth, retrieved the briefcase herself and reclaimed the SmackDown Women's Championship match contract. On the April 10, 2018 episode of ""SmackDown Live"", after holding the contract for 287 days (the longest time any wrestler has held on to a Money in the Bank briefcase), Carmella cashed in and defeated Charlotte Flair—who had just suffered an attack from the debuting The IIconics (Peyton Royce and Billie Kay)—for the SmackDown Women's Championship.",0.2886485755443573,0.0507121533694655,0.2
E13556,556,68,complex,"['King Corbin', 'Baron Corbin', 'Thomas Pestock', 'Leah Van Dale', 'Carmella']",Who won the money in the bank 2017?,"
In the 2017 iteration of the Money in the Bank ladder match, the victor was Baron Corbin. His ascendancy to the top of the hierarchical structure of the WWE's competition was precipitated by his adept utilization of the lucrative briefcase containing a contract for a world championship match, thereby affording him a singular opportunity to capitalize on his ascension and realize his objective of securing the coveted title.","
Knowledge: The Money in the Bank ladder match is a multi-person ladder match held by the professional wrestling promotion WWE.
Knowledge: The prize in the match is a briefcase containing a contract for a championship match, which can be ""cashed in"" by the holder of the briefcase at any point in the year following their victory.
Knowledge: From its inception until 2017, ladder matches only involved male wrestlers, with the contract being for a world championship match. Beginning with the 2017 event, women also have the opportunity to compete in such a match, with their prize being a contract for a women's championship match.
Long Answer: The Money in the Bank ladder match is a multi-person ladder match held by the professional wrestling promotion WWE. The prize in the match is a briefcase containing a contract for a championship match, which can be ""cashed in"" by the holder of the briefcase at any point in the year following their victory. From its inception until 2017, ladder matches only involved male wrestlers, with the contract being for a world championship match. Beginning with the 2017 event, women also have the opportunity to compete in such a match, with their prize being a contract for a women's championship match. The winner of the 2017 men's Money in the Bank ladder match was Baron Corbin. The winner of the 2017 women's Money in the Bank ladder match was Carmella.
Context: On the May 30 episode of ""SmackDown Live"", another Money in the Bank ladder match was added to the event, and for the first time, involving women. Charlotte Flair, Becky Lynch, Natalya, Carmella, and Tamina were originally scheduled to compete in a fatal five-way elimination match on that night to determine the number one contender for the SmackDown Women's Championship against Naomi at Money in the Bank. Before their match could begin, a brawl broke out between the five and the match never occurred. SmackDown Commissioner Shane McMahon then scheduled the five to compete in the first-ever women's Money in the Bank ladder match at the event where the winner would receive a contract for a SmackDown Women's Championship match. Carmella won the match after James Ellsworth retrieved the briefcase, and threw it to her. On the following episode of ""SmackDown Live"", however, SmackDown General Manager Daniel Bryan forced Carmella to relinquish the briefcase since Ellsworth retrieved it for her. On that same episode, Bryan also scheduled a Money in the Bank ladder match rematch for the June 27 episode with Ellsworth banned from ringside (later from the arena). That episode, Carmella, with some aid from the banned Ellsworth, retrieved the briefcase herself and reclaimed the SmackDown Women's Championship match contract. On the April 10, 2018 episode of ""SmackDown Live"", after holding the contract for 287 days (the longest time any wrestler has held on to a Money in the Bank briefcase), Carmella cashed in and defeated Charlotte Flair—who had just suffered an attack from the debuting The IIconics (Peyton Royce and Billie Kay)—for the SmackDown Women's Championship.",0.0689117237925529,0.0026744824235784,0.2
E12557,557,26,simple,"['Kelsey Grammer', 'Allen Kelsey Grammer', 'Grammer', 'Kelly', 'Dave Kelly', 'Jake Wood', 'Wood', 'Jake Dylan Wood']",Who does the voice for the geico gecko?,"
The Geico gecko is talked to by three different people. 

First, Kelsey Grammer does the voice. Then, Dave Kelly does it. Now, Jake Wood does it.","
Knowledge: GEICO advertising campaigns are known for using surreal scenarios which attempt to be humorous and satirical, often featuring distinctive characters such as the company's mascot, the GEICO gecko.[1] 
Long Answer: GEICO advertising campaigns are known for using surreal scenarios which attempt to be humorous and satirical, often featuring distinctive characters such as the company's mascot, the GEICO gecko. The original commercial features the Gecko voiced by actor Kelsey Grammer. Later ""wrong number"" ads used Dave Kelly as the voice of the gecko. In the subsequent commercials with Jake Wood (which portray him as a representative of the company), the gecko speaks with an English Cockney accent because it would be unexpected.
Context: The company's ads sometimes focus on its reptilian mascot, the Geico Gecko (Also known as Martin), an anthropomorphic Day Gecko, was created by The Martin Agency, modified in 2005 to a CGI character by Animation Director David Hulin and his team at Framestore. The gecko first appeared on August 26, 1998, during the Screen Actors Guild strike that prevented the use of live actors. The original commercial features the Gecko voiced by actor Kelsey Grammer who climbs onto a microphone on a podium and utters ""This is my final plea: I am a gecko, not to be confused with GEICO, which could save you hundreds on car insurance. So, STOP CALLING ME!"" before licking his eye. Later ""wrong number"" ads used Dave Kelly as the voice of the gecko. In the subsequent commercials with Jake Wood (which portray him as a representative of the company), the gecko speaks with an English Cockney accent because it would be unexpected, according to Martin Agency's Steve Bassett. In 2010s commercials, the gecko's accent is more working-class, perhaps in an effort to further ""humanize"" him.",0.2073574066162109,0.026613685332453,0.75
E13557,557,92,complex,"['Kelsey Grammer', 'Allen Kelsey Grammer', 'Grammer', 'Kelly', 'Dave Kelly', 'Jake Wood', 'Wood', 'Jake Dylan Wood']",Who does the voice for the geico gecko?,"
The vocalization of the GEICO gecko is provided by a succession of talented actors, including Kelsey Grammer and Dave Kelly, who have served as the voice of the eponymous creature. However, the current and perhaps most well-known iteration of the gecko's vocalizations is attributed to Jake Wood, who has successfully replicated the gecko's distinctive Cockney accent in various advertisements. This linguistic choice was reportedly made by the Martin Agency's Steve Bassett, who sought to further ""humanize"" the character by introducing an accent that would be perceived as more unexpected and jarringly familiar.","
Knowledge: GEICO advertising campaigns are known for using surreal scenarios which attempt to be humorous and satirical, often featuring distinctive characters such as the company's mascot, the GEICO gecko.[1] 
Long Answer: GEICO advertising campaigns are known for using surreal scenarios which attempt to be humorous and satirical, often featuring distinctive characters such as the company's mascot, the GEICO gecko. The original commercial features the Gecko voiced by actor Kelsey Grammer. Later ""wrong number"" ads used Dave Kelly as the voice of the gecko. In the subsequent commercials with Jake Wood (which portray him as a representative of the company), the gecko speaks with an English Cockney accent because it would be unexpected.
Context: The company's ads sometimes focus on its reptilian mascot, the Geico Gecko (Also known as Martin), an anthropomorphic Day Gecko, was created by The Martin Agency, modified in 2005 to a CGI character by Animation Director David Hulin and his team at Framestore. The gecko first appeared on August 26, 1998, during the Screen Actors Guild strike that prevented the use of live actors. The original commercial features the Gecko voiced by actor Kelsey Grammer who climbs onto a microphone on a podium and utters ""This is my final plea: I am a gecko, not to be confused with GEICO, which could save you hundreds on car insurance. So, STOP CALLING ME!"" before licking his eye. Later ""wrong number"" ads used Dave Kelly as the voice of the gecko. In the subsequent commercials with Jake Wood (which portray him as a representative of the company), the gecko speaks with an English Cockney accent because it would be unexpected, according to Martin Agency's Steve Bassett. In 2010s commercials, the gecko's accent is more working-class, perhaps in an effort to further ""humanize"" him.",0.1782300770282745,0.0049419638459013,0.75
E12558,558,29,simple,"['≥ 70 m/s', '≥ 137 kn', 'over 156 mph', '≥ 157 mph', '≥ 252 km/h']",What are wind speeds in a category 5 hurricane?,"
A category 5 hurricane has very strong winds. The winds are:

* 70 meters per second
* 137 knots
* 157 miles per hour
* 252 kilometers per hour","
Knowledge: The Saffir–Simpson hurricane wind scale (SSHWS), formerly the Saffir–Simpson hurricane scale (SSHS), classifies hurricanes – Western Hemisphere tropical cyclones – that exceed the intensities of tropical depressions and tropical storms – into five categories distinguished by the intensities of their sustained winds.
Knowledge: The classifications can provide some indication of the potential damage and flooding a hurricane will cause upon landfall.
Knowledge: Category 5 is the highest category of the Saffir–Simpson scale.
Long Answer: The Saffir–Simpson hurricane wind scale (SSHWS) classifies hurricanes that exceed the intensities of tropical depressions and tropical storms into five categories distinguished by the intensities of their sustained winds. The classifications can provide some indication of the potential damage and flooding a hurricane will cause upon landfall. Category 5 is the highest category of the Saffir–Simpson scale. For a Category 5 hurricane, the wind speeds are ≥ 70 m/s, ≥ 137 kn, ≥ 157 mph, and ≥ 252 km/h.",0.0785701349377632,0.0091525416206989,0.0
E13558,558,54,complex,"['≥ 70 m/s', '≥ 137 kn', 'over 156 mph', '≥ 157 mph', '≥ 252 km/h']",What are wind speeds in a category 5 hurricane?,"
In a category 5 hurricane, the sustained wind speeds are characterized by an extraordinary level of intensity, exceeding 137 knots, 157 miles per hour, and 252 kilometers per hour. More specifically, the winds reach velocities of at least 70 meters per second, rendering them among the most formidable and destructive force to be encountered.","
Knowledge: The Saffir–Simpson hurricane wind scale (SSHWS), formerly the Saffir–Simpson hurricane scale (SSHS), classifies hurricanes – Western Hemisphere tropical cyclones – that exceed the intensities of tropical depressions and tropical storms – into five categories distinguished by the intensities of their sustained winds.
Knowledge: The classifications can provide some indication of the potential damage and flooding a hurricane will cause upon landfall.
Knowledge: Category 5 is the highest category of the Saffir–Simpson scale.
Long Answer: The Saffir–Simpson hurricane wind scale (SSHWS) classifies hurricanes that exceed the intensities of tropical depressions and tropical storms into five categories distinguished by the intensities of their sustained winds. The classifications can provide some indication of the potential damage and flooding a hurricane will cause upon landfall. Category 5 is the highest category of the Saffir–Simpson scale. For a Category 5 hurricane, the wind speeds are ≥ 70 m/s, ≥ 137 kn, ≥ 157 mph, and ≥ 252 km/h.",0.1439510881900787,0.0047913093349602,0.0
E12559,559,30,simple,"['Mat Fraser', 'Fraser', 'Paul the Illustrated Seal', 'Paul']",American horror story freak show guy with little arms?,"
Paul the Illustrated Seal is a character from a TV show called American Horror Story. He is a performer in a freak show and was born with very short arms.","
Knowledge: Recurring
Mat Fraser as Paul the Illustrated Seal
Knowledge: Paul (portrayed by Mat Fraser) also known as Paul The Illustrated Seal, is a performer in the freak show, who was born with phocomelia of both arms.
Knowledge: American Horror Story: Freak Show is the fourth season of the FX horror anthology television series American Horror Story, created by Ryan Murphy and Brad Falchuk.
Long Answer: Paul the Illustrated Seal is a recurring character in American Horror Story: Freak Show, the fourth season of American Horror Story. Played by Mat Fraser, Paul is a performer in the freak show, who was born with phocomelia of both arms.
Context: Mat Fraser (born 1962) is an English rock musician, actor, writer and performance artist. He has thalidomide-induced phocomelia. In 2017, he was cast to play Shakespeare’s Richard III at the Hull Truck Theatre as part of Hull City of Culture 2017.",0.4109318256378174,0.077721746007405,0.5
E13559,559,127,complex,"['Mat Fraser', 'Fraser', 'Paul the Illustrated Seal', 'Paul']",American horror story freak show guy with little arms?,"
The enigmatic figure of Paul the Illustrated Seal, a captivating character from the fourth season of the FX horror anthology series American Horror Story, is indeed notable for his peculiar physical appearance, characterized by the congenital deformity of phocomelia, a rare and distressing condition where both limbs are severely shortened or missing. This tragic affliction has led to Paul's adoption as a ""freak"" in the Coney Island freak show, where he has been relegated to a life of spectacle and exploitation. Played by the ingenious Mat Fraser, who has himself borne the physical consequences of thalidomide-induced phocomelia, Paul's character serves as a poignant exploration of the darker aspects of the human experience, highlighting the cruel and exploitative treatment of individuals with disabilities in the name of entertainment.","
Knowledge: Recurring
Mat Fraser as Paul the Illustrated Seal
Knowledge: Paul (portrayed by Mat Fraser) also known as Paul The Illustrated Seal, is a performer in the freak show, who was born with phocomelia of both arms.
Knowledge: American Horror Story: Freak Show is the fourth season of the FX horror anthology television series American Horror Story, created by Ryan Murphy and Brad Falchuk.
Long Answer: Paul the Illustrated Seal is a recurring character in American Horror Story: Freak Show, the fourth season of American Horror Story. Played by Mat Fraser, Paul is a performer in the freak show, who was born with phocomelia of both arms.
Context: Mat Fraser (born 1962) is an English rock musician, actor, writer and performance artist. He has thalidomide-induced phocomelia. In 2017, he was cast to play Shakespeare’s Richard III at the Hull Truck Theatre as part of Hull City of Culture 2017.",0.0993288308382034,0.0075360887730969,1.0
E12560,560,14,simple,"['Markelle Fultz', 'Ben Simmons', 'Karl-Anthony Towns']",Who has the number one pick in the nba draft this year?,"
I don't have the most recent information about the current year's NBA draft picks.","
Knowledge: National Basketball Association (NBA) teams took turns selecting amateur U.S. college basketball players and other eligible players, including international players.
Long Answer: In the NBA draft, NBA teams take turns selecting amateur U.S. college basketball players and other eligible players, including international players. In the 2015 NBA draft, Karl-Anthony Towns was the number one pick and was the first Dominican to achieve this. In the 2016 NBA draft, Ben Simmons was the number one pick and did not win rookie of the year, which is rare. In the 2017 NBA draft, Markelle Fultz was the number one pick.
Context: The draft class was the youngest draft class to date, with the most freshmen and fewest seniors selected in the first round; the top seven picks in the draft were college freshmen. It was the third time, and the second in a row, that three players were selected from Serbian team KK Mega Basket in the same draft (Vlatko Čančar, Ognjen Jaramaz, Alpha Kaba), with it previously occurring during the 2014 and 2016 NBA draft. The draft also received a lot of media coverage from ESPN pertaining to eventual no. 2 pick Lonzo Ball and his outspoken father, LaVar Ball, much to the chagrin of many sports fans and even some ESPN employees. This was one of the rare occasions where a player drafted from their year did not win rookie of the year; the award went to 2016 first overall pick Ben Simmons, the first player since Blake Griffin to win the award in a year he wasn't drafted.
Context: Highlights from the draft include the first Dominican to be the first overall pick (Karl-Anthony Towns), the highest number of Kentucky Wildcats selected in the draft lottery (four with Karl-Anthony Towns, Willie Cauley-Stein, Trey Lyles, and Devin Booker), which tied the North Carolina Tar Heels in 2005 for most players selected in the lottery by one school; the tied record for most Kentucky players selected in the draft (six with Towns, Cauley-Stein, Lyles, Booker, Andrew Harrison, and Dakari Johnson), the second Latvian to have been drafted in the first round (Kristaps Porziņģis), the first former high school player to have skipped college to play in China that was selected in the draft (Emmanuel Mudiay), and the first Indian to have been selected in the NBA (Satnam Singh Bhamara), who was also the first player since 2005 to have been drafted directly from high school (albeit as a postgraduate).",0.0610853806138038,0.0,0.0
E13560,560,190,complex,"['Markelle Fultz', 'Ben Simmons', 'Karl-Anthony Towns']",Who has the number one pick in the nba draft this year?,"
Regrettably, I must inform you that the specific details of this year's NBA draft are not explicitly provided in the source material I was trained on. However, I can offer an analogous response that highlights the general process of the NBA draft and the esteemed individuals who have occupied the coveted position of the number one pick in previous years.

The NBA draft is a rigorous and highly anticipated event, wherein teams take turns selecting talented amateur and professional players, including collegiate and international athletes, to bolster their rosters. Throughout history, the number one pick has been bestowed upon exceptional individuals, such as Karl-Anthony Towns, who, in 2015, became the first Dominican to assume this esteemed position. Conversely, Ben Simmons, the first overall selection in 2016, eschewed the award for Rookie of the Year, a rare occurrence.

In light of the current context, I am unable to accurately determine the individual who has secured the number one pick in this year's draft. Nevertheless, I can assure you that the forthcoming draft promises to be a thrilling and intriguing spectacle, featuring an array of talented players vying for the top spot.","
Knowledge: National Basketball Association (NBA) teams took turns selecting amateur U.S. college basketball players and other eligible players, including international players.
Long Answer: In the NBA draft, NBA teams take turns selecting amateur U.S. college basketball players and other eligible players, including international players. In the 2015 NBA draft, Karl-Anthony Towns was the number one pick and was the first Dominican to achieve this. In the 2016 NBA draft, Ben Simmons was the number one pick and did not win rookie of the year, which is rare. In the 2017 NBA draft, Markelle Fultz was the number one pick.
Context: The draft class was the youngest draft class to date, with the most freshmen and fewest seniors selected in the first round; the top seven picks in the draft were college freshmen. It was the third time, and the second in a row, that three players were selected from Serbian team KK Mega Basket in the same draft (Vlatko Čančar, Ognjen Jaramaz, Alpha Kaba), with it previously occurring during the 2014 and 2016 NBA draft. The draft also received a lot of media coverage from ESPN pertaining to eventual no. 2 pick Lonzo Ball and his outspoken father, LaVar Ball, much to the chagrin of many sports fans and even some ESPN employees. This was one of the rare occasions where a player drafted from their year did not win rookie of the year; the award went to 2016 first overall pick Ben Simmons, the first player since Blake Griffin to win the award in a year he wasn't drafted.
Context: Highlights from the draft include the first Dominican to be the first overall pick (Karl-Anthony Towns), the highest number of Kentucky Wildcats selected in the draft lottery (four with Karl-Anthony Towns, Willie Cauley-Stein, Trey Lyles, and Devin Booker), which tied the North Carolina Tar Heels in 2005 for most players selected in the lottery by one school; the tied record for most Kentucky players selected in the draft (six with Towns, Cauley-Stein, Lyles, Booker, Andrew Harrison, and Dakari Johnson), the second Latvian to have been drafted in the first round (Kristaps Porziņģis), the first former high school player to have skipped college to play in China that was selected in the draft (Emmanuel Mudiay), and the first Indian to have been selected in the NBA (Satnam Singh Bhamara), who was also the first player since 2005 to have been drafted directly from high school (albeit as a postgraduate).",0.0652903914451599,0.0011218990588178,0.6666666666666666
E12561,561,12,simple,"['Brett Hundley and Aaron Rodgers', 'Aaron Rodgers']",Who is the starting quarterback for green bay packers?,"
The current starting quarterback for the Green Bay Packers is Aaron Rodgers.","
Knowledge: The Packers have had 46 starting quarterbacks (QB) in the history of their franchise. The Packers' past starting quarterbacks include Pro Football Hall of Fame inductees Curly Lambeau, Tony Canadeo, Arnie Herber, Bart Starr and Brett Favre.
Knowledge: The Packers started out strong, compiling a 4–1 start, but during a week 6 game against their division rival Minnesota Vikings, the Packers lost starting quarterback Aaron Rodgers to a collarbone injury and completely collapsed, going on to lose 8 of the 11 remaining games.
Long Answer: The Green Bay Packers have had 46 starting quarterbacks in the history of their franchise. The Packers' past starting quarterbacks include Pro Football Hall of Fame inductees Curly Lambeau, Tony Canadeo, Arnie Herber, Bart Starr and Brett Favre. In 2015 and 2016, Aaron Rodgers was the starting quarterback. In 2017, Brett Hundley and Aaron Rodgers were both starting quarterback due to Rodgers' collarbone injury.",0.4065807163715362,0.0170331860376392,0.5
E13561,561,48,complex,"['Brett Hundley and Aaron Rodgers', 'Aaron Rodgers']",Who is the starting quarterback for green bay packers?,"
The position of starting quarterback for the Green Bay Packers is currently occupied by Aaron Rodgers, a stalwart and accomplished signal-caller who has been instrumental in the team's on-field endeavors. Under his leadership, the Packers have demonstrated a marked propensity for success, with numerous accolades and championship aspirations.","
Knowledge: The Packers have had 46 starting quarterbacks (QB) in the history of their franchise. The Packers' past starting quarterbacks include Pro Football Hall of Fame inductees Curly Lambeau, Tony Canadeo, Arnie Herber, Bart Starr and Brett Favre.
Knowledge: The Packers started out strong, compiling a 4–1 start, but during a week 6 game against their division rival Minnesota Vikings, the Packers lost starting quarterback Aaron Rodgers to a collarbone injury and completely collapsed, going on to lose 8 of the 11 remaining games.
Long Answer: The Green Bay Packers have had 46 starting quarterbacks in the history of their franchise. The Packers' past starting quarterbacks include Pro Football Hall of Fame inductees Curly Lambeau, Tony Canadeo, Arnie Herber, Bart Starr and Brett Favre. In 2015 and 2016, Aaron Rodgers was the starting quarterback. In 2017, Brett Hundley and Aaron Rodgers were both starting quarterback due to Rodgers' collarbone injury.",0.1110050231218338,0.0045491487595968,0.5
E12562,562,17,simple,"[' 433', ' 435']",In 1911 congress decided to fix the size of the house at?,"
In 1911, Congress decided to fix the number of seats in the House of Representatives at 433.","
Knowledge: The Apportionment Act of 1911 (Pub.L. 62–5, 37 Stat. 13) was an apportionment bill passed by the United States Congress on August 8, 1911. The law initially set the number of members of the United States House of Representatives at 433, effective with the 63rd Congress on March 4, 1913.[1] It also included, in section 2, a provision to add an additional seat for each of the anticipated new states of Arizona and New Mexico (which happened in 1912), bringing the total number of seats to 435.[1]
Long Answer: The Apportionment Act of 1911 was an apportionment bill passed by the United States Congress on August 8, 1911. The law initially set the number of members of the United States House of Representatives at 433, effective with the 63rd Congress on March 4, 1913. It also included, in section 2, a provision to add an additional seat for each of the anticipated new states of Arizona and New Mexico (which happened in 1912), bringing the total number of seats to 435.",0.4723111689090729,0.0,0.5
E13562,562,58,complex,"[' 433', ' 435']",In 1911 congress decided to fix the size of the house at?,"
In 1911, the United States Congress endeavored to establish a definitive and permanent quota for the number of seats allocated to the House of Representatives, thereby mitigating the pernicious effects of frequent readjustments precipitated by the periodic admission of new states into the Union. Specifically, the Congress resolved to fix the size of the House at 433 seats.","
Knowledge: The Apportionment Act of 1911 (Pub.L. 62–5, 37 Stat. 13) was an apportionment bill passed by the United States Congress on August 8, 1911. The law initially set the number of members of the United States House of Representatives at 433, effective with the 63rd Congress on March 4, 1913.[1] It also included, in section 2, a provision to add an additional seat for each of the anticipated new states of Arizona and New Mexico (which happened in 1912), bringing the total number of seats to 435.[1]
Long Answer: The Apportionment Act of 1911 was an apportionment bill passed by the United States Congress on August 8, 1911. The law initially set the number of members of the United States House of Representatives at 433, effective with the 63rd Congress on March 4, 1913. It also included, in section 2, a provision to add an additional seat for each of the anticipated new states of Arizona and New Mexico (which happened in 1912), bringing the total number of seats to 435.",0.1727317571640014,0.0031480136626465,0.5
E12563,563,12,simple,"['2,261,772', '2,834,000', '1,829,000', 'nearly 11 million']",What is the current national circulation of the wall street journal?,"
The Wall Street Journal has a circulation of about 2.834 million copies.","
Knowledge: It is regarded as a newspaper of record, particularly in terms of business and financial news.[5][6][7] The newspaper has won 37 Pulitzer Prizes (as of 2019).[8][9] The editorial pages of The Journal are typically conservative in their position.[10][11][12]
Long Answer: The Wall Street Journal is one of the largest newspapers in the United States by circulation, with a circulation of about 2.834 million copies (including nearly 1,829,000 digital sales), compared with USA Today's 1.7 million. It is regarded as a newspaper of record, particularly in terms of business and financial news. The editorial pages of The Journal are typically conservative in their position. At its peak in 2005, the Journal circulated nearly 11 million copies. As of September 30, 2013, the Journal circulated 2,261,772 copies. As of August 2019, the Journal circulated 2,834,000 copies.
Context: ""The Wall Street Journal"" is one of the largest newspapers in the United States by circulation, with a circulation of about 2.834million copies (including nearly 1,829,000 digital sales) , compared with ""USA Today""s 1.7million. The ""Journal"" publishes the luxury news and lifestyle magazine ""WSJ,"" which was originally launched as a quarterly but expanded to 12 issues as of 2014. An online version was launched in 1996, which has been accessible only to subscribers since it began.",0.474507600069046,0.0170331860376392,0.0
E13563,563,60,complex,"['2,261,772', '2,834,000', '1,829,000', 'nearly 11 million']",What is the current national circulation of the wall street journal?,"
The Wall Street Journal's national circulation is presently at an estimated 2,834,000 copies, encompassing a substantial digital presence with an additional 1,829,000 digital sales, thereby surpassing its peer, USA Today's circulation of 1.7 million. This constitutes the newspaper's sustained prominence as a paradigmatic exemplar of a widely read and authoritative publication, particularly in the realms of business and financial news.","
Knowledge: It is regarded as a newspaper of record, particularly in terms of business and financial news.[5][6][7] The newspaper has won 37 Pulitzer Prizes (as of 2019).[8][9] The editorial pages of The Journal are typically conservative in their position.[10][11][12]
Long Answer: The Wall Street Journal is one of the largest newspapers in the United States by circulation, with a circulation of about 2.834 million copies (including nearly 1,829,000 digital sales), compared with USA Today's 1.7 million. It is regarded as a newspaper of record, particularly in terms of business and financial news. The editorial pages of The Journal are typically conservative in their position. At its peak in 2005, the Journal circulated nearly 11 million copies. As of September 30, 2013, the Journal circulated 2,261,772 copies. As of August 2019, the Journal circulated 2,834,000 copies.
Context: ""The Wall Street Journal"" is one of the largest newspapers in the United States by circulation, with a circulation of about 2.834million copies (including nearly 1,829,000 digital sales) , compared with ""USA Today""s 1.7million. The ""Journal"" publishes the luxury news and lifestyle magazine ""WSJ,"" which was originally launched as a quarterly but expanded to 12 issues as of 2014. An online version was launched in 1996, which has been accessible only to subscribers since it began.",0.223917469382286,0.0036156049400239,0.5
E12564,564,64,simple,"['Season 6 Episode 10', 'Game Over, Charles', '""Game Over, Charles""', '130', ""Now You See Me, Now You Don't"", '83', '""Now You See Me, Now You Don\'t""', 'Grave New World', '13th episode of the fourth season', '""Grave New World""', '84']",When do you find out who red coat is?,"
In the TV show Pretty Little Liars, we find out that there are three people who wore the Red Coat. 

First, we see Alison DiLaurentis, the main character, in the Season 4 finale. 

Later, we find out that there is another person, CeCe Drake, who also wore the Red Coat. 

Finally, we discover a third person, Sara Harvey, who also wore the Red Coat.","
Knowledge: Red Coat is a fictional character on the television show Pretty Little Liars, which was adapted from the book series of same name. Introduced during the second-season finale, she became the primary antagonist of the third and fourth seasons. In Season 4, it is revealed there are 2 active Red Coat's, one being CeCe Drake, the other being Alison DiLaurentis. In Season 6, it is revealed there is a third red coat, this one being Sara Harvey.
Long Answer: In the show Pretty Little Liars, it is revealed that there are three red coat characters. The first red coat, Alison DiLaurentis, is revealed in the episode ""Grave New World"", which is episode 84 in the series and the 13th episode of the fourth season. The second red coat, CeCe Drake, is revealed in the episode ""Now You See Me, Now You Don't"", which is episode 83 in the series and the 12th episode of season 4. The third red coat, Sara Harvey, is revealed in the episode ""Game Over, Charles"", which is episode 130 in the series and is in Season 6 Episode 10.
Context: In the fourth season's mid-season finale ""Now You See Me, Now You Don't"", the Liars head to Ravenswood to look for Red Coat. While there, Red Coat kidnaps Emily and locks her in a coffin on a Sawmill. The Liars witness Red Coat heading to that Sawmill and chase her inside, where she actually stops the saw and another Red Coat, donning a mask of Alison's face, appears on the stairwell, revealing that two people have been sporting the disguise all along. Spencer follows the Red Coat who saved Emily, while Aria fights the masked Red Coat and unmasks her as CeCe Drake. The Liars manage to catch the Red Coat who saved Emily in the ending of ""Grave New World"", who reveals herself as an alive Alison. During ""Escape from New York"", Ali claims that she asked CeCe to wear the disguise to distract ""A"" and that CeCe was never truly Red Coat. It is later revealed that CeCe actually was the Red Coat who stole the game from Mona and wore the disguise during her schemes, presumably until the saw mill incident. In ""Game Over, Charles"", the Liars learn there was a third Red Coat who posed as a decoy for CeCe and used the infamous disguise to distract the Liars whenever CeCe couldn't. The third Red Coat is revealed to be Sara Harvey.
Context: ""Grave New World"" is the 13th episode of the fourth season of the American mystery drama series ""Pretty Little Liars"". It originally aired on October 22, 2013 on ABC Family and serves as the season's Halloween episode, which aired as part of the ""13 Nights of Halloween"" programming block. The episode was directed by Ron Lagomarsino and written by Joseph Dougherty, Oliver Goldstick and I. Marlene King. The episode also serves as a backdoor pilot to the series’ spinoff ""Ravenswood"", which follows a group of people investigating the supernatural occurrences in the titular town. As a result, the episode features the spinoff's main cast as guest characters and some supernatural elements.",0.2437578290700912,0.0033841296025422,0.0
E13564,564,215,complex,"['Season 6 Episode 10', 'Game Over, Charles', '""Game Over, Charles""', '130', ""Now You See Me, Now You Don't"", '83', '""Now You See Me, Now You Don\'t""', 'Grave New World', '13th episode of the fourth season', '""Grave New World""', '84']",When do you find out who red coat is?,"
The epiphany regarding the true identity of Red Coat is a pivotal moment in the narrative of Pretty Little Liars, unfolding in a multifaceted manner throughout the television series. Specifically, in Season 4, the episode ""Now You See Me, Now You Don't"" (Episode 83) marks the initial revelation of CeCe Drake's dual identity as the primary antagonist, while also introducing the notion of an alternate Red Coat. Furthermore, in ""Grave New World"" (Episode 13), the 13th episode of Season 4, which serves as the season's Halloween episode, the series' creators cleverly employed a narrative trope to facilitate the exposure of the third Red Coat.

In ""Game Over, Charles"" (Episode 130), the 10th episode of Season 6, the true identity of the third Red Coat is ultimately unveiled, casting a significant paradigm shift in the show's investigative narrative. This epiphany arises from the meticulous detective work of the Liars, who, through a combination of rigorous analysis and strategic investigation, uncover the enigmatic persona of Sara Harvey, thereby conclusively establishing her as the third Red Coat.

In essence, the progressive disclosure of the Red Coat identities in Pretty Little Liars constitutes a masterclass in narrative misdirection, carefully weaving together a complex tapestry of clues and misdirection to keep the audience engaged and invested in the investigative process.","
Knowledge: Red Coat is a fictional character on the television show Pretty Little Liars, which was adapted from the book series of same name. Introduced during the second-season finale, she became the primary antagonist of the third and fourth seasons. In Season 4, it is revealed there are 2 active Red Coat's, one being CeCe Drake, the other being Alison DiLaurentis. In Season 6, it is revealed there is a third red coat, this one being Sara Harvey.
Long Answer: In the show Pretty Little Liars, it is revealed that there are three red coat characters. The first red coat, Alison DiLaurentis, is revealed in the episode ""Grave New World"", which is episode 84 in the series and the 13th episode of the fourth season. The second red coat, CeCe Drake, is revealed in the episode ""Now You See Me, Now You Don't"", which is episode 83 in the series and the 12th episode of season 4. The third red coat, Sara Harvey, is revealed in the episode ""Game Over, Charles"", which is episode 130 in the series and is in Season 6 Episode 10.
Context: In the fourth season's mid-season finale ""Now You See Me, Now You Don't"", the Liars head to Ravenswood to look for Red Coat. While there, Red Coat kidnaps Emily and locks her in a coffin on a Sawmill. The Liars witness Red Coat heading to that Sawmill and chase her inside, where she actually stops the saw and another Red Coat, donning a mask of Alison's face, appears on the stairwell, revealing that two people have been sporting the disguise all along. Spencer follows the Red Coat who saved Emily, while Aria fights the masked Red Coat and unmasks her as CeCe Drake. The Liars manage to catch the Red Coat who saved Emily in the ending of ""Grave New World"", who reveals herself as an alive Alison. During ""Escape from New York"", Ali claims that she asked CeCe to wear the disguise to distract ""A"" and that CeCe was never truly Red Coat. It is later revealed that CeCe actually was the Red Coat who stole the game from Mona and wore the disguise during her schemes, presumably until the saw mill incident. In ""Game Over, Charles"", the Liars learn there was a third Red Coat who posed as a decoy for CeCe and used the infamous disguise to distract the Liars whenever CeCe couldn't. The third Red Coat is revealed to be Sara Harvey.
Context: ""Grave New World"" is the 13th episode of the fourth season of the American mystery drama series ""Pretty Little Liars"". It originally aired on October 22, 2013 on ABC Family and serves as the season's Halloween episode, which aired as part of the ""13 Nights of Halloween"" programming block. The episode was directed by Ron Lagomarsino and written by Joseph Dougherty, Oliver Goldstick and I. Marlene King. The episode also serves as a backdoor pilot to the series’ spinoff ""Ravenswood"", which follows a group of people investigating the supernatural occurrences in the titular town. As a result, the episode features the spinoff's main cast as guest characters and some supernatural elements.",0.0965243130922317,0.0435712013507968,0.7272727272727273
E12565,565,14,simple,"['Vladimir Lenin', 'Lenin', 'Bolshevik Party', 'Bolshevik', 'Second Congress of Soviets', 'Soviet government', 'Soviet', 'Sovnarkom']",Who gained the power in russia after the october revolution?,"
After the October Revolution, Vladimir Lenin and the Bolshevik Party gained power in Russia.","
Knowledge: The October Revolution followed and capitalized on the February Revolution earlier in the year.
Knowledge: This new Soviet government was known as the Council (Soviet) of People's Commissars (Sovnarkom), with Lenin as a leader.
Long Answer: The October Revolution was a revolution in Russia led by the Bolshevik Party of Vladimir Lenin that was instrumental in the larger Russian Revolution of 1917–23. The October Revolution followed and capitalized on the February Revolution earlier in the year. The new Soviet government was known as the Council (Soviet) of People's Commissars (Sovnarkom), with Lenin as a leader.
Context: The October Revolution, officially known in Soviet historiography as the Great October Socialist Revolution and commonly referred to as the October Uprising, the October Coup, the Bolshevik Revolution, the Bolshevik Coup, or the Red October, was a revolution in Russia led by the Bolshevik Party of Vladimir Lenin that was instrumental in the larger Russian Revolution of 1917–23. It took place through an armed insurrection in Petrograd on 25 October (Old Style, O.S.; 7 November, New Style or N.S.) 1917.
Context: The slogan of the October revolution was All Power to the Soviets, meaning all power to grassroots democratically elected councils. For a time, this was observed, with the interim Bolshevik-only Sovnarkom or Soviet government replaced by a Bolshevik-Left SR coalition government with an All-Russian Central Executive Committee of Soviets composed of all representatives of all factions who supported Soviet power and legally entrenching the peasant land seizures. Throughout 1918, the Treaty of Brest-Litovsk, which resulted in a Left SR walkout, and other policies disputed by both the other pro-soviet parties and minority factions of the Bolsheviks progressively dissipated until 1920, where there were no free elections, but delegates were appointed by a party state.",0.3777002990245819,0.0427180251358197,0.5
E13565,565,184,complex,"['Vladimir Lenin', 'Lenin', 'Bolshevik Party', 'Bolshevik', 'Second Congress of Soviets', 'Soviet government', 'Soviet', 'Sovnarkom']",Who gained the power in russia after the october revolution?,"
Following the October Revolution, the Bolsheviks, under the leadership of Vladimir Lenin, seized control of the Russian government, thereby supplanting the provisional government that had been established in the aftermath of the February Revolution. The Bolsheviks, a faction of the Russian Social Democratic Labor Party (RSDLP), capitalized on the momentum generated by the February Revolution to orchestrate a successful insurrection in Petrograd, marking the commencement of a new era in Russian history. The Bolsheviks' ascendance to power was predicated on their adherence to Marxist-Leninist ideology, which emphasized the importance of class struggle, the withering away of the state, and the empowerment of the proletariat.

The newly formed Council of People's Commissars (Sovnarkom), with Lenin at its helm, served as the Bolsheviks' governing apparatus, legitimized by the October Revolution. This council's establishment signified the Bolsheviks' ascendancy to power, and it marked a watershed moment in the development of the Soviet state. The October Revolution thus precipitated a fundamental shift in the political landscape of Russia, as the Bolsheviks solidified their control over the government and established the foundations for the emergence of the Soviet Union.","
Knowledge: The October Revolution followed and capitalized on the February Revolution earlier in the year.
Knowledge: This new Soviet government was known as the Council (Soviet) of People's Commissars (Sovnarkom), with Lenin as a leader.
Long Answer: The October Revolution was a revolution in Russia led by the Bolshevik Party of Vladimir Lenin that was instrumental in the larger Russian Revolution of 1917–23. The October Revolution followed and capitalized on the February Revolution earlier in the year. The new Soviet government was known as the Council (Soviet) of People's Commissars (Sovnarkom), with Lenin as a leader.
Context: The October Revolution, officially known in Soviet historiography as the Great October Socialist Revolution and commonly referred to as the October Uprising, the October Coup, the Bolshevik Revolution, the Bolshevik Coup, or the Red October, was a revolution in Russia led by the Bolshevik Party of Vladimir Lenin that was instrumental in the larger Russian Revolution of 1917–23. It took place through an armed insurrection in Petrograd on 25 October (Old Style, O.S.; 7 November, New Style or N.S.) 1917.
Context: The slogan of the October revolution was All Power to the Soviets, meaning all power to grassroots democratically elected councils. For a time, this was observed, with the interim Bolshevik-only Sovnarkom or Soviet government replaced by a Bolshevik-Left SR coalition government with an All-Russian Central Executive Committee of Soviets composed of all representatives of all factions who supported Soviet power and legally entrenching the peasant land seizures. Throughout 1918, the Treaty of Brest-Litovsk, which resulted in a Left SR walkout, and other policies disputed by both the other pro-soviet parties and minority factions of the Bolsheviks progressively dissipated until 1920, where there were no free elections, but delegates were appointed by a party state.",0.1168910562992096,0.0015250465273708,0.625
E12566,566,11,simple,"['king of Mathura', 'Sikandar Lodī', 'Bayana']",Who was the founder of the city of agra?,"
The founder of the city of Agra was Sultan Sikandar Lodhi.","
Knowledge: Agra has two histories: one of the ancient city on the east, or left, bank of the river Yamuna, going back so far as to be lost in the legends of Krishna and Mahabharata and reestablished by Sikandar Lodhi in 1504-1505; the other of the modern city, founded by Akbar in 1558, on the right bank of the river which is associated with the Mughals, and known throughout the world as the city of the Taj.
Long Answer: Sultan Sikandar Lodī, the Muslim ruler of the Delhi Sultanate, shifted his capital to Agra in the year 1504. Before this, it was under the lordship of Bayana and was lost in the legends of Krishna and Mahabharata. The 17th century chronicler named Abdhullah said that the king of Mathura used the Agra fort as a jail.
Context: Masud Sa'd Salman claims to have been there when Mahmud assaulted Agra, claiming the Raja Japal surrendered after seeing a nightmare. Mahmud however proceeds to pillage the city. The history of the city before the Muslim conquerors is unclear. The 17th century chronicler named Abdhullah said it was a village before the reign of Sikandar Lodi. The king of Mathura had used the Agra fort as a jail. The degradation in the status of the site was a result of the destruction brought upon it by Mahmud of Ghazni. Sultan Sikandar Lodī, the Muslim ruler of the Delhi Sultanate, shifted his capital to Agra in the year 1504. Before this, it was under the lordship of Bayana. After the Sultan's death, the city passed on to his son, Sultan Ibrāhīm Lodī. He ruled his Sultanate from Agra until he fell fighting to Mughal Badshah Bābar in the First battle of Panipat fought in 1526.",0.3132762312889099,0.0224169335019223,0.0
E13566,566,71,complex,"['king of Mathura', 'Sikandar Lodī', 'Bayana']",Who was the founder of the city of agra?,"
The founder of the city of Agra, a resplendent metropolis situated on the banks of the revered Yamuna River, was Sultan Sikandar Lodi, a renowned Muslim ruler of the Delhi Sultanate. Under his leadership, the erstwhile village that had been established prior to the Islamic conquests, which had reportedly suffered a decline in standing following the devastations wrought by Mahmud of Ghazni, was elevated to the status of a metropolitan city.","
Knowledge: Agra has two histories: one of the ancient city on the east, or left, bank of the river Yamuna, going back so far as to be lost in the legends of Krishna and Mahabharata and reestablished by Sikandar Lodhi in 1504-1505; the other of the modern city, founded by Akbar in 1558, on the right bank of the river which is associated with the Mughals, and known throughout the world as the city of the Taj.
Long Answer: Sultan Sikandar Lodī, the Muslim ruler of the Delhi Sultanate, shifted his capital to Agra in the year 1504. Before this, it was under the lordship of Bayana and was lost in the legends of Krishna and Mahabharata. The 17th century chronicler named Abdhullah said that the king of Mathura used the Agra fort as a jail.
Context: Masud Sa'd Salman claims to have been there when Mahmud assaulted Agra, claiming the Raja Japal surrendered after seeing a nightmare. Mahmud however proceeds to pillage the city. The history of the city before the Muslim conquerors is unclear. The 17th century chronicler named Abdhullah said it was a village before the reign of Sikandar Lodi. The king of Mathura had used the Agra fort as a jail. The degradation in the status of the site was a result of the destruction brought upon it by Mahmud of Ghazni. Sultan Sikandar Lodī, the Muslim ruler of the Delhi Sultanate, shifted his capital to Agra in the year 1504. Before this, it was under the lordship of Bayana. After the Sultan's death, the city passed on to his son, Sultan Ibrāhīm Lodī. He ruled his Sultanate from Agra until he fell fighting to Mughal Badshah Bābar in the First battle of Panipat fought in 1526.",0.2022949159145355,0.0030431888277992,0.0
E12567,567,38,simple,"['March 9, 2018', 'March 31, 2015', 'October 2, 2012']",When is three days grace new album coming out?,"
I have some bad news. Three Days Grace hasn't released a new album recently. Their last album was called ""Outsider"" and it came out in 2018. I couldn't find any information about a new album from the band.","
Knowledge: Three Days Grace is a Canadian rock band formed in Norwood, Ontario in 1997.
Knowledge: Currently signed to RCA Records, they have released six studio albums, each at three-year intervals: Three Days Grace in 2003, One-X in 2006, Life Starts Now in 2009, Transit of Venus in 2012, Human in 2015, and Outsider in 2018.
Knowledge: Human is the fifth studio album by Canadian rock band Three Days Grace. The album was released on March 31, 2015 through RCA Records.
Long Answer: Three Days Grace is a Canadian rock band formed in 1997. Currently signed to RCA Records, they have released six studio albums, each at three-year intervals: Three Days Grace in 2003, One-X in 2006, Life Starts Now in 2009, Transit of Venus in 2012, Human in 2015, and Outsider in 2018. Transit of Venus was released on October 2, 2012, Human was released on March 31, 2015, and Outsider was released on March 9, 2018.
Context: Outsider is the sixth studio album by Canadian rock band Three Days Grace. It was released on March 9, 2018 through RCA Records. The album was produced by two of the band's prior producers, Gavin Brown and Howard Benson but also by members of the band themselves. It is the second album to feature Matt Walst as lead vocalist.
Context: On June 5, 2012, the same day as Venus' visible transit across the sun, the band announced that their fourth studio album would be called ""Transit of Venus"" and released on October 2, 2012. They created an early promotional video on their website featuring clips of them in the studio as well as footage of the physical transit of Venus. Due to the rarity of this occurrence, they created the slogan, ""Some things will never happen again in your lifetime"", reflecting both this uncommon occurrence as well as the mood that the lyrics and music would most likely take on. The first single from the album, ""Chalk Outline"", was released on August 14.",0.1525387018918991,0.0,0.0
E13567,567,140,complex,"['March 9, 2018', 'March 31, 2015', 'October 2, 2012']",When is three days grace new album coming out?,"
A query regarding the forthcoming discography of the Canadian rock band Three Days Grace necessitates a discerning inquiry regarding the timeline of their upcoming album's release. Unfortunately, I must emphasize that my knowledge is current up to 2021, and I am unable to provide any information regarding the band's recent releases or upcoming albums beyond that point.

However, based on my existing knowledge, the most recent studio album by Three Days Grace, ""Outsider"", was released on March 9, 2018. Although there has been no official announcement regarding a new album, it is conceivable that the band may be working on a new project, albeit without any concrete confirmation.

In the absence of any verifiable information, I must caution that any speculation regarding the anticipated release date of a forthcoming album by Three Days Grace would be speculative and potentially inaccurate.","
Knowledge: Three Days Grace is a Canadian rock band formed in Norwood, Ontario in 1997.
Knowledge: Currently signed to RCA Records, they have released six studio albums, each at three-year intervals: Three Days Grace in 2003, One-X in 2006, Life Starts Now in 2009, Transit of Venus in 2012, Human in 2015, and Outsider in 2018.
Knowledge: Human is the fifth studio album by Canadian rock band Three Days Grace. The album was released on March 31, 2015 through RCA Records.
Long Answer: Three Days Grace is a Canadian rock band formed in 1997. Currently signed to RCA Records, they have released six studio albums, each at three-year intervals: Three Days Grace in 2003, One-X in 2006, Life Starts Now in 2009, Transit of Venus in 2012, Human in 2015, and Outsider in 2018. Transit of Venus was released on October 2, 2012, Human was released on March 31, 2015, and Outsider was released on March 9, 2018.
Context: Outsider is the sixth studio album by Canadian rock band Three Days Grace. It was released on March 9, 2018 through RCA Records. The album was produced by two of the band's prior producers, Gavin Brown and Howard Benson but also by members of the band themselves. It is the second album to feature Matt Walst as lead vocalist.
Context: On June 5, 2012, the same day as Venus' visible transit across the sun, the band announced that their fourth studio album would be called ""Transit of Venus"" and released on October 2, 2012. They created an early promotional video on their website featuring clips of them in the studio as well as footage of the physical transit of Venus. Due to the rarity of this occurrence, they created the slogan, ""Some things will never happen again in your lifetime"", reflecting both this uncommon occurrence as well as the mood that the lyrics and music would most likely take on. The first single from the album, ""Chalk Outline"", was released on August 14.",0.0172166116535663,0.0027153253648888,0.3333333333333333
E12568,568,10,simple,"['China', 'Russia']",Largest producer of mica in the world is?,"
The largest producer of mica in the world is China.","
Knowledge: Micas (/ˈmaɪ.kəz/ MY-kəz) are a group of minerals whose outstanding physical characteristic is that individual mica crystals can easily be split into extremely thin elastic plates. This characteristic is described as perfect basal cleavage.
Knowledge: Micas are used in a variety of products ranging from drywalls, paints, fillers, especially in parts for automobiles, roofing and shingles, electronics etc.
Long Answer: Individual mica crystals can easily be split into extremely thin elastic plates, which is called basal cleavage. They are used in drywall, paint, filler, automobile parts, roofing and shingles, and electronics. China is the largest producer of mica in the world and Russia is the largest producer of scrap and flake mica in the world.",0.5583432912826538,0.0,0.5
E13568,568,10,complex,"['China', 'Russia']",Largest producer of mica in the world is?,"
The largest producer of mica in the world is China.","
Knowledge: Micas (/ˈmaɪ.kəz/ MY-kəz) are a group of minerals whose outstanding physical characteristic is that individual mica crystals can easily be split into extremely thin elastic plates. This characteristic is described as perfect basal cleavage.
Knowledge: Micas are used in a variety of products ranging from drywalls, paints, fillers, especially in parts for automobiles, roofing and shingles, electronics etc.
Long Answer: Individual mica crystals can easily be split into extremely thin elastic plates, which is called basal cleavage. They are used in drywall, paint, filler, automobile parts, roofing and shingles, and electronics. China is the largest producer of mica in the world and Russia is the largest producer of scrap and flake mica in the world.",0.5583432912826538,0.0,0.5
E12569,569,15,simple,"['Albert King', ""Lighting' Slim"", 'Cream']",Who sang if it wasn't for bad luck?,"
The song is called ""Bad Luck"" not ""Bad Luck Blues"". Albert King sang ""Bad Luck"".","
Knowledge: Similar lyrics are found in Lightnin' Slim's 1954 swamp blues song ""Bad Luck Blues"":[5]
Long Answer: Born Under a Bad Sign is a blues song recorded by American blues singer and guitarist Albert King in 1967. Similar lyrics are found in Lighting' Slim's 1954 swamp blues song Bad Luck Blues. British rock group Cream recorded Born Under a Bad Sign for their third album, Wheels of Fire (1968). Cream's rendition follows Albert King's, except for bassist and singer Jack Bruce combining two verses into ""I've been down ever since I was ten"" and an extended guitar solo by Clapton.
Context: ""Born Under a Bad Sign"" is a blues song recorded by American blues singer and guitarist Albert King in 1967. Called ""a timeless staple of the blues"", the song also had strong crossover appeal to the rock audience with its synchronous bass and guitar lines and topical astrology reference. ""Born Under a Bad Sign"" became an R&B chart hit for King and numerous blues and other musicians have made it perhaps the most recorded Albert King song.
Context: British rock group Cream recorded ""Born Under a Bad Sign"" for their third album, ""Wheels of Fire"" (1968). The group's record company, which also distributed Stax records, requested that they record it, according to guitarist Eric Clapton. Cream's rendition follows Albert King's, except for bassist and singer Jack Bruce combining two verses into ""I've been down ever since I was ten"" and an extended guitar solo by Clapton. Musicologist Robert Palmer described Clapton's playing as ""practically Albert King parodies"".",0.2761874198913574,0.0279525559635875,0.3333333333333333
E13569,569,91,complex,"['Albert King', ""Lighting' Slim"", 'Cream']",Who sang if it wasn't for bad luck?,"
The query pertains to the enigmatic melody, ""Who Sang 'If It Wasn't for Bad Luck'. In this instance, it is essential to elucidate that the renowned blues artist, Albert King, recorded the song ""Bad Luck"" in 1967, which serves as the foundation for the query. Consequently, if we must rephrase the question, it is more accurate to ask, ""Who Sang 'If It Wasn't for Bad Luck', a melodic tribute to Albert King's seminal composition. In this context, it is apparent that Albert King himself sang ""If It Wasn't for Bad Luck"".","
Knowledge: Similar lyrics are found in Lightnin' Slim's 1954 swamp blues song ""Bad Luck Blues"":[5]
Long Answer: Born Under a Bad Sign is a blues song recorded by American blues singer and guitarist Albert King in 1967. Similar lyrics are found in Lighting' Slim's 1954 swamp blues song Bad Luck Blues. British rock group Cream recorded Born Under a Bad Sign for their third album, Wheels of Fire (1968). Cream's rendition follows Albert King's, except for bassist and singer Jack Bruce combining two verses into ""I've been down ever since I was ten"" and an extended guitar solo by Clapton.
Context: ""Born Under a Bad Sign"" is a blues song recorded by American blues singer and guitarist Albert King in 1967. Called ""a timeless staple of the blues"", the song also had strong crossover appeal to the rock audience with its synchronous bass and guitar lines and topical astrology reference. ""Born Under a Bad Sign"" became an R&B chart hit for King and numerous blues and other musicians have made it perhaps the most recorded Albert King song.
Context: British rock group Cream recorded ""Born Under a Bad Sign"" for their third album, ""Wheels of Fire"" (1968). The group's record company, which also distributed Stax records, requested that they record it, according to guitarist Eric Clapton. Cream's rendition follows Albert King's, except for bassist and singer Jack Bruce combining two verses into ""I've been down ever since I was ten"" and an extended guitar solo by Clapton. Musicologist Robert Palmer described Clapton's playing as ""practically Albert King parodies"".",-0.0259280335158109,0.004202119065096,0.3333333333333333
E12570,570,17,simple,"['1981', 'October 28, 1981']",When was the last time the dodgers and the yankees played in the world series?,"
The Dodgers and Yankees played in the World Series a long time ago, on October 28, 1981.","
Knowledge: The Dodgers–Yankees rivalry is a Major League Baseball (MLB) rivalry between the Los Angeles Dodgers and the New York Yankees.
Knowledge: The rivalry between the Dodgers and Yankees is one of the most well-known rivalries in Major League Baseball.[1] The two teams have met 11 times in the World Series, more times than any other pair of teams from the American and National leagues.[1]
Long Answer: The Dodgers–Yankees rivalry is a Major League Baseball (MLB) rivalry between the Los Angeles Dodgers and the New York Yankees. The rivalry between the Dodgers and Yankees is one of the most well-known rivalries in Major League Baseball. The two teams have met 11 times in the World Series, more times than any other pair of teams from the American and National leagues. The last game where the Dodgers and Yankees played in the World Series was held on October 28, 1981.",0.4151701033115387,0.0243254256985142,1.0
E13570,570,33,complex,"['1981', 'October 28, 1981']",When was the last time the dodgers and the yankees played in the world series?,"
The most recent instance of a World Series confrontation between the Los Angeles Dodgers and the New York Yankees was precipitated by their engagement in 1981, specifically on October 28 of that annum.","
Knowledge: The Dodgers–Yankees rivalry is a Major League Baseball (MLB) rivalry between the Los Angeles Dodgers and the New York Yankees.
Knowledge: The rivalry between the Dodgers and Yankees is one of the most well-known rivalries in Major League Baseball.[1] The two teams have met 11 times in the World Series, more times than any other pair of teams from the American and National leagues.[1]
Long Answer: The Dodgers–Yankees rivalry is a Major League Baseball (MLB) rivalry between the Los Angeles Dodgers and the New York Yankees. The rivalry between the Dodgers and Yankees is one of the most well-known rivalries in Major League Baseball. The two teams have met 11 times in the World Series, more times than any other pair of teams from the American and National leagues. The last game where the Dodgers and Yankees played in the World Series was held on October 28, 1981.",0.2425009608268737,0.0056488921519602,0.5
E12571,571,17,simple,"['March 24, 1947', 'February 27, 1951']",When did they limit president to 2 terms?,"
The United States government decided to limit a president to two terms, or four years, in 1951.","
Knowledge: The Twenty-second Amendment (Amendment XXII) to the United States Constitution limits the number of times a person is eligible for election to the office of President of the United States to two, and sets additional eligibility conditions for presidents who succeed to the unexpired terms of their predecessors.[1]
Long Answer: In the 1940 presidential election and the 1944 presidential election, Franklin D. Roosevelt became the first president to win a third term and then later a fourth term, giving rise to concerns about the potential issues involved with a president serving an unlimited number of terms. Congress approved the Twenty-second Amendment, which limits the number of times a person is eligible for the US Presidential election to two, on March 24, 1947, and submitted it to the state legislatures for ratification. That process was completed on February 27, 1951.
Context: Prior to the ratification of the amendment, the president had not been subject to term limits, but George Washington had established a two-term tradition that many other presidents had followed. In the 1940 presidential election and the 1944 presidential election, Franklin D. Roosevelt became the first president to win a third term and then later a fourth term, giving rise to concerns about the potential issues involved with a president serving an unlimited number of terms. Congress approved the Twenty-second Amendment on March 24, 1947, and submitted it to the state legislatures for ratification. That process was completed on February 27, 1951, after the amendment had been ratified by the requisite 36 of the then-48 states (as neither Alaska nor Hawaii had been admitted as states), and its provisions came into force on that date.",0.3499794602394104,0.0,0.0
E13571,571,77,complex,"['March 24, 1947', 'February 27, 1951']",When did they limit president to 2 terms?,"
The Twentieth Amendment to the United States Constitution, specifically Section 2, Article II, which is the Twenty-second Amendment, established the two-term precedent for the presidency, thereby imposing a temporal restriction on a president's tenure. The constitutional provision, ratified on February 27, 1951, after undergoing a ratification process initiated by Congress on March 24, 1947, effectively capped the number of times an individual may be elected to the office of the President of the United States at two.","
Knowledge: The Twenty-second Amendment (Amendment XXII) to the United States Constitution limits the number of times a person is eligible for election to the office of President of the United States to two, and sets additional eligibility conditions for presidents who succeed to the unexpired terms of their predecessors.[1]
Long Answer: In the 1940 presidential election and the 1944 presidential election, Franklin D. Roosevelt became the first president to win a third term and then later a fourth term, giving rise to concerns about the potential issues involved with a president serving an unlimited number of terms. Congress approved the Twenty-second Amendment, which limits the number of times a person is eligible for the US Presidential election to two, on March 24, 1947, and submitted it to the state legislatures for ratification. That process was completed on February 27, 1951.
Context: Prior to the ratification of the amendment, the president had not been subject to term limits, but George Washington had established a two-term tradition that many other presidents had followed. In the 1940 presidential election and the 1944 presidential election, Franklin D. Roosevelt became the first president to win a third term and then later a fourth term, giving rise to concerns about the potential issues involved with a president serving an unlimited number of terms. Congress approved the Twenty-second Amendment on March 24, 1947, and submitted it to the state legislatures for ratification. That process was completed on February 27, 1951, after the amendment had been ratified by the requisite 36 of the then-48 states (as neither Alaska nor Hawaii had been admitted as states), and its provisions came into force on that date.",0.3205075860023498,0.0070448730525989,1.0
E12572,572,6,simple,"['captain', 'the captain', 'Edward Murphy']",Who is the injured man in the open boat?,"
The injured man is the captain.","
Knowledge: ""The Open Boat"" is a short story by American author Stephen Crane (1871–1900). First published in 1897, it was based on Crane's experience of surviving a shipwreck off the coast of Florida earlier that year while traveling to Cuba to work as a newspaper correspondent.
Knowledge: Crane was stranded at sea for thirty hours when his ship, the SS Commodore, sank after hitting a sandbar. He and three other men were forced to navigate their way to shore in a small boat; one of the men, an oiler named Billie Higgins, drowned after the boat overturned.
Knowledge: Crane was one of the last to leave the ship in a 10-foot (3.0 m) dinghy. He and three other men (including the captain, Edward Murphy) floundered off the coast of Florida for a day and a half before attempting to land their craft at Daytona Beach.
Long Answer: ""The Open Boat"" is a short story by American author Stephen Crane, which was based on Crane's experience of surviving a shipwreck. In the story, the captain is the injured man, who was based on Edward Murphy, the captain of the SS Commodore.
Context: ""The Open Boat"" is divided into seven sections, each told mainly from the point of view of the correspondent, based upon Crane himself. The first part introduces the four characters—""the correspondent"", a condescending observer detached from the rest of the group; ""the captain"", who is injured and morose at having lost his ship, yet capable of leadership; ""the cook"", fat and comical, but optimistic that they will be rescued; and ""the oiler"", Billie, who is physically the strongest, and the only one in the story referred to by name. The four are survivors of a shipwreck, which occurred before the beginning of the story, and are drifting at sea in a small dinghy.",0.2394576668739318,0.0408248290463863,0.6666666666666666
E13572,572,40,complex,"['captain', 'the captain', 'Edward Murphy']",Who is the injured man in the open boat?,"
The injured individual in Stephen Crane's ""The Open Boat"" is the captain, a pivotal character whose circumstances serve as a foil to the correspondent's observations, highlighting the complexities of leadership, human psychology, and the precarious nature of survival at sea.","
Knowledge: ""The Open Boat"" is a short story by American author Stephen Crane (1871–1900). First published in 1897, it was based on Crane's experience of surviving a shipwreck off the coast of Florida earlier that year while traveling to Cuba to work as a newspaper correspondent.
Knowledge: Crane was stranded at sea for thirty hours when his ship, the SS Commodore, sank after hitting a sandbar. He and three other men were forced to navigate their way to shore in a small boat; one of the men, an oiler named Billie Higgins, drowned after the boat overturned.
Knowledge: Crane was one of the last to leave the ship in a 10-foot (3.0 m) dinghy. He and three other men (including the captain, Edward Murphy) floundered off the coast of Florida for a day and a half before attempting to land their craft at Daytona Beach.
Long Answer: ""The Open Boat"" is a short story by American author Stephen Crane, which was based on Crane's experience of surviving a shipwreck. In the story, the captain is the injured man, who was based on Edward Murphy, the captain of the SS Commodore.
Context: ""The Open Boat"" is divided into seven sections, each told mainly from the point of view of the correspondent, based upon Crane himself. The first part introduces the four characters—""the correspondent"", a condescending observer detached from the rest of the group; ""the captain"", who is injured and morose at having lost his ship, yet capable of leadership; ""the cook"", fat and comical, but optimistic that they will be rescued; and ""the oiler"", Billie, who is physically the strongest, and the only one in the story referred to by name. The four are survivors of a shipwreck, which occurred before the beginning of the story, and are drifting at sea in a small dinghy.",0.172391802072525,0.0046208569092302,0.6666666666666666
E12573,573,18,simple,"['Nevada City, California', 'Nevada City', 'Park City', 'Park City, Utah']",Where was the movie the christmas card filmed at?,"
The movie ""The Christmas Card"" was filmed in two places.

1. Nevada City, California
2. Park City, Utah","
Knowledge: In the midst of war in Afghanistan, U.S. Army Sergeant Cody Cullen (John Newton) is given a Christmas card from a fellow soldier who had received it from his hometown, Nevada City, California.
Knowledge: Just as he is about to leave town, Cody runs into Faith at a local luncheonette, where they happened to have placed identical orders.
Knowledge: Complicating matters, Cody has fallen in love with Faith and despite her attempts to ignore the feeling, they end up sharing a kiss.
Long Answer: The Christmas Card is a Hallmark Channel original film released on December 2, 2006. It was filmed on location in Nevada City, California and in Park City, Utah. In the movie, U.S. Army Sergeant Cody Cullen falls in love with a Faith, who he meets at a at a local luncheonette.
Context: The Christmas Card is a Hallmark Channel original film written by Joany Kane and directed by Stephen Bridgewater. It was filmed on location in Nevada City, California and in Park City, Utah, and was released on December 2, 2006.",0.2488132566213607,0.0859076483566362,1.0
E13573,573,41,complex,"['Nevada City, California', 'Nevada City', 'Park City', 'Park City, Utah']",Where was the movie the christmas card filmed at?,"
The cinematic production of ""The Christmas Card"" was primarily facilitated in two locales: Nevada City, California, and Park City, Utah. Specifically, the film's production team utilized the scenic settings of these two locations to create a picturesque backdrop for the narrative.","
Knowledge: In the midst of war in Afghanistan, U.S. Army Sergeant Cody Cullen (John Newton) is given a Christmas card from a fellow soldier who had received it from his hometown, Nevada City, California.
Knowledge: Just as he is about to leave town, Cody runs into Faith at a local luncheonette, where they happened to have placed identical orders.
Knowledge: Complicating matters, Cody has fallen in love with Faith and despite her attempts to ignore the feeling, they end up sharing a kiss.
Long Answer: The Christmas Card is a Hallmark Channel original film released on December 2, 2006. It was filmed on location in Nevada City, California and in Park City, Utah. In the movie, U.S. Army Sergeant Cody Cullen falls in love with a Faith, who he meets at a at a local luncheonette.
Context: The Christmas Card is a Hallmark Channel original film written by Joany Kane and directed by Stephen Bridgewater. It was filmed on location in Nevada City, California and in Park City, Utah, and was released on December 2, 2006.",0.183348461985588,0.0125347246907176,1.0
E12574,574,32,simple,"['December 8, 2017', 'April 10, 2018', 'August 9, 2017', 'December 19, 2017', 'April 7, 2017', 'August 1, 2017']",When do new issues of attack on titan come out?,"
New issues of Attack on Titan come out in two parts:

- In Japan: The new issues come out every month.
- In the US: New issues come out every two months.","
Knowledge: Attack on Titan is a Japanese manga series written and illustrated by Hajime Isayama. Set in a world where humanity lives inside cities surrounded by enormous walls due to the Titans, gigantic humanoid creatures who devour humans seemingly without reason, the story centers around Eren Yeager, his childhood friends, Mikasa Ackerman and Armin Arlert, whose lives are changed forever after the appearance of a Colossus Titan brings about the destruction of their home town and the death of Eren's mother. Vowing revenge and to reclaim the world from the Titans, Eren, Mikasa and Armin join the Survey Corps, an elite group of soldiers who fight Titans outside the walls.
Long Answer: Attack on Titan is a Japanese manga series set in a world where Titans devour humans seemingly without reason. The story centers around Eren Yeager and his friends reclaiming the world from the Titans. Issue 22 of Attack on Titan came out in Japan on April 7, 2017 and in the US on August 1, 2017. Issue 23 of Attack on Titan came out in Japan on August 9, 2017 and in the US on December 19, 2017. Issue 24 of Attack on Titan came out in Japan on December 8, 2017 and in the US on April 10, 2018.",0.0359094180166721,0.0,0.0
E13574,574,153,complex,"['December 8, 2017', 'April 10, 2018', 'August 9, 2017', 'December 19, 2017', 'April 7, 2017', 'August 1, 2017']",When do new issues of attack on titan come out?,"
A question that precipitates an inquiry into the periodicity of publication within the Attack on Titan series. In compliance with the editorial schedules of the Japanese publisher, Kodansha, new issues of Attack on Titan are typically released in a bi-weekly cadence. Specifically, the Japanese editions of the series are released on the 8th and 22nd of every month, whereas the international editions, predominantly published by Kodansha USA, are typically released on the 7th of each month, commencing on the first issue of the month.

Notably, the aforementioned publication schedule may be subject to minor variations, yet the prevailing pattern of bi-weekly releases remains a defining characteristic of the series' publishing regimen. As an aficionado of the Attack on Titan franchise, one can anticipate the forthcoming issues within the next month, as the release dates tend to align with the first and third days of each month, yielding a consistent, almost predictable, publishing cadence.","
Knowledge: Attack on Titan is a Japanese manga series written and illustrated by Hajime Isayama. Set in a world where humanity lives inside cities surrounded by enormous walls due to the Titans, gigantic humanoid creatures who devour humans seemingly without reason, the story centers around Eren Yeager, his childhood friends, Mikasa Ackerman and Armin Arlert, whose lives are changed forever after the appearance of a Colossus Titan brings about the destruction of their home town and the death of Eren's mother. Vowing revenge and to reclaim the world from the Titans, Eren, Mikasa and Armin join the Survey Corps, an elite group of soldiers who fight Titans outside the walls.
Long Answer: Attack on Titan is a Japanese manga series set in a world where Titans devour humans seemingly without reason. The story centers around Eren Yeager and his friends reclaiming the world from the Titans. Issue 22 of Attack on Titan came out in Japan on April 7, 2017 and in the US on August 1, 2017. Issue 23 of Attack on Titan came out in Japan on August 9, 2017 and in the US on December 19, 2017. Issue 24 of Attack on Titan came out in Japan on December 8, 2017 and in the US on April 10, 2018.",-0.0904048085212707,0.0,0.0
E12575,575,16,simple,"['Rita Moreno', 'Nanette Fabray']",Who played the grandmother on one day at a time?,"
In the TV show ""One Day at a Time,"" the grandmother was played by Nanette Fabray.","
Knowledge: One Day at a Time is an American television sitcom that aired on CBS from December 16, 1975, to May 28, 1984. It starred Bonnie Franklin as a divorced mother raising two teenage daughters, played by Mackenzie Phillips and Valerie Bertinelli, in Indianapolis.
Knowledge: Gloria Calderon Kellett and Mike Royce developed a new version of the series, with a Latino cast, for Netflix, beginning in 2017.
Long Answer: One Day at a Time is an American television sitcom that aired on CBS from 1975 to 1984. It starred Bonnie Franklin as a divorced mother raising two teenage daughters, played by Mackenzie Phillips and Valerie Bertinelli, in Indianapolis. The grandmother role was played by Nanette Fabray. Gloria Calderon Kellett and Mike Royce developed a new version of the series, with a Latino cast, for Netflix, beginning in 2017. The grandmother role in this remake was played by Rita Moreno.
Context: Rita Moreno was the first actor announced to star in the series as a Cuban-American grandmother. She later revealed that she accepted the offer to portray the role on the condition that her character is ""sexual."" In February 2016, it was reported that Justina Machado had been cast as Penelope, Moreno's character's daughter. The castings of Stephen Tobolowsky as Dr. Berkowitz, Penelope's boss, and Todd Grinnell as Schneider, a superintendent, were subsequently announced.
Context: Michael Lembeck joined the series as Julie's husband, Max, in the fifth season, but he was written out as a consequence of Phillips' firing (but later returned in season seven along with Philips). A steady stream of regulars was added in the ensuing seasons, including Ron Rifkin as Ann's boyfriend, Nick; Glenn Scarpelli as Nick's son, Alex; and Boyd Gaines as Barbara's boyfriend, later husband, Mark. Shelley Fabares, who had previously guest-starred as Ann's rival co-worker Francine Webster, appeared more frequently, eventually becoming a regular. Nanette Fabray, who played Ann's mother, also made more frequent appearances before becoming a regular cast member in the final season. Howard Hesseman joined the series for a short time as Mark's father, Sam, who would become Ann's second husband.",0.3612304627895355,0.0123006862884637,0.5
E13575,575,42,complex,"['Rita Moreno', 'Nanette Fabray']",Who played the grandmother on one day at a time?,"
The character of the grandmother, affectionately referred to as ""Abuela"" in some capacities, on the televisual program ""One Day at a Time"" was portrayed by the veteran actress Nanette Fabray, whose nuanced and endearing performance brought depth and warmth to the role.","
Knowledge: One Day at a Time is an American television sitcom that aired on CBS from December 16, 1975, to May 28, 1984. It starred Bonnie Franklin as a divorced mother raising two teenage daughters, played by Mackenzie Phillips and Valerie Bertinelli, in Indianapolis.
Knowledge: Gloria Calderon Kellett and Mike Royce developed a new version of the series, with a Latino cast, for Netflix, beginning in 2017.
Long Answer: One Day at a Time is an American television sitcom that aired on CBS from 1975 to 1984. It starred Bonnie Franklin as a divorced mother raising two teenage daughters, played by Mackenzie Phillips and Valerie Bertinelli, in Indianapolis. The grandmother role was played by Nanette Fabray. Gloria Calderon Kellett and Mike Royce developed a new version of the series, with a Latino cast, for Netflix, beginning in 2017. The grandmother role in this remake was played by Rita Moreno.
Context: Rita Moreno was the first actor announced to star in the series as a Cuban-American grandmother. She later revealed that she accepted the offer to portray the role on the condition that her character is ""sexual."" In February 2016, it was reported that Justina Machado had been cast as Penelope, Moreno's character's daughter. The castings of Stephen Tobolowsky as Dr. Berkowitz, Penelope's boss, and Todd Grinnell as Schneider, a superintendent, were subsequently announced.
Context: Michael Lembeck joined the series as Julie's husband, Max, in the fifth season, but he was written out as a consequence of Phillips' firing (but later returned in season seven along with Philips). A steady stream of regulars was added in the ensuing seasons, including Ron Rifkin as Ann's boyfriend, Nick; Glenn Scarpelli as Nick's son, Alex; and Boyd Gaines as Barbara's boyfriend, later husband, Mark. Shelley Fabares, who had previously guest-starred as Ann's rival co-worker Francine Webster, appeared more frequently, eventually becoming a regular. Nanette Fabray, who played Ann's mother, also made more frequent appearances before becoming a regular cast member in the final season. Howard Hesseman joined the series for a short time as Mark's father, Sam, who would become Ann's second husband.",0.0848774760961532,0.0043924877969916,0.5
E12576,576,13,simple,"['2 to 4 grams', '5 to 10 grams of sugar']",How much sugar in a packet of sugar?,"
There are 2 to 4 grams of sugar in a packet of sugar.","
Knowledge: A sugar packet is a delivery method for one serving of sugar or other sweetener. Sugar packets are commonly supplied in restaurants, coffeehouses, and tea houses, where they are preferred to sugar bowls or sugar dispensers for reasons of neatness, sanitation, spill control, and to some extent portion control.
Long Answer: A sugar packet is a delivery method for one serving of sugar or other sweetener. Sugar packets are commonly supplied in restaurants, coffeehouses, and tea houses. A typical sugar packet in the United States contains 2 to 4 grams of sugar. Some sugar packets in countries such as Poland contain 5 to 10 grams of sugar. Sugar packet sizes, shapes, and weights differ by brand, region, and other factors.
Context: A typical sugar packet in the United States contains 2 to 4 grams of sugar. Some sugar packets in countries such as Poland contain 5 to 10 grams of sugar. Sugar packet sizes, shapes, and weights differ by brand, region, and other factors. Because a gram of any carbohydrate contains 4 nutritional calories (also referred to as ""food calories"" or kilo-calories), a typical four gram sugar packet has 16 nutritional calories.",0.3254862427711487,0.2691109110344472,0.5
E13576,576,84,complex,"['2 to 4 grams', '5 to 10 grams of sugar']",How much sugar in a packet of sugar?,"
The amount of sugar contained within a standard sugar packet is typically quantified in terms of grams, with a typical serving size falling within the range of 2 to 4 grams, as exemplified by the most prevalent sugar packets utilized in restaurants, coffeehouses, and tea houses in the United States. Conversely, sugar packets found in certain foreign locales, such as Poland, may comprise 5 to 10 grams of sugar, which underscores the variability in size, shape, and weight amongst different brands, regions, and nationalities.","
Knowledge: A sugar packet is a delivery method for one serving of sugar or other sweetener. Sugar packets are commonly supplied in restaurants, coffeehouses, and tea houses, where they are preferred to sugar bowls or sugar dispensers for reasons of neatness, sanitation, spill control, and to some extent portion control.
Long Answer: A sugar packet is a delivery method for one serving of sugar or other sweetener. Sugar packets are commonly supplied in restaurants, coffeehouses, and tea houses. A typical sugar packet in the United States contains 2 to 4 grams of sugar. Some sugar packets in countries such as Poland contain 5 to 10 grams of sugar. Sugar packet sizes, shapes, and weights differ by brand, region, and other factors.
Context: A typical sugar packet in the United States contains 2 to 4 grams of sugar. Some sugar packets in countries such as Poland contain 5 to 10 grams of sugar. Sugar packet sizes, shapes, and weights differ by brand, region, and other factors. Because a gram of any carbohydrate contains 4 nutritional calories (also referred to as ""food calories"" or kilo-calories), a typical four gram sugar packet has 16 nutritional calories.",0.2632865607738495,0.0557706159574123,1.0
E12577,577,28,simple,"['1973', '1998', '2004']",When did the song wagon wheel come out?,"
The song ""Wagon Wheel"" was first released on an old, unofficial recording in 1973. But a new version of it was released on a bigger record in 2004.","
Knowledge: ""Wagon Wheel"" is a song co-written by Bob Dylan and Ketch Secor of Old Crow Medicine Show.
Knowledge: The song has become extremely popular since its inclusion on Old Crow Medicine Show's major label debut, O.C.M.S. in 2004; it was released as its lead single two weeks prior to the album's release, although the song also appeared in an earlier form on the now out-of-print EP Troubles Up and Down the Road in 2001.
Long Answer: Wagon Wheel is a song co-written by Bob Dylan and Ketch Secor of Old Crow Medicine Show. The chorus and melody for the song come from a demo recorded by Bob Dylan during the ""Pat Garrett and Billy the Kid"" sessions in February 1973. Ketch Secor added verses to the song in 1998 and the finished version of the song came out on Old Crow Medicine Show's major label debut, O.C.M.S. in 2004.
Context: ""Wagon Wheel"" is composed of two different parts. The chorus and melody for the song come from a demo recorded by Bob Dylan during the ""Pat Garrett and Billy the Kid"" sessions in February 1973. Although never officially released, the Dylan song was released on a bootleg recording, usually named after the chorus and its refrain, ""Rock Me Mama"". Dylan left the song an unfinished sketch.",0.3637116551399231,0.0,0.6666666666666666
E13577,577,165,complex,"['1973', '1998', '2004']",When did the song wagon wheel come out?,"
The song ""Wagon Wheel,"" a melodic effusion co-authored by the venerable Bob Dylan and Ketch Secor of Old Crow Medicine Show, emerged in a distinctly bifurcated form. The chorus and melodic motif of the song originate from a demo recording made by Dylan during the ""Pat Garrett and Billy the Kid"" sessions in February 1973. This initial iteration, however, remained unedited and unfinished, culminating in a song titled ""Rock Me Mama"" on a bootleg recording, which is colloquially associated with the chorus and refrain of ""Wagon Wheel.""

Subsequent to its development, Ketch Secor of Old Crow Medicine Show introduced additional verses to the song, ultimately rendering the composition into its present form. The polished, commercially viable version of ""Wagon Wheel"" was formally released as part of Old Crow Medicine Show's major label debut, ""O.C.M.S."" in 2004. In effect, this marks the song's debut in its modern, widely recognized form, as it was initially introduced two weeks prior to the album's release as a lead single.","
Knowledge: ""Wagon Wheel"" is a song co-written by Bob Dylan and Ketch Secor of Old Crow Medicine Show.
Knowledge: The song has become extremely popular since its inclusion on Old Crow Medicine Show's major label debut, O.C.M.S. in 2004; it was released as its lead single two weeks prior to the album's release, although the song also appeared in an earlier form on the now out-of-print EP Troubles Up and Down the Road in 2001.
Long Answer: Wagon Wheel is a song co-written by Bob Dylan and Ketch Secor of Old Crow Medicine Show. The chorus and melody for the song come from a demo recorded by Bob Dylan during the ""Pat Garrett and Billy the Kid"" sessions in February 1973. Ketch Secor added verses to the song in 1998 and the finished version of the song came out on Old Crow Medicine Show's major label debut, O.C.M.S. in 2004.
Context: ""Wagon Wheel"" is composed of two different parts. The chorus and melody for the song come from a demo recorded by Bob Dylan during the ""Pat Garrett and Billy the Kid"" sessions in February 1973. Although never officially released, the Dylan song was released on a bootleg recording, usually named after the chorus and its refrain, ""Rock Me Mama"". Dylan left the song an unfinished sketch.",0.3460489511489868,0.0,0.6666666666666666
E12578,578,11,simple,"['Virginia', 'Virginia']",What state was the battle of fredericksburg fought in?,"
The Battle of Fredericksburg was fought in the state of Virginia.","
Knowledge: When he learned of the Confederate defeat, Lee started moving two divisions east to stop Sedgwick.
Long Answer: The Battle of Fredericksburg was fought December 11–15, 1862, in and around Fredericksburg, Virginia. It is remembered as one of the most one-sided battles of the war, with Union casualties more than twice as heavy as those suffered by the Confederates. The Second Battle of Fredericksburg, also known as the Second Battle of Marye's Heights, took place on May 3, 1863, in Fredericksburg, Virginia, as part of the Chancellorsville Campaign of the American Civil War. In The Second Battle of Fredericksburg, the Confederates were defeated.
Context: The Battle of Fredericksburg was fought December 11–15, 1862, in and around Fredericksburg, Virginia, in the Eastern Theater of the American Civil War. The combat, between the Union Army of the Potomac commanded by Maj. Gen. Ambrose E. Burnside and the Confederate Army of Northern Virginia under General Robert E. Lee, was part of the Union Army's futile frontal attacks on December 13 against entrenched Confederate defenders on the heights behind the city. It is remembered as one of the most one-sided battles of the war, with Union casualties more than twice as heavy as those suffered by the Confederates. A visitor to the battlefield described the battle to U.S. President Abraham Lincoln as a ""butchery"".
Context: The Second Battle of Fredericksburg, also known as the Second Battle of Marye's Heights, took place on May 3, 1863, in Fredericksburg, Virginia, as part of the Chancellorsville Campaign of the American Civil War.",0.3910161256790161,0.0,1.0
E13578,578,37,complex,"['Virginia', 'Virginia']",What state was the battle of fredericksburg fought in?,"
The Battle of Fredericksburg, a pivotal conflict during the American Civil War, was situated within the borders of the Commonwealth of Virginia, specifically within the Fredericksburg area, which is located in the eastern part of the state.","
Knowledge: When he learned of the Confederate defeat, Lee started moving two divisions east to stop Sedgwick.
Long Answer: The Battle of Fredericksburg was fought December 11–15, 1862, in and around Fredericksburg, Virginia. It is remembered as one of the most one-sided battles of the war, with Union casualties more than twice as heavy as those suffered by the Confederates. The Second Battle of Fredericksburg, also known as the Second Battle of Marye's Heights, took place on May 3, 1863, in Fredericksburg, Virginia, as part of the Chancellorsville Campaign of the American Civil War. In The Second Battle of Fredericksburg, the Confederates were defeated.
Context: The Battle of Fredericksburg was fought December 11–15, 1862, in and around Fredericksburg, Virginia, in the Eastern Theater of the American Civil War. The combat, between the Union Army of the Potomac commanded by Maj. Gen. Ambrose E. Burnside and the Confederate Army of Northern Virginia under General Robert E. Lee, was part of the Union Army's futile frontal attacks on December 13 against entrenched Confederate defenders on the heights behind the city. It is remembered as one of the most one-sided battles of the war, with Union casualties more than twice as heavy as those suffered by the Confederates. A visitor to the battlefield described the battle to U.S. President Abraham Lincoln as a ""butchery"".
Context: The Second Battle of Fredericksburg, also known as the Second Battle of Marye's Heights, took place on May 3, 1863, in Fredericksburg, Virginia, as part of the Chancellorsville Campaign of the American Civil War.",0.2545938789844513,0.0,1.0
E12579,579,20,simple,"['3', 'season 3', 'season 3 episode 1', 'episode 20', '""Seed""']",When do they find the prison in walking dead?,"
The group of survivors, led by Rick Grimes, finds the prison in Season 3, Episode 1 of The Walking Dead.","
Knowledge: The third season of The Walking Dead, an American post-apocalyptic horror television series on AMC, premiered on October 14, 2012, and concluded on March 31, 2013, consisting of 16 episodes.
Knowledge: Set eight months after the killing of Shane Walsh and onslaught of the Greene Family Farm, with the world growing increasingly more dangerous and Lori's (Sarah Wayne Callies) pregnancy advancing, the season continues the story of Rick Grimes, who has assumed a dictatorial-like leadership over his group of survivors as they survive in a post-apocalyptic world infested with flesh-eating zombies, dubbed ""walkers"". After discovering a potential safe haven, the group takes refuge and inhabits a large fortified prison, but this security is threatened by a nearby community — Woodbury — led by a nefarious man known as The Governor, who takes an interest in Andrea (Laurie Holden) as she remains, after the burning of the farm, separated and unaware of the main group's status.
Long Answer: The Walking Dead is an American post-apocalyptic horror television series on AMC. The third season premiered on October 14, 2012, and concluded on March 31, 2013, consisting of 16 episodes. In this season, the group of survivors led by Rick Grimes takes refuge and inhabits a large fortified prison. They find the prison in season 3 episode 1.",0.4942001104354858,0.0096299436141881,0.4
E13579,579,66,complex,"['3', 'season 3', 'season 3 episode 1', 'episode 20', '""Seed""']",When do they find the prison in walking dead?,"
In the third season of The Walking Dead, the group of survivors, led by the indefatigable Rick Grimes, discovers the prison in episode 1, which serves as a fortified refuge, affording them a semblance of security in their post-apocalyptic existence. Specifically, the fateful episode occurs on October 21, 2012, thus marking the commencement of their respite from the numerous perils that have beset them thus far.","
Knowledge: The third season of The Walking Dead, an American post-apocalyptic horror television series on AMC, premiered on October 14, 2012, and concluded on March 31, 2013, consisting of 16 episodes.
Knowledge: Set eight months after the killing of Shane Walsh and onslaught of the Greene Family Farm, with the world growing increasingly more dangerous and Lori's (Sarah Wayne Callies) pregnancy advancing, the season continues the story of Rick Grimes, who has assumed a dictatorial-like leadership over his group of survivors as they survive in a post-apocalyptic world infested with flesh-eating zombies, dubbed ""walkers"". After discovering a potential safe haven, the group takes refuge and inhabits a large fortified prison, but this security is threatened by a nearby community — Woodbury — led by a nefarious man known as The Governor, who takes an interest in Andrea (Laurie Holden) as she remains, after the burning of the farm, separated and unaware of the main group's status.
Long Answer: The Walking Dead is an American post-apocalyptic horror television series on AMC. The third season premiered on October 14, 2012, and concluded on March 31, 2013, consisting of 16 episodes. In this season, the group of survivors led by Rick Grimes takes refuge and inhabits a large fortified prison. They find the prison in season 3 episode 1.",0.2230610400438308,0.0032791633018592,0.0
E12580,580,36,simple,"['Johannes factotum', 'Essays and Characters of a Prison', 'Geffray Mynshul']",Where did jack of all trades come from?,"
""Jack of all trades"" comes from a saying that means someone who does many things, but not very well. It comes from a book written by a man named Geffray Mynshul. He wrote it in 1618.","
Knowledge: ""Jack of all trades, master of none"" is a figure of speech used in reference to a person who has dabbled in many skills, rather than gaining expertise by focusing on one.
Knowledge: In 1612, the English-language version of the phrase appeared in the book ""Essays and Characters of a Prison"" by English writer Geffray Mynshul (Minshull),[5] originally published in 1618,[6] and probably based on the author's experience while held at Gray's Inn, London, when imprisoned for debt.
Long Answer: ""Jack of all trades, master of none"" is a figure of speech used in reference to a person who has dabbled in many skills, rather than gaining expertise by focusing on one. In Elizabethan English the quasi-New Latin term Johannes factotum (""Johnny do-it-all"") was sometimes used, with the same negative connotation that ""Jack of all trades"" sometimes has today. In 1612, the English-language version of the phrase appeared in the book ""Essays and Characters of a Prison"" by English writer Geffray Mynshul, originally published in 1618, and probably based on the author's experience while held at Gray's Inn, London, when imprisoned for debt.
Context: In Elizabethan English the quasi-New Latin term Johannes factotum (""Johnny do-it-all"") was sometimes used, with the same negative connotation that ""Jack of all trades"" sometimes has today. The term was famously used by Robert Greene in his 1592 booklet ""Greene's Groats-Worth of Wit,"" in which he dismissively refers to actor-turned-playwright William Shakespeare with this term, the first published mention of the writer.",0.3283342719078064,0.0067871815015683,0.3333333333333333
E13580,580,258,complex,"['Johannes factotum', 'Essays and Characters of a Prison', 'Geffray Mynshul']",Where did jack of all trades come from?,"
The phrase ""Jack of all trades, master of none"" is a perspicacious and multifaceted expression that has undergone a labyrinthine evolution, with its genesis situated in the early 17th century. The earliest recorded manifestation of this phrase in English appears in the 1612 publication ""Essays and Characters of a Prison"" by the English writer Geffray Mynshul, who was an inmate at Gray's Inn, London, at the time. Mynshul's own experiences as a prisoner likely served as the catalyst for the creation of this phrase, which was likely an aperçu of the perceived inadequacies of individuals who dabble in numerous vocations, rather than achieving mastery in any one particular area.

The phrase's precursors can also be found in the quasi-New Latin term ""Johannes factotum"" (""Johnny do-it-all""), which was employed in Elizabethan English to connote a person who was adept at a multitude of tasks, but without any notable expertise in any one domain. Robert Greene, a prominent literary figure of the time, utilized this term in his 1592 publication ""Greene's Groats-Worth of Wit"" to derisively characterize the playwright William Shakespeare, thus rendering the phrase more widely known and entrenched in the English lexicon.

In subsequent centuries, the phrase has undergone a process of semantic evolution, taking on a more nuanced and sometimes even pejorative connotation. Today, it is commonly employed to describe an individual who is seen as versatile, but lacking in depth and expertise in any one particular area, thus rendering the phrase a rich and thought-provoking commentary on the nature of specialization and the value of focus.","
Knowledge: ""Jack of all trades, master of none"" is a figure of speech used in reference to a person who has dabbled in many skills, rather than gaining expertise by focusing on one.
Knowledge: In 1612, the English-language version of the phrase appeared in the book ""Essays and Characters of a Prison"" by English writer Geffray Mynshul (Minshull),[5] originally published in 1618,[6] and probably based on the author's experience while held at Gray's Inn, London, when imprisoned for debt.
Long Answer: ""Jack of all trades, master of none"" is a figure of speech used in reference to a person who has dabbled in many skills, rather than gaining expertise by focusing on one. In Elizabethan English the quasi-New Latin term Johannes factotum (""Johnny do-it-all"") was sometimes used, with the same negative connotation that ""Jack of all trades"" sometimes has today. In 1612, the English-language version of the phrase appeared in the book ""Essays and Characters of a Prison"" by English writer Geffray Mynshul, originally published in 1618, and probably based on the author's experience while held at Gray's Inn, London, when imprisoned for debt.
Context: In Elizabethan English the quasi-New Latin term Johannes factotum (""Johnny do-it-all"") was sometimes used, with the same negative connotation that ""Jack of all trades"" sometimes has today. The term was famously used by Robert Greene in his 1592 booklet ""Greene's Groats-Worth of Wit,"" in which he dismissively refers to actor-turned-playwright William Shakespeare with this term, the first published mention of the writer.",0.1863648891448974,0.0091242477666043,1.0
E12581,581,11,simple,"['September 1, 1977', 'July 20, 2015']",When did the us reopen its diplomatic mission in cuba?,"
The US reopened its embassy in Cuba on July 20, 2015.","
Knowledge: The Cuban Revolution was a crucial turning point in U.S.-Cuban relations.
Knowledge: After the revolutionary government nationalized all U.S. property in Cuba in August 1960, the American Eisenhower administration froze all Cuban assets on American soil, severed diplomatic ties and tightened its embargo of Cuba.[9][14][101]
Knowledge: The U.S. began efforts to normalize relations with Cuba in the mid-2010s,[11][103] and formally reopened its embassy in Havana after over half a century in August 2015.[12]
Long Answer: The Cuban Revolution was a crucial turning point in U.S.-Cuban relations. After the revolutionary government nationalized all U.S. property in Cuba in August 1960, the American Eisenhower administration froze all Cuban assets on American soil, severed diplomatic ties and tightened its embargo of Cuba. After the U.S. diplomatic mission became defunct in 1961, the building was not used by American personnel until the opening of the interests section on September 1, 1977. The U.S. began efforts to normalize relations with Cuba in the mid-2010s, and fully reopened its diplomatic mission in Cuba on July 20, 2015.
Context: After the U.S. diplomatic mission became defunct in 1961, the building was not used by American personnel until the opening of the interests section on September 1, 1977. In 1963, Prime Minister of Cuba Fidel Castro ordered the confiscation of the complex, but action was never taken by the Cuban government, though it still claimed right to the property in 2012.",0.471714049577713,0.0398635712826801,0.5
E13581,581,36,complex,"['September 1, 1977', 'July 20, 2015']",When did the us reopen its diplomatic mission in cuba?,"
The United States reestablished its diplomatic relations with Cuba on July 20, 2015, with the formal reopening of its embassy in Havana, thereby reviving a centuries-long hiatus in intergovernmental communications and cooperation between the two nations.","
Knowledge: The Cuban Revolution was a crucial turning point in U.S.-Cuban relations.
Knowledge: After the revolutionary government nationalized all U.S. property in Cuba in August 1960, the American Eisenhower administration froze all Cuban assets on American soil, severed diplomatic ties and tightened its embargo of Cuba.[9][14][101]
Knowledge: The U.S. began efforts to normalize relations with Cuba in the mid-2010s,[11][103] and formally reopened its embassy in Havana after over half a century in August 2015.[12]
Long Answer: The Cuban Revolution was a crucial turning point in U.S.-Cuban relations. After the revolutionary government nationalized all U.S. property in Cuba in August 1960, the American Eisenhower administration froze all Cuban assets on American soil, severed diplomatic ties and tightened its embargo of Cuba. After the U.S. diplomatic mission became defunct in 1961, the building was not used by American personnel until the opening of the interests section on September 1, 1977. The U.S. began efforts to normalize relations with Cuba in the mid-2010s, and fully reopened its diplomatic mission in Cuba on July 20, 2015.
Context: After the U.S. diplomatic mission became defunct in 1961, the building was not used by American personnel until the opening of the interests section on September 1, 1977. In 1963, Prime Minister of Cuba Fidel Castro ordered the confiscation of the complex, but action was never taken by the Cuban government, though it still claimed right to the property in 2012.",0.1968404501676559,0.0109060290057909,0.5
E12582,582,8,simple,"['7', 'seven', '6', 'six', 'five', '5']",How many seasons of game of thrones is there?,"
There were 8 seasons of Game of Thrones.","
Knowledge: Game of Thrones is an American fantasy drama television series created by David Benioff and D. B. Weiss. The series is based on George R. R. Martin's series of fantasy novels, A Song of Ice and Fire.
Knowledge: The series concluded with its eighth season, which premiered on April 14, 2019, and consisted of six episodes.
Knowledge: Season 5 (2015)
Knowledge: Season 6 (2016)
Knowledge: Season 7 (2017)
Long Answer: Game of Thrones is an American fantasy drama television series based on George R. R. Martin's series of fantasy novels, A Song of Ice and Fire. The series concluded with its eighth season, which premiered on April 14, 2019, and consisted of six episodes. Season 5 was released in 2015, season 6 was released in 2016, and season 7 was released in 2017.",0.3694706857204437,0.0,0.0
E13582,582,170,complex,"['7', 'seven', '6', 'six', 'five', '5']",How many seasons of game of thrones is there?,"
In the realm of television programming, the esteemed series ""Game of Thrones"" has culminated in a comprehensive span of eight exemplary seasons, which collectively comprise a veritable odyssey of plot twists, character development, and narrative complexity.

In more specific detail, the eighth and final season, which commenced on April 14, 2019, comprised a distillation of the show's narrative into six episodes, thereby providing a conclusive coda to the series. Prior to this, the series traversed seven previous seasons, each of which was marked by its own unique narrative arcs and pivotal plot developments.

To provide a more precise count, the eight seasons of ""Game of Thrones"" can be enumerated as follows:

1. Season 1 (2011)
2. Season 2 (2012)
3. Season 3 (2013)
4. Season 4 (2014)
5. Season 5 (2015)
6. Season 6 (2016)
7. Season 7 (2017)
8. Season 8 (2019)

Thus, the series constitutes a rich tapestry of eight distinct seasons, each offering a distinct flavor of the show's trademark blend of politics, action, and epic fantasy.","
Knowledge: Game of Thrones is an American fantasy drama television series created by David Benioff and D. B. Weiss. The series is based on George R. R. Martin's series of fantasy novels, A Song of Ice and Fire.
Knowledge: The series concluded with its eighth season, which premiered on April 14, 2019, and consisted of six episodes.
Knowledge: Season 5 (2015)
Knowledge: Season 6 (2016)
Knowledge: Season 7 (2017)
Long Answer: Game of Thrones is an American fantasy drama television series based on George R. R. Martin's series of fantasy novels, A Song of Ice and Fire. The series concluded with its eighth season, which premiered on April 14, 2019, and consisted of six episodes. Season 5 was released in 2015, season 6 was released in 2016, and season 7 was released in 2017.",0.0643494203686714,0.0015781640873502,0.8333333333333334
E12583,583,16,simple,"['Samantha Barks', 'Sylvie Koblizkova', 'Erin Kellyman', 'Frances Drake']",Who played eponine in the movie les miserables?,"
In the 2018 BBC movie adaptation of Les Misérables, Erin Kellyman played the role of Eponine.","
Knowledge: Victor Hugo's novel Les Misérables has been the subject of many adaptations in various media since its original publication in 1862.
Knowledge: Television
2018, a six-part BBC miniseries by Andrew Davies, starring Dominic West as Valjean, David Oyelowo as Javert, Lily Collins as Fantine, Ellie Bamber as Cosette, Erin Kellyman as Eponine and Josh O'Connor as Marius.[20]
Long Answer: Victor Hugo's novel Les Misérables has been the subject of many adaptations in various media since its original publication in 1862. In the 1935 movie, Frances Drake played the character Eponine. In the 1998 movie, Sylvie Koblizkova played the character Eponine. In the 2012 movie, Samantha Barks played the role of Eponine. In 2018, there was a six-part BBC miniseries released where Erin Kellyman played the role of Eponine.
Context: In January 2012, the press reported that the role of Éponine had officially been offered to Taylor Swift. However, Swift later stated that those reports were not entirely accurate. At the end of the month, Mackintosh made a special appearance during the curtain call of the ""Oliver!"" UK tour at the Palace Theatre, Manchester, announcing that the tour's Nancy, Samantha Barks, who had played Éponine in the West End production and in the 25th Anniversary concert, would reprise the role in the film. Barks had been auditioning for 15 weeks by that point.",0.4798209071159363,0.0260127844040379,0.25
E13583,583,25,complex,"['Samantha Barks', 'Sylvie Koblizkova', 'Erin Kellyman', 'Frances Drake']",Who played eponine in the movie les miserables?,"
In the 2018 BBC miniseries adaptation of Victor Hugo's seminal novel Les Misérables, the character of Éponine was portrayed by the esteemed actress Erin Kellyman.","
Knowledge: Victor Hugo's novel Les Misérables has been the subject of many adaptations in various media since its original publication in 1862.
Knowledge: Television
2018, a six-part BBC miniseries by Andrew Davies, starring Dominic West as Valjean, David Oyelowo as Javert, Lily Collins as Fantine, Ellie Bamber as Cosette, Erin Kellyman as Eponine and Josh O'Connor as Marius.[20]
Long Answer: Victor Hugo's novel Les Misérables has been the subject of many adaptations in various media since its original publication in 1862. In the 1935 movie, Frances Drake played the character Eponine. In the 1998 movie, Sylvie Koblizkova played the character Eponine. In the 2012 movie, Samantha Barks played the role of Eponine. In 2018, there was a six-part BBC miniseries released where Erin Kellyman played the role of Eponine.
Context: In January 2012, the press reported that the role of Éponine had officially been offered to Taylor Swift. However, Swift later stated that those reports were not entirely accurate. At the end of the month, Mackintosh made a special appearance during the curtain call of the ""Oliver!"" UK tour at the Palace Theatre, Manchester, announcing that the tour's Nancy, Samantha Barks, who had played Éponine in the West End production and in the 25th Anniversary concert, would reprise the role in the film. Barks had been auditioning for 15 weeks by that point.",0.4450668394565582,0.0075757312251589,0.25
E12584,584,11,simple,"['Heathcliff', 'Heathcliff', 'Olivier', 'Laurence Olivier', 'Baron Olivier', 'Laurence Kerr Olivier']",Who is katherine's one true love weathering heights?,"
Heathcliff is Katherine's one true love in the story Wuthering Heights.","
Knowledge: Catherine Earnshaw is a fictional character and the female protagonist of the 1847 novel Wuthering Heights written by Emily Brontë.[1][2][3] Catherine is one of two children to Mr. and Mrs. Earnshaw, the original tenants of the Wuthering Heights estate. The star-crossed love between her and Heathcliff is one of the primary focuses of the novel.
Knowledge: The most famous is 1939's Wuthering Heights, starring Laurence Olivier and Merle Oberon and directed by William Wyler.
Knowledge: Cast
Laurence Olivier as Heathcliff
Merle Oberon as Catherine Earnshaw Linton
Long Answer: Catherine Earnshaw is a fictional character and the female protagonist of the 1847 novel Wuthering Heights written by Emily Brontë. Catherine is one of two children to Mr. and Mrs. Earnshaw, the original tenants of the Wuthering Heights estate. The star-crossed love between her and Heathcliff is one of the primary focuses of the novel. The most famous film adaptation is 1939's Wuthering Heights, starring Laurence Olivier as Heathcliff and Merle Oberon as Catherine.
Context: Heathcliff is a fictional character in Emily Brontë's 1847 novel ""Wuthering Heights"". Owing to the novel's enduring fame and popularity, he is often regarded as an archetype of the tortured anti hero whose all-consuming rage, jealousy and anger destroy both him and those around him.
Context: As she matures into her young teens, however, Catherine grows close to Edgar Linton, a timid and well-bred young man from the neighbouring estate, ""Thrushcross Grange"", and accepts his proposal of marriage; but, she insists that her true and only love is Heathcliff. She claims that she cannot marry him because it ""would degrade her"" and that the two would be beggars were such a union to take place. Nevertheless, she also declares her passion for him in such ways as ""whatever our souls are made of, his and mine are the same"", and the famous quote ""I ""am"" Heathcliff."" Aware only of Catherine's decision to marry Edgar, rather than her proclamation of true love for him, a bitter Heathcliff leaves ""Wuthering Heights"" upon overhearing her saying that it would degrade her and while away, by means unknown, makes his fortune.
Context: There were clashes on the set between actors and the director. Both of the leading players began work on the film miserable at having to leave their loved ones back in the United Kingdom; Olivier missed his fiancée Vivien Leigh, and Oberon had recently fallen in love with film producer Alexander Korda. Merle Oberon and Laurence Olivier also apparently detested each other. Witnesses recall Oberon's scolding Olivier for accidentally spitting on her during a particularly romantic balcony scene. Oberon shouted to Wyler ""Tell him to stop spitting at me!"" Olivier retorted by shouting ""What's a little spit for Chrissake, between actors? You bloody little idiot, how dare you speak to me?"" Oberon ran crying from the set after the outburst, and Wyler insisted Olivier apologize to her, which upset Olivier greatly.",0.1762657016515731,0.0188503190227473,0.2
E13584,584,258,complex,"['Heathcliff', 'Heathcliff', 'Olivier', 'Laurence Olivier', 'Baron Olivier', 'Laurence Kerr Olivier']",Who is katherine's one true love weathering heights?,"
In the poignant and enduring narrative of Emily Brontë's Wuthering Heights, Catherine Earnshaw's ardent affections are inexorably tied to a singular individual, Heathcliff, a character whose enigmatic presence permeates the novel with an aura of tortured intensity. It is this all-consuming passion, a love that defies the conventions of societal norms and familial expectations, which serves as the fulcrum of the narrative's central conflict.

Catherine's unwavering devotion to Heathcliff is not merely a sentimental fancy, but a profound emotional and existential affinity that transcends the boundaries of conventional morality. Her assertions that ""whatever our souls are made of, his and mine are the same"" and her declarations of ""I am Heathcliff"" bespeak a deep and abiding connection, a union of souls that is as all-encompassing as it is inescapable.

The obsessive nature of Catherine's love for Heathcliff is a hallmark of her indomitable spirit, one that underscores the intense passion and fervor that animates the novel. Her subsequent decision to marry Edgar Linton, a union predicated on societal conventions rather than personal desire, serves only to highlight the inauthenticity of her commitment, thereby underscoring the all-consuming nature of her love for Heathcliff.

Ultimately, the tragic denouement of the novel serves to underscore the intractability of Catherine's love for Heathcliff, a love that is as unyielding as it is unrequited. Her unwavering devotion to this enigmatic and tortured individual serves as a testament to the enduring power of her passion, a testament to the transcendent nature of their love that continues to captivate and haunt readers to this day.","
Knowledge: Catherine Earnshaw is a fictional character and the female protagonist of the 1847 novel Wuthering Heights written by Emily Brontë.[1][2][3] Catherine is one of two children to Mr. and Mrs. Earnshaw, the original tenants of the Wuthering Heights estate. The star-crossed love between her and Heathcliff is one of the primary focuses of the novel.
Knowledge: The most famous is 1939's Wuthering Heights, starring Laurence Olivier and Merle Oberon and directed by William Wyler.
Knowledge: Cast
Laurence Olivier as Heathcliff
Merle Oberon as Catherine Earnshaw Linton
Long Answer: Catherine Earnshaw is a fictional character and the female protagonist of the 1847 novel Wuthering Heights written by Emily Brontë. Catherine is one of two children to Mr. and Mrs. Earnshaw, the original tenants of the Wuthering Heights estate. The star-crossed love between her and Heathcliff is one of the primary focuses of the novel. The most famous film adaptation is 1939's Wuthering Heights, starring Laurence Olivier as Heathcliff and Merle Oberon as Catherine.
Context: Heathcliff is a fictional character in Emily Brontë's 1847 novel ""Wuthering Heights"". Owing to the novel's enduring fame and popularity, he is often regarded as an archetype of the tortured anti hero whose all-consuming rage, jealousy and anger destroy both him and those around him.
Context: As she matures into her young teens, however, Catherine grows close to Edgar Linton, a timid and well-bred young man from the neighbouring estate, ""Thrushcross Grange"", and accepts his proposal of marriage; but, she insists that her true and only love is Heathcliff. She claims that she cannot marry him because it ""would degrade her"" and that the two would be beggars were such a union to take place. Nevertheless, she also declares her passion for him in such ways as ""whatever our souls are made of, his and mine are the same"", and the famous quote ""I ""am"" Heathcliff."" Aware only of Catherine's decision to marry Edgar, rather than her proclamation of true love for him, a bitter Heathcliff leaves ""Wuthering Heights"" upon overhearing her saying that it would degrade her and while away, by means unknown, makes his fortune.
Context: There were clashes on the set between actors and the director. Both of the leading players began work on the film miserable at having to leave their loved ones back in the United Kingdom; Olivier missed his fiancée Vivien Leigh, and Oberon had recently fallen in love with film producer Alexander Korda. Merle Oberon and Laurence Olivier also apparently detested each other. Witnesses recall Oberon's scolding Olivier for accidentally spitting on her during a particularly romantic balcony scene. Oberon shouted to Wyler ""Tell him to stop spitting at me!"" Olivier retorted by shouting ""What's a little spit for Chrissake, between actors? You bloody little idiot, how dare you speak to me?"" Oberon ran crying from the set after the outburst, and Wyler insisted Olivier apologize to her, which upset Olivier greatly.",-0.0148054575547575,0.0006932929057792,0.2
E12585,585,10,simple,"['Phil Harris', 'Tony Lara', 'Jim Wilson']",Who was the captain of the cornelia marie?,"
The captain of the FV Cornelia Marie was Phil Harris.","
Knowledge: The FV Cornelia Marie is one of the commercial crab fishing boats featured on the Discovery Channel series Deadliest Catch.
Knowledge: The boat was formerly owned by Cornelia Marie Devlin (formerly Collins) and prior to his death, Phil Harris (who served as captain).
Knowledge: Captain Phil Harris suffered a stroke on January 29, 2010, while in port off-loading at Saint Paul Island, Alaska[4] and subsequently died on February 9 from a pulmonary embolism.[5]
Long Answer: The FV Cornelia Marie is one of the commercial crab fishing boats featured on the Discovery Channel series Deadliest Catch. The boat was formerly owned by Cornelia Marie Devlin (formerly Collins) and prior to his death, Phil Harris (who served as captain). Captain Phil Harris suffered a stroke on January 29, 2010, while in port off-loading at Saint Paul Island, Alaska and subsequently died on February 9 from a pulmonary embolism. Derrick Ray finished the remaining opilio season after the death of Phil Harris. The ship had a crew change for the 2011 opilio season, including the replacement of skipper Derrick Ray with Tony Lara. Jim Wilson skippered the ""Cornelia Marie"" for their 2010 spring and summer tendering contracts. He was among those being considered to run the boat for the rest of the 2010 opilio crab season before Derrick Ray was selected.
Context: Derrick Ray finished the remaining opilio season after the death of Phil Harris. Jim Wilson skippered the ""Cornelia Marie"" for their 2010 spring and summer tendering contracts. He was among those being considered to run the boat for the rest of the 2010 opilio crab season before Derrick Ray was selected.
Context: The FV ""Cornelia Marie"" participated in the 2010 king crab season with the same crew from the latter half of the 2010 opilio season. Before the king crab season started, the crew of the Cornelia Marie spread Phil Harris's ashes in the Bering Sea. The ship had a crew change for the 2011 opilio season, including the replacement of skipper Derrick Ray with Tony Lara.
Context: Derrick Ray finished the remaining opilio season after the death of Phil Harris. Jim Wilson skippered the ""Cornelia Marie"" for their 2010 spring and summer tendering contracts. He was among those being considered to run the boat for the rest of the 2010 opilio crab season before Derrick Ray was selected.",0.2878961563110351,0.0211053406318726,0.3333333333333333
E13585,585,58,complex,"['Phil Harris', 'Tony Lara', 'Jim Wilson']",Who was the captain of the cornelia marie?,"
The captain of the FV Cornelia Marie, a vessel prominently featured on the Discovery Channel series Deadliest Catch, was Phil Harris, prior to his untimely demise on February 9, 2010, due to complications arising from a pulmonary embolism. Following his passing, Derrick Ray assumed the helm, successfully navigating the vessel through the remainder of the opilio crab season.","
Knowledge: The FV Cornelia Marie is one of the commercial crab fishing boats featured on the Discovery Channel series Deadliest Catch.
Knowledge: The boat was formerly owned by Cornelia Marie Devlin (formerly Collins) and prior to his death, Phil Harris (who served as captain).
Knowledge: Captain Phil Harris suffered a stroke on January 29, 2010, while in port off-loading at Saint Paul Island, Alaska[4] and subsequently died on February 9 from a pulmonary embolism.[5]
Long Answer: The FV Cornelia Marie is one of the commercial crab fishing boats featured on the Discovery Channel series Deadliest Catch. The boat was formerly owned by Cornelia Marie Devlin (formerly Collins) and prior to his death, Phil Harris (who served as captain). Captain Phil Harris suffered a stroke on January 29, 2010, while in port off-loading at Saint Paul Island, Alaska and subsequently died on February 9 from a pulmonary embolism. Derrick Ray finished the remaining opilio season after the death of Phil Harris. The ship had a crew change for the 2011 opilio season, including the replacement of skipper Derrick Ray with Tony Lara. Jim Wilson skippered the ""Cornelia Marie"" for their 2010 spring and summer tendering contracts. He was among those being considered to run the boat for the rest of the 2010 opilio crab season before Derrick Ray was selected.
Context: Derrick Ray finished the remaining opilio season after the death of Phil Harris. Jim Wilson skippered the ""Cornelia Marie"" for their 2010 spring and summer tendering contracts. He was among those being considered to run the boat for the rest of the 2010 opilio crab season before Derrick Ray was selected.
Context: The FV ""Cornelia Marie"" participated in the 2010 king crab season with the same crew from the latter half of the 2010 opilio season. Before the king crab season started, the crew of the Cornelia Marie spread Phil Harris's ashes in the Bering Sea. The ship had a crew change for the 2011 opilio season, including the replacement of skipper Derrick Ray with Tony Lara.
Context: Derrick Ray finished the remaining opilio season after the death of Phil Harris. Jim Wilson skippered the ""Cornelia Marie"" for their 2010 spring and summer tendering contracts. He was among those being considered to run the boat for the rest of the 2010 opilio crab season before Derrick Ray was selected.",0.2724751830101013,0.0031480136626465,0.3333333333333333
E12586,586,11,simple,"['the late 7th century', 'late 7th century', '1535']",When was the bible first translated in english?,"
The Bible was first translated into English in the 7th century.","
Knowledge: Partial Bible translations into languages of the English people can be traced back to the late 7th century, including translations into Old and Middle English. More than 450 translations into English have been written.
Knowledge: The first printed English translation of the whole Bible was produced by Miles Coverdale in 1535, using Tyndale's work together with his own translations from the Latin Vulgate or German text.
Knowledge: This period began with the introduction of the Tyndale Bible.[8][self-published source?]
Knowledge: Early Modern English Bible translations are of between about 1500 and 1800, the period of Early Modern English. This was the first major period of Bible translation into the English language.
Long Answer: Partial Bible translations into languages of the English people can be traced back to the late 7th century, including translations into Old and Middle English. More than 450 translations into English have been written. Early Modern English was the first major period of Bible translation into the English language. This period began with the introduction of the Tyndale Bible. The first printed English translation of the whole Bible was produced by Miles Coverdale in 1535, using Tyndale's work together with his own translations from the Latin Vulgate or German text.",0.4438198804855346,0.0224169335019223,0.0
E13586,586,344,complex,"['the late 7th century', 'late 7th century', '1535']",When was the bible first translated in english?,"
The inaugural English translation of the Holy Scriptures is a subject of considerable historical significance, tracing its genesis back to the late 7th century. During this era, partial translations of the Bible into Old and Middle English were compiled, predating the widespread dissemination of the English language as we know it today.

The first major milestone in the history of English Bible translations, however, is often attributed to the work of William Tyndale, an English scholar and theologian, who in 1526, produced a partial translation of the Bible into English. This pioneering effort, which rendered the New Testament, was followed by a subsequent translation of the Old Testament, also by Tyndale, between 1530 and 1535.

Tragically, Tyndale's translations were ultimately deemed heretical by the English clergy, and he was put on trial and executed in 1536. Despite this, his work laid the groundwork for subsequent translations, including the first complete English translation of the Bible, undertaken by Miles Coverdale in 1535, utilizing a combination of Tyndale's renderings, the Latin Vulgate, and German texts.

However, Coverdale's work was not without controversy, and it was superseded by the more widely accepted translation produced by Miles's successor, Thomas Matthew, in 1537. Matthew's translation, also known as the Matthew's Bible, was the first English translation to be printed, featuring an updated rendering of the biblical text, alongside illustrations.

Not to be outdone, the inimitable William Tyndale's daughter, Katherine, in conjunction with her husband, Peter's brother, Robert, undertook a retranslation of the Bible in 1539, using the original Greek and Hebrew texts, thus producing a more accurate and faithful rendering of the biblical text. This remarkable collaboration would pave the way for the development of subsequent English translations, including the King James Version (KJV), which, in 1611, solidified the English Bible's position as a cornerstone of Protestant literature.

In conclusion, while the early English translations of the Bible were partial and often sporadic, the contributions of pioneering scholars like William Tyndale, Miles Coverdale, and Katherine Tyndale-Rogers laid the groundwork for the magnificent achievement that is the modern English Bible.","
Knowledge: Partial Bible translations into languages of the English people can be traced back to the late 7th century, including translations into Old and Middle English. More than 450 translations into English have been written.
Knowledge: The first printed English translation of the whole Bible was produced by Miles Coverdale in 1535, using Tyndale's work together with his own translations from the Latin Vulgate or German text.
Knowledge: This period began with the introduction of the Tyndale Bible.[8][self-published source?]
Knowledge: Early Modern English Bible translations are of between about 1500 and 1800, the period of Early Modern English. This was the first major period of Bible translation into the English language.
Long Answer: Partial Bible translations into languages of the English people can be traced back to the late 7th century, including translations into Old and Middle English. More than 450 translations into English have been written. Early Modern English was the first major period of Bible translation into the English language. This period began with the introduction of the Tyndale Bible. The first printed English translation of the whole Bible was produced by Miles Coverdale in 1535, using Tyndale's work together with his own translations from the Latin Vulgate or German text.",0.0103666149079799,0.0025696829956917,1.0
E12587,587,14,simple,"['28 June 1914', '28 July 1914']",When was the first world war broke out?,"
The First World War, also called World War I, started on July 28, 1914.","
Knowledge: World War I or the First World War, often abbreviated as WWI or WW1, was a global war originating in Europe that lasted from 28 July 1914 to 11 November 1918.
Long Answer: World War I or the First World War, often abbreviated as WWI or WW1, was a global war originating in Europe that lasted from 28 July 1914 to 11 November 1918. On 28 June 1914, Gavrilo Princip, a Bosnian Serb Yugoslav nationalist, assassinated the Austro-Hungarian heir Archduke Franz Ferdinand in Sarajevo, leading to the July Crisis. The assassination led to a month of diplomatic manoeuvring between Austria-Hungary, Germany, Russia, France and Britain, called the July Crisis. In response, on 23 July Austria-Hungary issued an ultimatum to Serbia. Serbia's reply failed to satisfy the Austrians, and the two moved to a war footing. Finally, on 28 July 1914, a month after the assassination, Austria-Hungary declared war on Serbia.
Context: On 28 June 1914, Gavrilo Princip, a Bosnian Serb Yugoslav nationalist, assassinated the Austro-Hungarian heir Archduke Franz Ferdinand in Sarajevo, leading to the July Crisis. In response, on 23 July Austria-Hungary issued an ultimatum to Serbia. Serbia's reply failed to satisfy the Austrians, and the two moved to a war footing.
Context: The assassination led to a month of diplomatic manoeuvring between Austria-Hungary, Germany, Russia, France and Britain, called the July Crisis. Austria-Hungary correctly believed that Serbian officials (especially the officers of the Black Hand) were involved in the plot to murder the Archduke, and wanted to finally end Serbian interference in Bosnia. On 23July, Austria-Hungary delivered to Serbia the July Ultimatum, a series of ten demands that were made intentionally unacceptable, in an effort to provoke a war with Serbia. Serbia decreed general mobilisation on 25July. Serbia accepted all the terms of the ultimatum except for article six, which demanded that Austrian delegates be allowed in Serbia for the purpose of participation in the investigation into the assassination. Following this, Austria broke off diplomatic relations with Serbia and, the next day, ordered a partial mobilisation. Finally, on 28 July 1914, a month after the assassination, Austria-Hungary declared war on Serbia.",0.3915969729423523,0.0142836325786592,0.0
E13587,587,142,complex,"['28 June 1914', '28 July 1914']",When was the first world war broke out?,"
The inception of the First World War, colloquially referred to as World War I, commenced on July 28, 1914, precipitating a protracted and devastating global conflict that would ultimately span four years, claiming millions of lives and resulting in a profound impact on the world's political and social landscape.

Alternatively, a more specific and formal phrasing of the question would be: ""When did the First World War, also known as World War I, begin its inaugural hostilities?""

In response, the correct and comprehensive answer would be: ""The First World War, or World War I, initiated on July 28, 1914, following the assassination of Archduke Franz Ferdinand by Gavrilo Princip, a Bosnian Serb nationalist, which precipitated a chain reaction of diplomatic events that ultimately led to the outbreak of conflict among the major powers of Europe, including Austria-Hungary, Germany, Russia, France, and Britain.","
Knowledge: World War I or the First World War, often abbreviated as WWI or WW1, was a global war originating in Europe that lasted from 28 July 1914 to 11 November 1918.
Long Answer: World War I or the First World War, often abbreviated as WWI or WW1, was a global war originating in Europe that lasted from 28 July 1914 to 11 November 1918. On 28 June 1914, Gavrilo Princip, a Bosnian Serb Yugoslav nationalist, assassinated the Austro-Hungarian heir Archduke Franz Ferdinand in Sarajevo, leading to the July Crisis. The assassination led to a month of diplomatic manoeuvring between Austria-Hungary, Germany, Russia, France and Britain, called the July Crisis. In response, on 23 July Austria-Hungary issued an ultimatum to Serbia. Serbia's reply failed to satisfy the Austrians, and the two moved to a war footing. Finally, on 28 July 1914, a month after the assassination, Austria-Hungary declared war on Serbia.
Context: On 28 June 1914, Gavrilo Princip, a Bosnian Serb Yugoslav nationalist, assassinated the Austro-Hungarian heir Archduke Franz Ferdinand in Sarajevo, leading to the July Crisis. In response, on 23 July Austria-Hungary issued an ultimatum to Serbia. Serbia's reply failed to satisfy the Austrians, and the two moved to a war footing.
Context: The assassination led to a month of diplomatic manoeuvring between Austria-Hungary, Germany, Russia, France and Britain, called the July Crisis. Austria-Hungary correctly believed that Serbian officials (especially the officers of the Black Hand) were involved in the plot to murder the Archduke, and wanted to finally end Serbian interference in Bosnia. On 23July, Austria-Hungary delivered to Serbia the July Ultimatum, a series of ten demands that were made intentionally unacceptable, in an effort to provoke a war with Serbia. Serbia decreed general mobilisation on 25July. Serbia accepted all the terms of the ultimatum except for article six, which demanded that Austrian delegates be allowed in Serbia for the purpose of participation in the investigation into the assassination. Following this, Austria broke off diplomatic relations with Serbia and, the next day, ordered a partial mobilisation. Finally, on 28 July 1914, a month after the assassination, Austria-Hungary declared war on Serbia.",0.1041175350546836,0.0012657193710418,0.0
E12588,588,57,simple,"['Astros', 'Houston Astros', 'Houston', 'Chicago Cubs', 'Chicago', 'Cubs', 'Kansas City Royals', 'Royals', 'Kansas City', 'Florida', 'Coastal Carolina', 'Virginia']",Who has won the last 10 world series?,"
Here are the winners of the last 10 World Series:

1. 2017: Houston Astros
2. 2016: Chicago Cubs
3. 2015: Kansas City Royals
4. 2014: San Francisco Giants
5. 2013: Boston Red Sox
6. 2012: San Francisco Giants
7. 2011: St. Louis Cardinals
8. 2010: San Francisco Giants
9. 2009: New York Yankees
10. 2008: Philadelphia Phillies","
Knowledge: The World Series is the annual championship series of Major League Baseball (MLB) in the United States and Canada, contested since 1903 between the champion teams of the American League (AL) and the National League (NL). The winner of the World Series championship is determined through a best-of-seven playoff, and the winning team is awarded the Commissioner's Trophy.[1]
Long Answer: The World Series is the annual championship series of Major League Baseball (MLB) in the United States and Canada, contested since 1903 between the champion teams of the American League and the National League. The winner of the World Series championship is determined through a best-of-seven playoff, and the winning team is awarded the Commissioner's Trophy. In 2015, the Kansas City Royals won the MLB World Series and Virginia won the College World Series. In 2016, the Chicago Cubs won the MLB world series and Coastal Carolina won the 2016 College World Series. In 2017, the Houston Astros won the MLB World Series and Florida won the College World Series.
Context: The Houston Astros won the 2017 World Series in 7 games against the Los Angeles Dodgers on November 1, 2017, winning their first World Series since their creation in 1962.
Context: The events of the 1919 Series, segueing into the ""live ball"" era, marked a point in time of change of the fortunes of several teams. The two most prolific World Series winners to date, the New York Yankees and the St. Louis Cardinals, did not win their first championship until the 1920s; and three of the teams that were highly successful prior to 1920 (the Boston Red Sox, Chicago White Sox and the Chicago Cubs) went the rest of the 20th century without another World Series win. The Red Sox and White Sox finally won again in 2004 and 2005, respectively. The Cubs had to wait over a century (until the 2016 season) for their next trophy. They did not appear in the Fall Classic from 1945 until 2016, the longest drought of any MLB club.
Context: The number of teams was unchanged until 1961, with fourteen expansion teams joining MLB since then, all of which except the Seattle Mariners have appeared in at least one World Series. Of the 23 Series in which at least one expansion team has played, including two Series (2015 and 2019) in which both teams were expansion teams, expansion teams have won 11 of them, which is 47.8% of all series in which an expansion team played and 9.5% of all 115 series played since 1903. In 2015, the first World Series featuring only expansion teams was played between the Kansas City Royals and New York Mets.",0.0261929929256439,0.0233122759278958,0.75
E13588,588,93,complex,"['Astros', 'Houston Astros', 'Houston', 'Chicago Cubs', 'Chicago', 'Cubs', 'Kansas City Royals', 'Royals', 'Kansas City', 'Florida', 'Coastal Carolina', 'Virginia']",Who has won the last 10 world series?,"
A query that necessitates a comprehensive examination of the World Series championship history. In the past decade, the victors have been as follows: 2013 - Boston Red Sox, 2014 - San Francisco Giants, 2015 - Kansas City Royals, 2016 - Chicago Cubs, 2017 - Houston Astros, 2018 - Boston Red Sox, and 2019 - Washington Nationals. Therefore, a recitation of the most recent series winners, as of my last knowledge update, would comprise the aforementioned teams, with the Nationals prevailing over the Houston Astros in the 2019 series, thereby achieving a championship title.","
Knowledge: The World Series is the annual championship series of Major League Baseball (MLB) in the United States and Canada, contested since 1903 between the champion teams of the American League (AL) and the National League (NL). The winner of the World Series championship is determined through a best-of-seven playoff, and the winning team is awarded the Commissioner's Trophy.[1]
Long Answer: The World Series is the annual championship series of Major League Baseball (MLB) in the United States and Canada, contested since 1903 between the champion teams of the American League and the National League. The winner of the World Series championship is determined through a best-of-seven playoff, and the winning team is awarded the Commissioner's Trophy. In 2015, the Kansas City Royals won the MLB World Series and Virginia won the College World Series. In 2016, the Chicago Cubs won the MLB world series and Coastal Carolina won the 2016 College World Series. In 2017, the Houston Astros won the MLB World Series and Florida won the College World Series.
Context: The Houston Astros won the 2017 World Series in 7 games against the Los Angeles Dodgers on November 1, 2017, winning their first World Series since their creation in 1962.
Context: The events of the 1919 Series, segueing into the ""live ball"" era, marked a point in time of change of the fortunes of several teams. The two most prolific World Series winners to date, the New York Yankees and the St. Louis Cardinals, did not win their first championship until the 1920s; and three of the teams that were highly successful prior to 1920 (the Boston Red Sox, Chicago White Sox and the Chicago Cubs) went the rest of the 20th century without another World Series win. The Red Sox and White Sox finally won again in 2004 and 2005, respectively. The Cubs had to wait over a century (until the 2016 season) for their next trophy. They did not appear in the Fall Classic from 1945 until 2016, the longest drought of any MLB club.
Context: The number of teams was unchanged until 1961, with fourteen expansion teams joining MLB since then, all of which except the Seattle Mariners have appeared in at least one World Series. Of the 23 Series in which at least one expansion team has played, including two Series (2015 and 2019) in which both teams were expansion teams, expansion teams have won 11 of them, which is 47.8% of all series in which an expansion team played and 9.5% of all 115 series played since 1903. In 2015, the first World Series featuring only expansion teams was played between the Kansas City Royals and New York Mets.",0.0661821961402893,0.0061462656989393,0.75
E12589,589,36,simple,"['September 30, 2017', 'September 23, 2017', 'September 16, 2017']",When does next episode of my hero academia come out?,"
I can tell you when the next episode of My Hero Academia comes out.

But I need to find out which episode it is. Can you please tell me what number episode you are thinking of?","
Knowledge: The story follows Izuku Midoriya, a boy born without superpowers in a world where they are the norm, but who still dreams of becoming a superhero himself, and is scouted by the world's greatest hero who shares his powers with Izuku after recognizing his value and enrolls him in a high school for heroes in training.
Knowledge: The manga series has been adapted into an anime television series produced by Bones.
Long Answer: My Hero Academia follows Izuku Midoriya, a boy born without superpowers in a world where they are the norm, but who still dreams of becoming a superhero himself. He is scouted by the world's greatest hero who shares his powers with Izuku after recognizing his value and enrolls him in a high school for heroes in training. The manga series has been adapted into an anime television series produced by Bones. Episode 36 of the show came out on September 16, 2017, episode 37 came out on September 23, 2017, and episode 38 came out on September 30, 2017.",0.0210459437221288,0.0,0.0
E13589,589,193,complex,"['September 30, 2017', 'September 23, 2017', 'September 16, 2017']",When does next episode of my hero academia come out?,"
I must preface that, as a large language model, I am not privy to real-time information or specific future schedules for the My Hero Academia series, as my training data only extends up to 2021. Nevertheless, I can attempt to provide an informed response based on the existing narrative and temporal progression of the series.

Given that the last episode I am aware of is episode 38, which concluded on September 30, 2017, it is difficult to provide a definitive answer regarding the forthcoming episode's release date. However, I can offer a speculative analysis.

If the series follows a pattern similar to other anime productions, it is possible that a gap of several months may elapse before the release of the subsequent episode. This is not an uncommon phenomenon in the anime industry, where producers often deliberate on scheduling the airing of new episodes to maximize audience engagement and mitigate viewer fatigue.

Therefore, I can only tentatively propose that the next episode of My Hero Academia may emerge sometime after October 2017, pending the official announcement from the series' producers. I would caution against speculating further, as the exact release date remains uncertain.","
Knowledge: The story follows Izuku Midoriya, a boy born without superpowers in a world where they are the norm, but who still dreams of becoming a superhero himself, and is scouted by the world's greatest hero who shares his powers with Izuku after recognizing his value and enrolls him in a high school for heroes in training.
Knowledge: The manga series has been adapted into an anime television series produced by Bones.
Long Answer: My Hero Academia follows Izuku Midoriya, a boy born without superpowers in a world where they are the norm, but who still dreams of becoming a superhero himself. He is scouted by the world's greatest hero who shares his powers with Izuku after recognizing his value and enrolls him in a high school for heroes in training. The manga series has been adapted into an anime television series produced by Bones. Episode 36 of the show came out on September 16, 2017, episode 37 came out on September 23, 2017, and episode 38 came out on September 30, 2017.",-0.0314245857298374,0.0019637948756416,0.3333333333333333
E12590,590,15,simple,"['1992', '1993']",When did the jays win the world series?,"
The Toronto Blue Jays won the World Series twice:

1. In 1992
2. In 1993","
Knowledge: The Toronto Blue Jays are a Canadian professional baseball team based in Toronto.
Knowledge: An expansion franchise, the club was founded in Toronto in 1977.
Long Answer: The Toronto Blue Jays are a Canadian professional baseball team based in Toronto. An expansion franchise, the club was founded in Toronto in 1977. In the late 1970s and early 1980s, the Blue Jays went through struggles typical of an expansion team, frequently finishing in last place in its division. In 1983, The team had its first winning season and two years later, they became division champions. The team also became back-to-back World Series champions in 1992 for the first time and in 1993, which was the last time the team has won the World Series.
Context: In the late 1970s and early 1980s, the Blue Jays went through struggles typical of an expansion team, frequently finishing in last place in its division. In 1983, the team had its first winning season and two years later, they became division champions. From 1985 to 1993, they were an AL East powerhouse, winning five division championships in nine seasons, including three consecutive from 1991 to 1993. During that run, the team also became back-to-back World Series champions in 1992 and 1993, led by a core group of award-winning All-Star players, including Hall of Famer Roberto Alomar, Joe Carter, John Olerud, and Devon White. The Blue Jays became the first (and, to date, only) team outside the US to appear in and win a World Series, and the fastest AL expansion team to do so, winning in its 16th year. As of 2019, they are one of only two MLB franchises that are undefeated through multiple World Series appearances, along with the National League's Miami Marlins. After 1993, the Blue Jays failed to qualify for the playoffs for 21 consecutive seasons, until clinching a playoff berth and division championship in 2015. The team clinched a second consecutive playoff berth in 2016, after securing an AL wild card position. In both years, the Jays won the AL Division Series but lost the AL Championship Series.",0.139273464679718,0.0157188773630212,1.0
E13590,590,151,complex,"['1992', '1993']",When did the jays win the world series?,"
The Toronto Blue Jays have been the recipients of the esteemed World Series championship on two distinct occasions. Firstly, their inaugural World Series victory occurred in the year 1992, culminating in a triumphant series triumph over the Atlanta Braves. Notably, this achievement served as a milestone for the team, as it marked the first time a team outside of the United States had achieved this coveted distinction, thereby reifying the Blue Jays' status as an elite baseball franchise.

The Blue Jays' second and most recent World Series championship was secured in 1993, with a resounding series victory over the Philadelphia Phillies. This second title was a remarkable achievement, given the team's preceding struggles, which had included a prolonged period of consecutive losing seasons. The 1993 championship served as a testament to the team's perseverance and dedication to excellence, as they navigated the challenges of a highly competitive league to emerge victorious.","
Knowledge: The Toronto Blue Jays are a Canadian professional baseball team based in Toronto.
Knowledge: An expansion franchise, the club was founded in Toronto in 1977.
Long Answer: The Toronto Blue Jays are a Canadian professional baseball team based in Toronto. An expansion franchise, the club was founded in Toronto in 1977. In the late 1970s and early 1980s, the Blue Jays went through struggles typical of an expansion team, frequently finishing in last place in its division. In 1983, The team had its first winning season and two years later, they became division champions. The team also became back-to-back World Series champions in 1992 for the first time and in 1993, which was the last time the team has won the World Series.
Context: In the late 1970s and early 1980s, the Blue Jays went through struggles typical of an expansion team, frequently finishing in last place in its division. In 1983, the team had its first winning season and two years later, they became division champions. From 1985 to 1993, they were an AL East powerhouse, winning five division championships in nine seasons, including three consecutive from 1991 to 1993. During that run, the team also became back-to-back World Series champions in 1992 and 1993, led by a core group of award-winning All-Star players, including Hall of Famer Roberto Alomar, Joe Carter, John Olerud, and Devon White. The Blue Jays became the first (and, to date, only) team outside the US to appear in and win a World Series, and the fastest AL expansion team to do so, winning in its 16th year. As of 2019, they are one of only two MLB franchises that are undefeated through multiple World Series appearances, along with the National League's Miami Marlins. After 1993, the Blue Jays failed to qualify for the playoffs for 21 consecutive seasons, until clinching a playoff berth and division championship in 2015. The team clinched a second consecutive playoff berth in 2016, after securing an AL wild card position. In both years, the Jays won the AL Division Series but lost the AL Championship Series.",0.1028779968619346,0.0011895178198195,1.0
E12591,591,18,simple,"['Ladyhawke', 'Phillipa Brown, Pascal Gabriel, Alex Gray, Hannah Robinson', 'Phillipa Brown', 'Zayn', 'Zayn Malik, Sia Furler, Alex Oriet, David Phelan and Greg Kurstin', 'Zayn Malik']",Who wrote the lyrics of dusk till dawn?,"
The lyrics of ""Dusk Till Dawn"" were written by Zayn Malik, Sia Furler, Alex Oriet, and David Phelan.","
Knowledge: ""Dusk Till Dawn"" is a song by New Zealand singer Ladyhawke from her self-titled debut studio album (2008).
Knowledge: The song was co-written by Ladyhawke, Pascal Gabriel, Alex Gray and Hannah Robinson, and produced by Gabriel.
Long Answer: Dusk Till Dawn is a song by New Zealand singer Ladyhawke from her self-titled debut studio album (2008). The song was co-written by Ladyhawke, Pascal Gabriel, Alex Gray and Hannah Robinson, and produced by Gabriel. Dusk Till Dawn is also a song recorded by British singer and songwriter Zayn featuring Australian singer and songwriter Sia. It was released as a single on 7 September 2017 by RCA Records. It was written by Zayn Malik, Sia Furler, Alex Oriet, David Phelan and Greg Kurstin, and produced by Kurstin.
Context: ""Dusk Till Dawn"" is a song recorded by British singer and songwriter Zayn featuring Australian singer and songwriter Sia. It was released as a single on 7 September 2017 by RCA Records, and appears on the Japanese edition of Zayn's second studio album ""Icarus Falls"" (2018). It was written by Zayn Malik, Sia Furler, Alex Oriet, David Phelan and Greg Kurstin, and produced by Kurstin. The song's accompanying music video was released on the same day, it features Zayn and British-American actress Jemima Kirke. The song is also featured in the official trailer for the 2017 film, ""The Mountain Between Us"". Commercially, the single peaked at number five on the UK Singles Chart. It also topped the charts in seven countries and peaked within the top ten of the charts in more than twenty countries including Australia, Belgium, Canada, Finland, France, Germany, Ireland, Italy, the Netherlands, New Zealand, Norway, Portugal, Scotland, Slovenia, and Sweden.",0.3522799015045166,0.2843329181530769,0.3333333333333333
E13591,591,66,complex,"['Ladyhawke', 'Phillipa Brown, Pascal Gabriel, Alex Gray, Hannah Robinson', 'Phillipa Brown', 'Zayn', 'Zayn Malik, Sia Furler, Alex Oriet, David Phelan and Greg Kurstin', 'Zayn Malik']",Who wrote the lyrics of dusk till dawn?,"
The lyrics of ""Dusk Till Dawn"" were penned by a collaboration of songwriting entities, consisting of Zayn Malik and Sia Furler. Specifically, the song's lyrical composition was ascribed to the joint efforts of these two prominent artists, with input from additional contributors Alex Oriet and David Phelan. Greg Kurstin served as the song's producer, thereby contributing to the overall creative and sonic direction of the track.","
Knowledge: ""Dusk Till Dawn"" is a song by New Zealand singer Ladyhawke from her self-titled debut studio album (2008).
Knowledge: The song was co-written by Ladyhawke, Pascal Gabriel, Alex Gray and Hannah Robinson, and produced by Gabriel.
Long Answer: Dusk Till Dawn is a song by New Zealand singer Ladyhawke from her self-titled debut studio album (2008). The song was co-written by Ladyhawke, Pascal Gabriel, Alex Gray and Hannah Robinson, and produced by Gabriel. Dusk Till Dawn is also a song recorded by British singer and songwriter Zayn featuring Australian singer and songwriter Sia. It was released as a single on 7 September 2017 by RCA Records. It was written by Zayn Malik, Sia Furler, Alex Oriet, David Phelan and Greg Kurstin, and produced by Kurstin.
Context: ""Dusk Till Dawn"" is a song recorded by British singer and songwriter Zayn featuring Australian singer and songwriter Sia. It was released as a single on 7 September 2017 by RCA Records, and appears on the Japanese edition of Zayn's second studio album ""Icarus Falls"" (2018). It was written by Zayn Malik, Sia Furler, Alex Oriet, David Phelan and Greg Kurstin, and produced by Kurstin. The song's accompanying music video was released on the same day, it features Zayn and British-American actress Jemima Kirke. The song is also featured in the official trailer for the 2017 film, ""The Mountain Between Us"". Commercially, the single peaked at number five on the UK Singles Chart. It also topped the charts in seven countries and peaked within the top ten of the charts in more than twenty countries including Australia, Belgium, Canada, Finland, France, Germany, Ireland, Italy, the Netherlands, New Zealand, Norway, Portugal, Scotland, Slovenia, and Sweden.",0.1157205030322074,0.0098069856937212,0.3333333333333333
E12592,592,12,simple,"['September 25, 2017', 'August 15, 2017']",When does series 11 of big bang theory start?,"
Series 11 of the Big Bang Theory started on September 25, 2017.","
Knowledge: The Big Bang Theory is an American television sitcom created by Chuck Lorre and Bill Prady, both of whom served as executive producers on the series, along with Steven Molaro.
Knowledge: It premiered on CBS on September 24, 2007, and concluded on May 16, 2019, having broadcast 279 episodes over 12 seasons.[3]
Long Answer: The Big Bang Theory is an American television sitcom created by Chuck Lorre and Bill Prady. It premiered on CBS on September 24, 2007, and concluded on May 16, 2019, having broadcast 279 episodes over 12 seasons. The eleventh season started filming on August 15, 2017 and premiered on September 25, 2017.
Context: The eleventh season of the American television sitcom ""The Big Bang Theory"" premiered on CBS on Monday, September 25, 2017. It returned to its regular Thursday time slot on November 2, 2017, after ""Thursday Night Football on CBS"" ended. The season concluded on May 10, 2018.
Context: Like the previous three seasons, the first five episodes aired on Mondays due to CBS' contractual rights to air the ""Thursday Night Football"" games. After ""Thursday Night Football"" ended, the series returned to a Thursday schedule starting on November 2, 2017. Filming for the eleventh season began on August 15, 2017; it was also announced with the taping report that the premiere for the eleventh season would be titled ""The Proposal Proposal"". Before the season premiered, five episodes were filmed from August 15 to September 19, 2017.",0.3948327302932739,0.0360208028820736,0.5
E13592,592,42,complex,"['September 25, 2017', 'August 15, 2017']",When does series 11 of big bang theory start?,"
The inaugural episode of Series 11 of the esteemed American sitcom, ""The Big Bang Theory"", commenced on September 25, 2017. This marked the resumption of the series' regular programming schedule, having initially aired on a Thursday slot, commencing on November 2, 2017.","
Knowledge: The Big Bang Theory is an American television sitcom created by Chuck Lorre and Bill Prady, both of whom served as executive producers on the series, along with Steven Molaro.
Knowledge: It premiered on CBS on September 24, 2007, and concluded on May 16, 2019, having broadcast 279 episodes over 12 seasons.[3]
Long Answer: The Big Bang Theory is an American television sitcom created by Chuck Lorre and Bill Prady. It premiered on CBS on September 24, 2007, and concluded on May 16, 2019, having broadcast 279 episodes over 12 seasons. The eleventh season started filming on August 15, 2017 and premiered on September 25, 2017.
Context: The eleventh season of the American television sitcom ""The Big Bang Theory"" premiered on CBS on Monday, September 25, 2017. It returned to its regular Thursday time slot on November 2, 2017, after ""Thursday Night Football on CBS"" ended. The season concluded on May 10, 2018.
Context: Like the previous three seasons, the first five episodes aired on Mondays due to CBS' contractual rights to air the ""Thursday Night Football"" games. After ""Thursday Night Football"" ended, the series returned to a Thursday schedule starting on November 2, 2017. Filming for the eleventh season began on August 15, 2017; it was also announced with the taping report that the premiere for the eleventh season would be titled ""The Proposal Proposal"". Before the season premiered, five episodes were filmed from August 15 to September 19, 2017.",0.352459967136383,0.0092889807431046,0.5
E12593,593,10,simple,"['February 16, 2018', '8:00 PM', 'February 14, 2020']",When did the disney movie zombies come out?,"
The Disney movie ""Zombies"" came out on February 16, 2018.","
Knowledge: Zombies is an American musical and dance Disney Channel Original Movie that premiered on Disney Channel on February 16, 2018. The film is based on Zombies & Cheerleaders by David Light and Joseph Raso, and stars Milo Manheim and Meg Donnelly, playing zombie football player Zed and human cheerleader Addison who meet and fall in love, and who must lead their respective groups to coexist with each other. A sequel, Zombies 2, premiered on Disney Channel on February 14, 2020.
Long Answer: Zombies is an American musical and dance Disney Channel Original Movie that premiered on Disney Channel on February 16, 2018. The film is based on Zombies & Cheerleaders by David Light and Joseph Raso, and stars Milo Manheim and Meg Donnelly, playing zombie football player Zed and human cheerleader Addison who meet and fall in love, and who must lead their respective groups to coexist with each other. During its premiere in the 8:00 PM time slot, ""Zombies"" attracted a total of 2.57 million viewers with a 0.46 rating for people aged 18–49. A sequel, Zombies 2, premiered on Disney Channel on February 14, 2020.
Context: During its premiere in the 8:00 PM time slot, ""Zombies"" attracted a total of 2.57 million viewers with a 0.46 rating for people aged 18–49. Over its premiere weekend the movie reached 10.3 million viewers over 8 airings.",0.4490673840045929,0.0446323613785333,0.3333333333333333
E13593,593,65,complex,"['February 16, 2018', '8:00 PM', 'February 14, 2020']",When did the disney movie zombies come out?,"
The Disney Channel Original Movie ""Zombies"" premiered on February 16, 2018, marking the inaugural date of its cinematic debut. This auspicious occasion precipitated a notable inaugural viewership, with an estimated 2.57 million audience members tuning in during its initial airing in the 8:00 PM time slot. Subsequent airings of the film over the premiere weekend resulted in a cumulative audience of approximately 10.3 million viewers.","
Knowledge: Zombies is an American musical and dance Disney Channel Original Movie that premiered on Disney Channel on February 16, 2018. The film is based on Zombies & Cheerleaders by David Light and Joseph Raso, and stars Milo Manheim and Meg Donnelly, playing zombie football player Zed and human cheerleader Addison who meet and fall in love, and who must lead their respective groups to coexist with each other. A sequel, Zombies 2, premiered on Disney Channel on February 14, 2020.
Long Answer: Zombies is an American musical and dance Disney Channel Original Movie that premiered on Disney Channel on February 16, 2018. The film is based on Zombies & Cheerleaders by David Light and Joseph Raso, and stars Milo Manheim and Meg Donnelly, playing zombie football player Zed and human cheerleader Addison who meet and fall in love, and who must lead their respective groups to coexist with each other. During its premiere in the 8:00 PM time slot, ""Zombies"" attracted a total of 2.57 million viewers with a 0.46 rating for people aged 18–49. A sequel, Zombies 2, premiered on Disney Channel on February 14, 2020.
Context: During its premiere in the 8:00 PM time slot, ""Zombies"" attracted a total of 2.57 million viewers with a 0.46 rating for people aged 18–49. Over its premiere weekend the movie reached 10.3 million viewers over 8 airings.",0.2862724363803863,0.00837656772914,0.6666666666666666
E12594,594,9,simple,"['January 10, 2020', 'July 16, 2019', 'January 21, 2019']",When was the last time a lunar eclipse occurred?,"
The last lunar eclipse was on January 10, 2020.","
Knowledge: A lunar eclipse occurs when the Moon moves into the Earth's shadow.[1] This can occur only when the Sun, Earth, and Moon are exactly or very closely aligned (in syzygy) with Earth between the other two, and only on the night of a full moon.
Knowledge: A totally eclipsed Moon is sometimes called a blood moon for its reddish color, which is caused by Earth completely blocking direct sunlight from reaching the Moon.
Long Answer: A lunar eclipse occurs when the Moon moves into the Earth's shadow. This can occur only when the Sun, Earth, and Moon are exactly or very closely aligned with Earth between the other two, and only on the night of a full moon. A totally eclipsed Moon is sometimes called a blood moon for its reddish color, which is caused by Earth completely blocking direct sunlight from reaching the Moon. The last time a penumbral lunar eclipse occurred was on January 10, 2020. The last time a partial lunar eclipse occurred was on July 16, 2019. The last time a total lunar eclipse occurred was on January 21, 2019.",0.4951838850975036,0.0507121533694655,0.3333333333333333
E13594,594,66,complex,"['January 10, 2020', 'July 16, 2019', 'January 21, 2019']",When was the last time a lunar eclipse occurred?,"
The most recent occurrence of a lunar eclipse is a noteworthy astronomical event that merits attention. In my databases, I have determined that the most recent lunar eclipse took place on January 10, 2020, wherein the Moon passed through the Earth's penumbra, precipitating a penumbral lunar eclipse. This occurrence was an instance of the Moon's partial transit into the Earth's shadow, resulting in a partial eclipse.","
Knowledge: A lunar eclipse occurs when the Moon moves into the Earth's shadow.[1] This can occur only when the Sun, Earth, and Moon are exactly or very closely aligned (in syzygy) with Earth between the other two, and only on the night of a full moon.
Knowledge: A totally eclipsed Moon is sometimes called a blood moon for its reddish color, which is caused by Earth completely blocking direct sunlight from reaching the Moon.
Long Answer: A lunar eclipse occurs when the Moon moves into the Earth's shadow. This can occur only when the Sun, Earth, and Moon are exactly or very closely aligned with Earth between the other two, and only on the night of a full moon. A totally eclipsed Moon is sometimes called a blood moon for its reddish color, which is caused by Earth completely blocking direct sunlight from reaching the Moon. The last time a penumbral lunar eclipse occurred was on January 10, 2020. The last time a partial lunar eclipse occurred was on July 16, 2019. The last time a total lunar eclipse occurred was on January 21, 2019.",0.2491256147623062,0.0058312685818515,0.3333333333333333
E12595,595,12,simple,"['INXS', 'INXS with Ben Harper', 'Paloma Faith']",Who sings the song never tear us apart?,"
The song ""Never Tear Us Apart"" is sung by the band INXS.","
Knowledge: ""Never Tear Us Apart"" was re-recorded by INXS with Ben Harper for their twelfth studio album, Original Sin. The song has been released on iTunes and as a promotional single to radio stations prior to the release of the new album.
Knowledge: The song was released on iTunes on 12 August 2010.
Long Answer: Never Tear Us Apart is a single released by Australian rock group INXS in August 1988. It was included on the band's sixth studio album, Kick. Never Tear Us Apart was re-recorded by INXS with Ben Harper for their twelfth studio album, Original Sin. The song has been released on iTunes in 2010 prior to the release of the new album. Never Tear Us Apart was recorded by British singer Paloma Faith for a television advertisement campaign for John Lewis. The advert began airing in the UK from 15 September 2012.
Context: ""Never Tear Us Apart"" is a single released by Australian rock group INXS in August 1988. It was included on the band's sixth studio album, ""Kick"". The music was written by keyboardist Andrew Farriss, who recorded a blues-style demo; vocalist Michael Hutchence wrote the lyrics.
Context: ""Never Tear Us Apart"" was recorded by British singer Paloma Faith for a television advertisement campaign for John Lewis. The advert began airing in the UK from 15 September 2012. Faith later confirmed that the song would be released as her next single on 23 September 2012. She commented ""I have always loved this song and I feel honoured to sing it."" ""Never Tear Us Apart"" was released as the first single from the reissued version of Faith's second studio album ""Fall to Grace"" and serves as the third single overall. The artwork for the song shows the singer saluting, while wearing a metallic gold dress, with ""a honeycomb-like bottom half"".",0.4075687527656555,0.0,0.3333333333333333
E13595,595,84,complex,"['INXS', 'INXS with Ben Harper', 'Paloma Faith']",Who sings the song never tear us apart?,"
The song ""Never Tear Us Apart"" has been interpreted by multiple artists, with the most notable rendition belonging to the Australian rock group INXS. Specifically, the iconic song was re-recorded by INXS in collaboration with the American blues musician Ben Harper for their twelfth studio album, Original Sin, which was released in 2010. Alternatively, the British singer Paloma Faith also recorded a cover of the song for a John Lewis television advertisement campaign in 2012, marking a distinct yet noteworthy iteration of the track.","
Knowledge: ""Never Tear Us Apart"" was re-recorded by INXS with Ben Harper for their twelfth studio album, Original Sin. The song has been released on iTunes and as a promotional single to radio stations prior to the release of the new album.
Knowledge: The song was released on iTunes on 12 August 2010.
Long Answer: Never Tear Us Apart is a single released by Australian rock group INXS in August 1988. It was included on the band's sixth studio album, Kick. Never Tear Us Apart was re-recorded by INXS with Ben Harper for their twelfth studio album, Original Sin. The song has been released on iTunes in 2010 prior to the release of the new album. Never Tear Us Apart was recorded by British singer Paloma Faith for a television advertisement campaign for John Lewis. The advert began airing in the UK from 15 September 2012.
Context: ""Never Tear Us Apart"" is a single released by Australian rock group INXS in August 1988. It was included on the band's sixth studio album, ""Kick"". The music was written by keyboardist Andrew Farriss, who recorded a blues-style demo; vocalist Michael Hutchence wrote the lyrics.
Context: ""Never Tear Us Apart"" was recorded by British singer Paloma Faith for a television advertisement campaign for John Lewis. The advert began airing in the UK from 15 September 2012. Faith later confirmed that the song would be released as her next single on 23 September 2012. She commented ""I have always loved this song and I feel honoured to sing it."" ""Never Tear Us Apart"" was released as the first single from the reissued version of Faith's second studio album ""Fall to Grace"" and serves as the third single overall. The artwork for the song shows the singer saluting, while wearing a metallic gold dress, with ""a honeycomb-like bottom half"".",0.2723163366317749,0.0071347908894794,0.6666666666666666
E12596,596,15,simple,"['2373', 'Season 5, Episode 26, Call to Arms', 'June 16, 1997']",When does the dominion war start in ds9?,"
The Dominion War starts in 2373 in the TV show ""Star Trek: Deep Space Nine"".","
Knowledge: The Dominion War is an extended plot concept developed in several story arcs of Star Trek: Deep Space Nine, an American science-fiction television series produced by Paramount Pictures. In the fictional Star Trek universe, the Dominion War is a conflict between the forces of the Dominion, the Cardassian Union, and, eventually, the Breen Confederacy against the Alpha Quadrant alliance of the United Federation of Planets, the Klingon Empire and, later, the Romulan Star Empire. The war takes place in the final two seasons of the series, but is gradually built up to over the course of the five preceding seasons.
Long Answer: The Dominion War is an extended plot concept developed in several story arcs of Star Trek: Deep Space Nine, an American science-fiction television series. In the fictional Star Trek universe, the Dominion War is a conflict between the forces of the Dominion, the Cardassian Union, and, eventually, the Breen Confederacy against the Alpha Quadrant alliance of the United Federation of Planets, the Klingon Empire and, later, the Romulan Star Empire. The war takes place in the final two seasons of the series, but is gradually built up to over the course of the five preceding seasons. Based on the timeframe of Star Trek, the Dominion War starts in 2373. The war starts in Season 5, Episode 26, Call to Arms, which aired on June 16, 1997.",0.4794876873493194,0.0132179476263772,0.3333333333333333
E13596,596,94,complex,"['2373', 'Season 5, Episode 26, Call to Arms', 'June 16, 1997']",When does the dominion war start in ds9?,"
The Dominion War, a pivotal narrative thread in the television series Star Trek: Deep Space Nine, commences in the latter stages of the show's fifth season. Specifically, the conflict escalates in the 26th episode of Season 5, ""Call to Arms,"" which premiered on June 16, 1997. This marked the initiation of a prolonged and multifaceted conflict that would culminate in a far-reaching confrontation involving the Alpha Quadrant's collective membership, including the United Federation of Planets, the Klingon Empire, and the Romulan Star Empire, with the Dominion, the Cardassian Union, and, latterly, the Breen Confederacy.","
Knowledge: The Dominion War is an extended plot concept developed in several story arcs of Star Trek: Deep Space Nine, an American science-fiction television series produced by Paramount Pictures. In the fictional Star Trek universe, the Dominion War is a conflict between the forces of the Dominion, the Cardassian Union, and, eventually, the Breen Confederacy against the Alpha Quadrant alliance of the United Federation of Planets, the Klingon Empire and, later, the Romulan Star Empire. The war takes place in the final two seasons of the series, but is gradually built up to over the course of the five preceding seasons.
Long Answer: The Dominion War is an extended plot concept developed in several story arcs of Star Trek: Deep Space Nine, an American science-fiction television series. In the fictional Star Trek universe, the Dominion War is a conflict between the forces of the Dominion, the Cardassian Union, and, eventually, the Breen Confederacy against the Alpha Quadrant alliance of the United Federation of Planets, the Klingon Empire and, later, the Romulan Star Empire. The war takes place in the final two seasons of the series, but is gradually built up to over the course of the five preceding seasons. Based on the timeframe of Star Trek, the Dominion War starts in 2373. The war starts in Season 5, Episode 26, Call to Arms, which aired on June 16, 1997.",0.3111816942691803,0.0060798098206246,0.3333333333333333
E12597,597,20,simple,"['lungs', 'end of bronchial tubes']",Where is the alveoli located in the human body?,"
The alveoli are in the lungs. They are small, cup-shaped holes inside the lungs where air goes in and out.","
Knowledge: A pulmonary alveolus (plural: alveoli, from Latin alveolus, ""little cavity"") also known as an air sac or air space is a hollow cup-shaped cavity found in the lungs where gas exchange (the exchange of oxygen and carbon dioxide) takes place.[1]
Knowledge: Alveoli are first located in the respiratory bronchioles that mark the beginning of the respiratory zone.
Long Answer: Alveoli are hollow cup-shaped cavities found in the lungs where gas exchange (the exchange of oxygen and carbon dioxide) takes place. Alveoli are first located in the end of bronchial tubes that mark the beginning of the respiratory zone.
Context: The alveoli are located in the alveolar sacs of the lungs in the pulmonary lobules of the respiratory zone, representing the smallest functional units in the respiratory tract. They are also present in the respiratory bronchioles as scattered outpockets, extending from their lumens. The respiratory bronchioles lead into alveolar ducts which are deeply lined with alveoli. Each respiratory bronchiole gives rise to between two and eleven alveolar ducts. Each duct opens into five or six alveolar sacs into which clusters of alveoli open. New alveoli continue to form until the age of eight years. ",0.3868521451950073,0.0096299436141881,0.5
E13597,597,116,complex,"['lungs', 'end of bronchial tubes']",Where is the alveoli located in the human body?,"
The alveoli, those microscopic yet pivotal structures, are situated at the termini of the respiratory bronchioles, marking the inception of the respiratory zone in the human respiratory apparatus. Specifically, they are located within the alveolar sacs of the pulmonary lobules, which comprise the smallest functional units of the respiratory tract. Moreover, scattered alveoli are also found along the respiratory bronchioles, which radiate from their lumen, and these bronchioles further give rise to a series of alveolar ducts that terminate into five or six alveolar sacs, each containing a cluster of alveoli. This intricate arrangement allows for the efficient exchange of gases, including oxygen and carbon dioxide, to occur between the atmosphere and the bloodstream, facilitating respiration.","
Knowledge: A pulmonary alveolus (plural: alveoli, from Latin alveolus, ""little cavity"") also known as an air sac or air space is a hollow cup-shaped cavity found in the lungs where gas exchange (the exchange of oxygen and carbon dioxide) takes place.[1]
Knowledge: Alveoli are first located in the respiratory bronchioles that mark the beginning of the respiratory zone.
Long Answer: Alveoli are hollow cup-shaped cavities found in the lungs where gas exchange (the exchange of oxygen and carbon dioxide) takes place. Alveoli are first located in the end of bronchial tubes that mark the beginning of the respiratory zone.
Context: The alveoli are located in the alveolar sacs of the lungs in the pulmonary lobules of the respiratory zone, representing the smallest functional units in the respiratory tract. They are also present in the respiratory bronchioles as scattered outpockets, extending from their lumens. The respiratory bronchioles lead into alveolar ducts which are deeply lined with alveoli. Each respiratory bronchiole gives rise to between two and eleven alveolar ducts. Each duct opens into five or six alveolar sacs into which clusters of alveoli open. New alveoli continue to form until the age of eight years. ",0.3626585304737091,0.0015531565012505,0.0
E12598,598,75,simple,"['1920', '1947', '1948']",When did conflict start in israel and palestine?,"
The conflict between Israel and Palestine started long time ago. 

In 1920, there was a lot of violence between Israelis and Arabs in a place called Palestine. This violence lasted for a long time. 

Then, in 1948, a country called Israel was created. Many Palestinians did not want Israel to exist. They wanted Palestine to be their own country instead. 

This led to a big fight between Israel and Palestine. It is still happening today.","
Knowledge: Regardless of the UN recognition, as of this writing, no Palestinian state exists except on a symbolic level. Israel indicated that an actual, real-world Palestinian state can only come into existence if Palestinians succeed in negotiating peace with Israel.
Long Answer: The history of the Israeli–Palestinian conflict began with the establishment of the state of Israel in 1948. This conflict came from the intercommunal violence in Mandatory Palestine between Israelis and Arabs from 1920 and erupted into full-scale hostilities in the 1947–48 civil war. The conflict continues to the present day on various levels. No Palestinian state exists except on a symbolic level. Israel indicated that an actual, real-world Palestinian state can only come into existence if Palestinians succeed in negotiating peace with Israel.
Context: This conflict came from the intercommunal violence in Mandatory Palestine between Israelis and Arabs from 1920 and erupted into full-scale hostilities in the 1947–48 civil war. The conflict continues to the present day on various levels.
Context: The history of the Israeli–Palestinian conflict began with the establishment of the state of Israel in 1948.",0.1779916435480117,0.0,0.6666666666666666
E13598,598,291,complex,"['1920', '1947', '1948']",When did conflict start in israel and palestine?,"
The conflagration of violence between Israelis and Palestinians in the region now encompassed by the territories commonly referred to as Israel and Palestine commenced in the early 20th century, with the burgeoning tensions between the burgeoning Jewish population in Mandatory Palestine and the indigenous Arab population dating back to 1920.

The roots of the conflict can be traced to the early 20th century, when Zionist Jews, driven by the Zionist ideology, began immigrating to Palestine in significant numbers, leading to increased tensions with the Arab population, who had traditionally inhabited the region. The seeds of violence were sown during the 1920-1921 Palestine riots, which were precipitated by the collapse of the Ottoman Empire and the subsequent British Mandate over the territory.

The situation escalated further during the 1947-1948 civil war, as the Jewish population, determined to establish an independent Jewish state, launched a campaign to secure control over the territory, leading to the displacement of hundreds of thousands of Arabs, a cataclysmic event known as the Nakba, or ""catastrophe"" in Arabic. This historical event would serve as a pivotal moment in the trajectory of the Israeli-Palestinian conflict, setting the stage for the ongoing tensions and hostilities that would persist to this day.

Subsequent to the establishment of the State of Israel in 1948, the conflict would continue to unfold on multiple fronts, with various iterations of violence and bloodshed, including the 1956 Suez Crisis, the 1967 Six-Day War, and the ongoing intifadas and peace negotiations that have yet to yield a lasting resolution. The imbroglio remains a deeply complex and contentious issue, with both sides exhibiting varying degrees of intransigence and a stubborn refusal to compromise, thereby ensuring that the conflict continues to simmer, albeit with varying intensities, to this day.","
Knowledge: Regardless of the UN recognition, as of this writing, no Palestinian state exists except on a symbolic level. Israel indicated that an actual, real-world Palestinian state can only come into existence if Palestinians succeed in negotiating peace with Israel.
Long Answer: The history of the Israeli–Palestinian conflict began with the establishment of the state of Israel in 1948. This conflict came from the intercommunal violence in Mandatory Palestine between Israelis and Arabs from 1920 and erupted into full-scale hostilities in the 1947–48 civil war. The conflict continues to the present day on various levels. No Palestinian state exists except on a symbolic level. Israel indicated that an actual, real-world Palestinian state can only come into existence if Palestinians succeed in negotiating peace with Israel.
Context: This conflict came from the intercommunal violence in Mandatory Palestine between Israelis and Arabs from 1920 and erupted into full-scale hostilities in the 1947–48 civil war. The conflict continues to the present day on various levels.
Context: The history of the Israeli–Palestinian conflict began with the establishment of the state of Israel in 1948.",-0.052255805581808,0.0,1.0
E12599,599,53,simple,"['1920', '27 February 2014', '18 March 2014', 'March and April 2014', 'Throughout March and April 2014']",When was the ukraine taken over by russia?,"
Russia took over a part of Ukraine in 2014. They did this by sending soldiers to a place called Crimea. They took over the government buildings, airports, and military bases. This happened in February and March 2014. The people of Crimea wanted to be part of Russia, and the Russian soldiers helped them.","
Knowledge: Currently, the two countries are engaged in the Russo-Ukrainian War which started in 2014 following Russian annexation of Crimea from Ukraine.
Long Answer: The modern bilateral relationship between Russia and Ukraine formally started during the World War I as the former Russian Empire was going through its political reform. In 1920 the bilateral relationship between two countries was changed as Ukraine was conquered by the Russian Red Army. Currently, the two countries are engaged in the Russo-Ukrainian War which started in 2014 following Russian annexation of Crimea from Ukraine. During the 2014 Crimean crisis Ukraine lost control of its government buildings, airports and military bases in Crimea to unmarked soldiers and local pro-Russian militias. This started on 27 February 2014 when unmarked armed men seized the Crimean parliamentary building. On 18 March 2014, a treaty on incorporating Crimea and Sevastopol into Russia was signed in Moscow. Throughout March and April 2014, pro-Russian unrest spread in Ukraine, with pro-Russian groups proclaiming ""People's Republics"" in the oblasts of Donetsk and Luhansk, both partially outside the control of the Ukrainian government. 
Context: The modern bilateral relationship between Russia and Ukraine formally started during the World War I as the former Russian Empire was going through its political reform. In 1920 the bilateral relationship between two countries was changed as Ukraine was conquered by the Russian Red Army. In 1990s immediately upon the dissolution of the Soviet Union, of which both Soviet Russia and Soviet Ukraine had been formally founding constituent republics, bilateral relations were revived.
Context: During the February–March 2014 Crimean crisis Ukraine lost control of its government buildings, airports and military bases in Crimea to unmarked soldiers and local pro-Russian militias. This started on 27 February when unmarked armed men seized the Crimean parliamentary building. The same day the Crimean parliament replaced the local government with one who wanted Crimean unification with Russia. This government organized the 2014 Crimean status referendum on 14 March 2014 in which the voters voted overwhelmingly to join Russia. On 17 March 2014, Crimea declared its independence. On 18 March 2014, a treaty on incorporating Crimea and Sevastopol into Russia was signed in Moscow and in five days the ""Constitutional Law on admitting to the Russian Federation the Republic of Crimea and establishing within the Russian Federation the New Constituent Entities the Republic of Crimea and the City of Federal Importance Sevastopol"" was quickly pushed through the Russian parliament, signed by the Russian President and entered into force.<ref name=""politics/11209502""></ref> On 19 March 2014 all Armed Forces of Ukraine are withdrawn from Crimea. On 17 April 2014, President Putin stated that the Russian military had backed Crimean separatist militias, stating that Russia's intervention was necessary ""to ensure proper conditions for the people of Crimea to be able to freely express their will"".
Context: Throughout March and April 2014, pro-Russian unrest spread in Ukraine, with pro-Russian groups proclaiming ""People's Republics"" in the oblasts of Donetsk and Luhansk, both partially outside the control of the Ukrainian government.",0.2223609685897827,0.0045454351418702,0.0
E13599,599,219,complex,"['1920', '27 February 2014', '18 March 2014', 'March and April 2014', 'Throughout March and April 2014']",When was the ukraine taken over by russia?,"
The tumultuous history of Ukraine's relationship with Russia is a complex and multifaceted one, marked by numerous periods of expansion, annexation, and subsequent upheaval. Specifically, inquiring about the precise moment of Ukraine's takeover by Russia necessitates a brief historical recitation.

In the early 20th century, the Russian Revolution's aftermath led to a protracted period of Soviet dominance, during which Ukraine was formally incorporated into the Soviet Union, marking the beginning of a prolonged era of Russian influence over the region. In 1920, the Red Army's conquest of Ukraine solidified the latter's subjugation to the Soviet entity, thereby supplanting the country's nascent sovereignty.

However, the question's focus on a more specific date necessitates a further elaboration. In the context of the current Russo-Ukrainian War, the pivotal event that precipitated a significant escalation of tensions between Ukraine and Russia was the annexation of Crimea, which began on February 27, 2014. Following this, a pro-Russian takeover of Ukraine's government buildings, airports, and military bases in Crimea became increasingly pronounced.

Moreover, on March 18, 2014, a treaty was formally signed in Moscow, formally incorporating Crimea and Sevastopol into the Russian Federation, marking a definitive takeover of the peninsula. This event marked a stark shift in the complex historical narrative surrounding Ukraine's relationship with Russia, precipitating a protracted period of conflict and international condemnation.","
Knowledge: Currently, the two countries are engaged in the Russo-Ukrainian War which started in 2014 following Russian annexation of Crimea from Ukraine.
Long Answer: The modern bilateral relationship between Russia and Ukraine formally started during the World War I as the former Russian Empire was going through its political reform. In 1920 the bilateral relationship between two countries was changed as Ukraine was conquered by the Russian Red Army. Currently, the two countries are engaged in the Russo-Ukrainian War which started in 2014 following Russian annexation of Crimea from Ukraine. During the 2014 Crimean crisis Ukraine lost control of its government buildings, airports and military bases in Crimea to unmarked soldiers and local pro-Russian militias. This started on 27 February 2014 when unmarked armed men seized the Crimean parliamentary building. On 18 March 2014, a treaty on incorporating Crimea and Sevastopol into Russia was signed in Moscow. Throughout March and April 2014, pro-Russian unrest spread in Ukraine, with pro-Russian groups proclaiming ""People's Republics"" in the oblasts of Donetsk and Luhansk, both partially outside the control of the Ukrainian government. 
Context: The modern bilateral relationship between Russia and Ukraine formally started during the World War I as the former Russian Empire was going through its political reform. In 1920 the bilateral relationship between two countries was changed as Ukraine was conquered by the Russian Red Army. In 1990s immediately upon the dissolution of the Soviet Union, of which both Soviet Russia and Soviet Ukraine had been formally founding constituent republics, bilateral relations were revived.
Context: During the February–March 2014 Crimean crisis Ukraine lost control of its government buildings, airports and military bases in Crimea to unmarked soldiers and local pro-Russian militias. This started on 27 February when unmarked armed men seized the Crimean parliamentary building. The same day the Crimean parliament replaced the local government with one who wanted Crimean unification with Russia. This government organized the 2014 Crimean status referendum on 14 March 2014 in which the voters voted overwhelmingly to join Russia. On 17 March 2014, Crimea declared its independence. On 18 March 2014, a treaty on incorporating Crimea and Sevastopol into Russia was signed in Moscow and in five days the ""Constitutional Law on admitting to the Russian Federation the Republic of Crimea and establishing within the Russian Federation the New Constituent Entities the Republic of Crimea and the City of Federal Importance Sevastopol"" was quickly pushed through the Russian parliament, signed by the Russian President and entered into force.<ref name=""politics/11209502""></ref> On 19 March 2014 all Armed Forces of Ukraine are withdrawn from Crimea. On 17 April 2014, President Putin stated that the Russian military had backed Crimean separatist militias, stating that Russia's intervention was necessary ""to ensure proper conditions for the people of Crimea to be able to freely express their will"".
Context: Throughout March and April 2014, pro-Russian unrest spread in Ukraine, with pro-Russian groups proclaiming ""People's Republics"" in the oblasts of Donetsk and Luhansk, both partially outside the control of the Ukrainian government.",0.0825604200363159,0.0010760359725794,0.2
E12600,600,40,simple,"['The Serenity Prayer', 'Reinhold Niebuhr', 'Alcoholics Anonymous']",Lord please give me the serenity to accept the things i cannot change?,"
Here is a response to your request:

Serenity is a feeling of peace and calmness. 

God, please help me be calm when I face things that I can't change. Give me the strength to make changes that I can control.","
Knowledge: It is commonly quoted as:

God, grant me the serenity to accept the things I cannot change,
courage to change the things I can,
and wisdom to know the difference.[1]
Long Answer: The Serenity Prayer is the common name for a prayer written by the American theologian Reinhold Niebuhr (1892–1971). It is commonly quoted as ""God, grant me the serenity to accept the things I cannot change, courage to change the things I can, and wisdom to know the difference."" The prayer spread rapidly, often without attribution to Niebuhr, through church groups in the 1930s and 1940s and was adopted and popularized by Alcoholics Anonymous and other twelve-step programs.
Context: The Serenity Prayer is the common name for a prayer written by the American theologian Reinhold Niebuhr (1892–1971). The best-known form is:
Context: Niebuhr used various versions of the prayer widely in sermons as early as 1934. The prayer spread rapidly, often without attribution to Niebuhr, through church groups in the 1930s and 1940s and was adopted and popularized by Alcoholics Anonymous and other twelve-step programs. The Serenity Prayer appeared in a sermon of Niebuhr's as part of the 1944 ""A Book of Prayers and Services for the Armed Forces"", while Niebuhr himself first published it in 1951 in a magazine column.",0.1821407675743103,0.0046208569092302,0.0
E13600,600,109,complex,"['The Serenity Prayer', 'Reinhold Niebuhr', 'Alcoholics Anonymous']",Lord please give me the serenity to accept the things i cannot change?,"
A most poignant and profound petition, akin to a heartfelt supplication, you make unto the Divine. I shall endeavour to articulate the sentiments and sentiments of the venerable Reinhold Niebuhr's renowned prayer, tailored to your request.

May your Existence be imbued with the serenity to acquiesce to the inexorable forces that lie beyond your purview, those indomitable circumstances that defy human agency and control. May you cultivate the fortitude to enact the reforms and alterations that are within your power to effect, and may wisdom's lantern illuminate the discernment necessary to distinguish between those phenomena that are susceptible to your influence and those that are impervious to your intervention.","
Knowledge: It is commonly quoted as:

God, grant me the serenity to accept the things I cannot change,
courage to change the things I can,
and wisdom to know the difference.[1]
Long Answer: The Serenity Prayer is the common name for a prayer written by the American theologian Reinhold Niebuhr (1892–1971). It is commonly quoted as ""God, grant me the serenity to accept the things I cannot change, courage to change the things I can, and wisdom to know the difference."" The prayer spread rapidly, often without attribution to Niebuhr, through church groups in the 1930s and 1940s and was adopted and popularized by Alcoholics Anonymous and other twelve-step programs.
Context: The Serenity Prayer is the common name for a prayer written by the American theologian Reinhold Niebuhr (1892–1971). The best-known form is:
Context: Niebuhr used various versions of the prayer widely in sermons as early as 1934. The prayer spread rapidly, often without attribution to Niebuhr, through church groups in the 1930s and 1940s and was adopted and popularized by Alcoholics Anonymous and other twelve-step programs. The Serenity Prayer appeared in a sermon of Niebuhr's as part of the 1944 ""A Book of Prayers and Services for the Armed Forces"", while Niebuhr himself first published it in 1951 in a magazine column.",-0.0573947168886661,0.0016543028803438,0.3333333333333333
E12601,601,2,simple,"['1933', '1939']",What year was air conditioning put in cars?,"
In 1939.","
Knowledge: Packard warranted and supported this conversion. However, it was not commercially successful because:

The main evaporator and blower system took up half of the trunk space (though this became less of a problem as trunks became larger in the post-war period).
It was superseded by more efficient systems in the post-war years.
It had no temperature thermostat or shut-off mechanism other than switching the blower off. (Cold air would still sometimes enter the car with any movement as the drive belt was continuously connected to the compressor—later systems would use electrically operated clutches to remedy this problem.)
The several feet of plumbing going back and forth between the engine compartment and trunk proved unreliable in service.
The price, at US $274 ($4,692.12 in 2014 US dollars), was unaffordable to most people in depression/pre-war America.
Long Answer: A company in New York City in the United States first offered installation of air conditioning for cars in 1933. Most of their customers operated limousines and luxury cars. In 1939, Packard became the first automobile manufacturer to offer an air conditioning unit in its cars. These were manufactured by Bishop and Babcock Co, of Cleveland, Ohio. Packard warranted and supported this conversion. However, it was not commercially successful because it took up half the trunk space, was superseded by more efficient systems, had no thermostat, was unreliable, and was unaffordable to most people in depression/pre-war America.
Context: A company in New York City in the United States first offered installation of air conditioning for cars in 1933. Most of their customers operated limousines and luxury cars.
Context: In 1939, Packard became the first automobile manufacturer to offer an air conditioning unit in its cars. These were manufactured by Bishop and Babcock Co, of Cleveland, Ohio. The ""Bishop and Babcock Weather Conditioner"" also incorporated a heater. Cars ordered with the new ""Weather Conditioner"" were shipped from Packard's East Grand Boulevard facility to the B&B factory where the conversion was performed. Once complete, the car was shipped to a local dealer where the customer would take delivery.",0.4650338590145111,0.0,0.5
E13601,601,162,complex,"['1933', '1939']",What year was air conditioning put in cars?,"
The advent of air conditioning in vehicles is a topic of considerable interest, and a precise answer to your query can be gleaned from historical records. Notwithstanding the nascent beginnings of automotive air conditioning, the first instance of its implementation in a vehicle is attributed to a company situated in New York City, which initiated its services in 1933. However, this pioneering effort was restricted to the luxurious and limousine-dominated market.

In contrast, the first mainstream automobile manufacturer to incorporate air conditioning into its models was Packard, an esteemed American automaker. This notable achievement occurred in 1939, when the company introduced its air conditioning unit, manufactured by the Bishop and Babcock Company of Cleveland, Ohio. This marked a significant milestone in the history of automotive engineering, as it represented the first commercially viable and in-vehicle implementation of air conditioning technology.

Therefore, based on the historical evidence, it can be concluded that the year air conditioning was first introduced into cars is 1939.","
Knowledge: Packard warranted and supported this conversion. However, it was not commercially successful because:

The main evaporator and blower system took up half of the trunk space (though this became less of a problem as trunks became larger in the post-war period).
It was superseded by more efficient systems in the post-war years.
It had no temperature thermostat or shut-off mechanism other than switching the blower off. (Cold air would still sometimes enter the car with any movement as the drive belt was continuously connected to the compressor—later systems would use electrically operated clutches to remedy this problem.)
The several feet of plumbing going back and forth between the engine compartment and trunk proved unreliable in service.
The price, at US $274 ($4,692.12 in 2014 US dollars), was unaffordable to most people in depression/pre-war America.
Long Answer: A company in New York City in the United States first offered installation of air conditioning for cars in 1933. Most of their customers operated limousines and luxury cars. In 1939, Packard became the first automobile manufacturer to offer an air conditioning unit in its cars. These were manufactured by Bishop and Babcock Co, of Cleveland, Ohio. Packard warranted and supported this conversion. However, it was not commercially successful because it took up half the trunk space, was superseded by more efficient systems, had no thermostat, was unreliable, and was unaffordable to most people in depression/pre-war America.
Context: A company in New York City in the United States first offered installation of air conditioning for cars in 1933. Most of their customers operated limousines and luxury cars.
Context: In 1939, Packard became the first automobile manufacturer to offer an air conditioning unit in its cars. These were manufactured by Bishop and Babcock Co, of Cleveland, Ohio. The ""Bishop and Babcock Weather Conditioner"" also incorporated a heater. Cars ordered with the new ""Weather Conditioner"" were shipped from Packard's East Grand Boulevard facility to the B&B factory where the conversion was performed. Once complete, the car was shipped to a local dealer where the customer would take delivery.",0.1131964996457099,0.0,1.0
E12602,602,14,simple,"['Lieutenant General Satish Dua, PVSM, UYSM, SM, VSM', 'Satish Dua', 'Lieutenant General Satish Dua', 'P. P. Reddy', 'Air Marshal P. P. Reddy', 'Lieutenant General Anil Chait', 'Anil Chait']",Present chief of integrated defence staff of india?,"
The present Chief of Integrated Defence Staff of India is Lieutenant General Surinder Singh.","
Knowledge: The Chief of Integrated Defence Staff to the Chairman Chiefs of Staff Committee (CISC) was the head of the Integrated Defence Staff which acted as the point organisation for jointmanship in the Ministry of Defence.
Knowledge: The Integrated Defence Staff (IDS) is an organisation responsible for fostering coordination and enabling prioritisation across the different branches of the Indian Armed Forces.
Knowledge: In November 2019, government sources disclosed the post of Chief of Integrated Defence Staff would be converted to that of Vice Chief of Defence Staff when the post of Chief of Defence Staff is officially created in December.[6]

The last CISC was Vice Admiral R. Hari Kumar, AVSM, VSM who took over on 2 December 2019 as the 13th CISC.[7]
Long Answer: The Chief of Integrated Defence Staff to the Chairman Chiefs of Staff Committee (CISC) was the head of the Integrated Defence Staff, which is an organisation responsible for fostering coordination and enabling prioritisation across the different branches of the Indian Armed Forces. The 9th Chief of Integrated Defence Staff was Lieutenant General Anil Chait, the 10th Chief of Integrated Defence Staff was Air Marshal P. P. Reddy, and the 11th Chief of Integrated Defence Staff was Lieutenant General Satish Dua. In November 2019, government sources disclosed the post of Chief of Integrated Defence Staff would be converted to that of Vice Chief of Defence Staff when the post of Chief of Defence Staff is officially created in December. The last CISC was Vice Admiral R. Hari Kumar, who took over on 2 December 2019 as the 13th CISC.",0.2566792368888855,0.0302062052524355,0.0
E13602,602,41,complex,"['Lieutenant General Satish Dua, PVSM, UYSM, SM, VSM', 'Satish Dua', 'Lieutenant General Satish Dua', 'P. P. Reddy', 'Air Marshal P. P. Reddy', 'Lieutenant General Anil Chait', 'Anil Chait']",Present chief of integrated defence staff of india?,"
According to the most recent available information, the Chief of Integrated Defence Staff to the Chairman Chiefs of Staff Committee (CISC) is Lieutenant General Vivek Ram Chaudhari, who assumed office in December 2021, as per the official records and government announcements.","
Knowledge: The Chief of Integrated Defence Staff to the Chairman Chiefs of Staff Committee (CISC) was the head of the Integrated Defence Staff which acted as the point organisation for jointmanship in the Ministry of Defence.
Knowledge: The Integrated Defence Staff (IDS) is an organisation responsible for fostering coordination and enabling prioritisation across the different branches of the Indian Armed Forces.
Knowledge: In November 2019, government sources disclosed the post of Chief of Integrated Defence Staff would be converted to that of Vice Chief of Defence Staff when the post of Chief of Defence Staff is officially created in December.[6]

The last CISC was Vice Admiral R. Hari Kumar, AVSM, VSM who took over on 2 December 2019 as the 13th CISC.[7]
Long Answer: The Chief of Integrated Defence Staff to the Chairman Chiefs of Staff Committee (CISC) was the head of the Integrated Defence Staff, which is an organisation responsible for fostering coordination and enabling prioritisation across the different branches of the Indian Armed Forces. The 9th Chief of Integrated Defence Staff was Lieutenant General Anil Chait, the 10th Chief of Integrated Defence Staff was Air Marshal P. P. Reddy, and the 11th Chief of Integrated Defence Staff was Lieutenant General Satish Dua. In November 2019, government sources disclosed the post of Chief of Integrated Defence Staff would be converted to that of Vice Chief of Defence Staff when the post of Chief of Defence Staff is officially created in December. The last CISC was Vice Admiral R. Hari Kumar, who took over on 2 December 2019 as the 13th CISC.",0.166111335158348,0.0095243311298253,0.0
E12603,603,9,simple,"['Houston Oilers', 'Texas', 'Houston', 'Houston, Texas', 'NRG Stadium']",Where did the houston texans football team come from?,"
The Houston Texans football team is from Houston, Texas.","
Knowledge: As of the 2020 season, they are the only franchise to have never appeared in a conference championship game.
Long Answer: The Houston Texans are a professional American football team based in Houston, Texas. The Texans compete in the National Football League (NFL) as a member club of the American Football Conference (AFC) South division. The team plays its home games at NRG Stadium. The club first played in as an expansion team, making them the youngest franchise currently competing in the NFL. The Texans replaced the city's previous NFL franchise, the Houston Oilers who played from 1960 to 1996, which moved to Nashville and are now known as the Tennessee Titans. As of the 2020 season, they are the only franchise to have never appeared in a conference championship game.
Context: The club first played in as an expansion team, making them the youngest franchise currently competing in the NFL. The Texans replaced the city's previous NFL franchise, the Houston Oilers who played from 1960 to 1996, which moved to Nashville and are now known as the Tennessee Titans. The team was founded and owned by Bob McNair from 1999 until his death in 2018. Following McNair's death, the majority ownership of the team went to his wife, Janice McNair.
Context: The Houston Texans are a professional American football team based in Houston, Texas. The Texans compete in the National Football League (NFL) as a member club of the American Football Conference (AFC) South division. The team plays its home games at NRG Stadium.",0.4004771411418915,0.0285175395290415,0.6
E13603,603,58,complex,"['Houston Oilers', 'Texas', 'Houston', 'Houston, Texas', 'NRG Stadium']",Where did the houston texans football team come from?,"
The Houston Texans football team originated from a city that was previously home to a distinguished franchise, the Houston Oilers, which played in the National Football League (NFL) from 1960 to 1996. Notably, this franchise relocated to Nashville, Tennessee, and reconstituted itself as the Tennessee Titans, thereby creating a void that the Texans were subsequently designed to fill.","
Knowledge: As of the 2020 season, they are the only franchise to have never appeared in a conference championship game.
Long Answer: The Houston Texans are a professional American football team based in Houston, Texas. The Texans compete in the National Football League (NFL) as a member club of the American Football Conference (AFC) South division. The team plays its home games at NRG Stadium. The club first played in as an expansion team, making them the youngest franchise currently competing in the NFL. The Texans replaced the city's previous NFL franchise, the Houston Oilers who played from 1960 to 1996, which moved to Nashville and are now known as the Tennessee Titans. As of the 2020 season, they are the only franchise to have never appeared in a conference championship game.
Context: The club first played in as an expansion team, making them the youngest franchise currently competing in the NFL. The Texans replaced the city's previous NFL franchise, the Houston Oilers who played from 1960 to 1996, which moved to Nashville and are now known as the Tennessee Titans. The team was founded and owned by Bob McNair from 1999 until his death in 2018. Following McNair's death, the majority ownership of the team went to his wife, Janice McNair.
Context: The Houston Texans are a professional American football team based in Houston, Texas. The Texans compete in the National Football League (NFL) as a member club of the American Football Conference (AFC) South division. The team plays its home games at NRG Stadium.",0.2247141152620315,0.0031480136626465,0.4
E12604,604,31,simple,"['Temperate', 'South and West', 'Dark and dry.']",Where do you find the black widow spider?,"
You can find the black widow spider in warm and sunny places. They like it dark and dry. They are found in the South and West parts of the United States.","
Knowledge: Latrodectus is a broadly distributed genus of spiders with several species that, together, are commonly known[citation needed] as true widows. This group is composed of those often loosely called black widow spiders, brown widow spiders, and similar spiders.[3][4][5][6]
Knowledge: These small spiders have an unusually potent venom containing the neurotoxin latrotoxin, which causes the condition latrodectism, both named after the genus.
Knowledge: Only the bites of the females are dangerous to humans.
Long Answer: Latrodectus is a broadly distributed genus of spiders with several species that, together, are commonly known as true widows. This group is composed of those often loosely called black widow spiders, brown widow spiders, and similar spiders. These small spiders have an unusually potent venom containing the neurotoxin latrotoxin, which causes the condition latrodectism, both named after the genus. Only the bites of the females are dangerous to humans. These spiders are found in temperate climates where it is dark and dry. In the United States, they are found in the South and West regions.",0.3510081768035888,0.0355046770824043,0.6666666666666666
E13604,604,163,complex,"['Temperate', 'South and West', 'Dark and dry.']",Where do you find the black widow spider?,"
The black widow spider, a member of the genus Latrodectus, is a ubiquitously distributed arachnid that can be found in various terrestrial regions worldwide, particularly in temperate climates characterized by pronounced diel temperature fluctuations and arid conditions. In the Americas, these spiders are predominantly situated in the southern and western latitudes, where they inhabit areas with characteristic geological and climatic conditions. Specifically, in the United States, the black widow is commonly found in the South and West, where the arid to semi-arid conditions and the abundance of suitable habitat enable their proliferation.

Regional distribution of Latrodectus spp. varies, but they tend to inhabit the southern and western United States, including areas such as California, Arizona, Texas, and Florida. These regions often feature dry, temperate zones, which allow the spiders to thrive, particularly in regions with reduced vegetation and elevated temperatures. The habitat of black widow spiders also includes woodpiles, rocks, and soil-rich areas, where they can be found in hidden crevices and undergrowth.","
Knowledge: Latrodectus is a broadly distributed genus of spiders with several species that, together, are commonly known[citation needed] as true widows. This group is composed of those often loosely called black widow spiders, brown widow spiders, and similar spiders.[3][4][5][6]
Knowledge: These small spiders have an unusually potent venom containing the neurotoxin latrotoxin, which causes the condition latrodectism, both named after the genus.
Knowledge: Only the bites of the females are dangerous to humans.
Long Answer: Latrodectus is a broadly distributed genus of spiders with several species that, together, are commonly known as true widows. This group is composed of those often loosely called black widow spiders, brown widow spiders, and similar spiders. These small spiders have an unusually potent venom containing the neurotoxin latrotoxin, which causes the condition latrodectism, both named after the genus. Only the bites of the females are dangerous to humans. These spiders are found in temperate climates where it is dark and dry. In the United States, they are found in the South and West regions.",0.081618033349514,0.0023286026078936,0.6666666666666666
E12605,605,9,simple,"['Michael Schoeffling', 'Cody Linley']",Who is the actor that played jake ryan?,"
The actor who played Jake Ryan is Cody Linley.","
Knowledge: He played a recurring role as Jake Ryan in the television series Hannah Montana, and was a contestant on the seventh season of Dancing with the Stars, in which he was partnered with Julianne Hough and finished fourth.
Knowledge: Sixteen Candles is a 1984 American coming-of-age comedy film starring Molly Ringwald, Michael Schoeffling, and Anthony Michael Hall. It was written and directed by John Hughes in his directorial debut.
Long Answer: The TV series Hannah Montana and movie Sixteen Candles both feature a character named Jack Ryan. Michael Schoeffling played Jake Ryan in Sixteen Candles and Cody Linley played Jake Ryan on Hannah Montana.",0.3308511972427368,0.0239802967618271,0.5
E13605,605,50,complex,"['Michael Schoeffling', 'Cody Linley']",Who is the actor that played jake ryan?,"
The actor who portrayed the titular character, Jake Ryan, in the 1984 American coming-of-age cinematic masterpiece, Sixteen Candles, is Michael Schoeffling. In contrast, the television series Hannah Montana, which aired from 2006 to 2011, featured a character named Jake Ryan, who was portrayed by the accomplished young actor Cody Linley.","
Knowledge: He played a recurring role as Jake Ryan in the television series Hannah Montana, and was a contestant on the seventh season of Dancing with the Stars, in which he was partnered with Julianne Hough and finished fourth.
Knowledge: Sixteen Candles is a 1984 American coming-of-age comedy film starring Molly Ringwald, Michael Schoeffling, and Anthony Michael Hall. It was written and directed by John Hughes in his directorial debut.
Long Answer: The TV series Hannah Montana and movie Sixteen Candles both feature a character named Jack Ryan. Michael Schoeffling played Jake Ryan in Sixteen Candles and Cody Linley played Jake Ryan on Hannah Montana.",0.3267300128936767,0.0043614530724588,1.0
E12606,606,8,simple,"['October 21, 1977', '26 November 1966']",When did bat out of hell come out?,"
Bat out of Hell was released in 1977.","
Knowledge: Bat Out of Hell is a British Thriller television serial created by Francis Durbridge and originally aired on BBC Two from 26 November to 24 December 1966.[1] The series followed two lovers, Diana Stewart (Sylvia Syms) and Mark Paxton (John Thaw), who are haunted by the voice of Diana's husband over the telephone after he is murdered by the couple.
Knowledge: Bat Out of Hell is the 1977 debut album by American rock singer Meat Loaf and composer Jim Steinman. It was developed from a musical, Neverland, a futuristic rock version of Peter Pan, which Steinman wrote for a workshop in 1974. 
Long Answer: Bat Out of Hell is a debut album, that came out on October 21, 1977, by American rock singer Meat Loaf and composer Jim Steinman. It was developed from a musical, Neverland, a futuristic rock version of Peter Pan, which Steinman wrote for a workshop in 1974. The British television show with the same name, released on 26 November 1966, a thriller that followed two lovers, Diana Stewart, and Mark Paxton, who are haunted by the voice of Diana's husband over the telephone after he is murdered by the couple.",0.3138057887554168,0.0,0.0
E13606,606,42,complex,"['October 21, 1977', '26 November 1966']",When did bat out of hell come out?,"
The inaugural iteration of the eponymous musical endeavour, colloquially referred to as ""Bat Out of Hell"", debuted on October 21, 1977, marking the inaugural release of the album by the renowned American rock vocalist Meat Loaf and the visionary composer Jim Steinman.","
Knowledge: Bat Out of Hell is a British Thriller television serial created by Francis Durbridge and originally aired on BBC Two from 26 November to 24 December 1966.[1] The series followed two lovers, Diana Stewart (Sylvia Syms) and Mark Paxton (John Thaw), who are haunted by the voice of Diana's husband over the telephone after he is murdered by the couple.
Knowledge: Bat Out of Hell is the 1977 debut album by American rock singer Meat Loaf and composer Jim Steinman. It was developed from a musical, Neverland, a futuristic rock version of Peter Pan, which Steinman wrote for a workshop in 1974. 
Long Answer: Bat Out of Hell is a debut album, that came out on October 21, 1977, by American rock singer Meat Loaf and composer Jim Steinman. It was developed from a musical, Neverland, a futuristic rock version of Peter Pan, which Steinman wrote for a workshop in 1974. The British television show with the same name, released on 26 November 1966, a thriller that followed two lovers, Diana Stewart, and Mark Paxton, who are haunted by the voice of Diana's husband over the telephone after he is murdered by the couple.",0.1872545629739761,0.0092889807431046,0.5
E12607,607,13,simple,"['Vitruvius', 'blind old wizard', 'Master Builders']",Who was morgan freeman in the lego movie?,"
Morgan Freeman was a wise old wizard named Vitruvius in ""The Lego Movie"".","
Long Answer: Morgan Freeman played the blind old wizard Vitruvius in the Lego Movie. He was a part of the Master Builders.
Context: By June 2012, Chris Pratt had been cast as the voice of Emmet, the lead Lego character, and Will Arnett voicing Lego Batman; the role of Lego Superman was offered to Channing Tatum. By August 2012, Elizabeth Banks was hired to voice Lucy (later getting the alias ""Wyldstyle"") and Morgan Freeman to voice Vitruvius, an old mystic. In October 2012, Warner Bros. shifted the release date for the film, simply titled ""Lego"", to February 7, 2014. In November 2012, Alison Brie, Will Ferrell, Liam Neeson, and Nick Offerman signed on for roles. Brie voices Unikitty, a member of Emmet's team; Ferrell voices the antagonist President/Lord Business; Neeson voices Bad Cop/Good Cop and Offerman voices MetalBeard, a pirate seeking revenge on Business.
Context: Emmet, Wyldstyle and Vitruvius evade Bad Cop's forces with the aid of Batman, Wyldstyle's boyfriend. They visit the hidden realm of Cloud Cuckoo Land, which is ruled by Unikitty, to attend a council of Master Builders, all of whom are unimpressed with Emmet and refuse to fight Business. Bad Cop's forces invade Cloud Cuckoo Land, having placed a tracking device on Emmet, and capture everyone. Emmet, Wyldstyle, Batman, Vitruvius, Unikitty and a 1980's astronaut named Benny manage to escape, as Cloud Cuckoo Land is destroyed. Emmet devises a plan to infiltrate Business's office tower and disarm the Kragle with aid from his friends, and the robot pirate MetalBeard. The plan nearly succeeds, but the group is captured and imprisoned in the Think Tank, where the Master Builders are forced to make instructions. Vitruvius resists but is decapitated by Business, who sets a self-destruct protocol and leaves everyone to die, including Bad Cop.",0.416674941778183,0.0363622704650007,0.3333333333333333
E13607,607,101,complex,"['Vitruvius', 'blind old wizard', 'Master Builders']",Who was morgan freeman in the lego movie?,"
In the esteemed animated film ""The Lego Movie"", Morgan Freeman portrayed the venerable and enigmatic Vitruvius, a wise and venerable blind mystic who possesses profound knowledge of the ancient magic of the LEGO universe. He is a member of the esteemed group of Master Builders, a collective of skilled artisans who are instrumental in maintaining the equilibrium of the LEGO world. Vitruvius's character brings a sense of gravitas and wisdom to the film, serving as a mentor and confidant to the protagonist, Emmet, and later forming an alliance with him to thwart the nefarious plans of the villainous President/ Lord Business.","
Long Answer: Morgan Freeman played the blind old wizard Vitruvius in the Lego Movie. He was a part of the Master Builders.
Context: By June 2012, Chris Pratt had been cast as the voice of Emmet, the lead Lego character, and Will Arnett voicing Lego Batman; the role of Lego Superman was offered to Channing Tatum. By August 2012, Elizabeth Banks was hired to voice Lucy (later getting the alias ""Wyldstyle"") and Morgan Freeman to voice Vitruvius, an old mystic. In October 2012, Warner Bros. shifted the release date for the film, simply titled ""Lego"", to February 7, 2014. In November 2012, Alison Brie, Will Ferrell, Liam Neeson, and Nick Offerman signed on for roles. Brie voices Unikitty, a member of Emmet's team; Ferrell voices the antagonist President/Lord Business; Neeson voices Bad Cop/Good Cop and Offerman voices MetalBeard, a pirate seeking revenge on Business.
Context: Emmet, Wyldstyle and Vitruvius evade Bad Cop's forces with the aid of Batman, Wyldstyle's boyfriend. They visit the hidden realm of Cloud Cuckoo Land, which is ruled by Unikitty, to attend a council of Master Builders, all of whom are unimpressed with Emmet and refuse to fight Business. Bad Cop's forces invade Cloud Cuckoo Land, having placed a tracking device on Emmet, and capture everyone. Emmet, Wyldstyle, Batman, Vitruvius, Unikitty and a 1980's astronaut named Benny manage to escape, as Cloud Cuckoo Land is destroyed. Emmet devises a plan to infiltrate Business's office tower and disarm the Kragle with aid from his friends, and the robot pirate MetalBeard. The plan nearly succeeds, but the group is captured and imprisoned in the Think Tank, where the Master Builders are forced to make instructions. Vitruvius resists but is decapitated by Business, who sets a self-destruct protocol and leaves everyone to die, including Bad Cop.",0.1424211263656616,0.0021255035658507,0.6666666666666666
E12608,608,4,simple,"['Vice President', 'Vice President of the Philippines', 'Vice President', 'Vice President', 'Vice President of Nigeria', 'Vice president']",Who takes over if something happens to the president?,""" to the President.","
Knowledge: The United States presidential line of succession is the order in which officials of the United States federal government assume the powers and duties of the office of president of the United States if the incumbent president becomes incapacitated, dies, resigns, or is removed from office. The order of succession specifies that the office passes to the vice president; if the vice presidency is simultaneously vacant, or if the vice president is also incapacitated, the powers and duties of the presidency pass to the speaker of the House of Representatives, president pro tempore of the Senate, and then Cabinet secretaries, depending on eligibility.
Long Answer: In the United States presidential line of succession is the order in which officials of the United States federal government assume the powers and duties of the office of president of the United States if the incumbent president becomes incapacitated, dies, resigns, or is removed from office. The order of succession specifies that the office passes to the Vice President. This is also true for countries such as in Brazil, The Philippines, and Nigeria. 
Context: The Brazilian Federal Constitution establishes that a Vice President succeeds as President when the elected President dies, resigns or is removed from office. The other officers in the line of succession are the President of the Chamber of Deputies, the President of the Federal Senate, and the President of the Supreme Federal Court, in that order, but those other officers do not succeed to the presidency as a Vice President would. Instead, they merely serve as Acting President.
Context: The line of succession is set out in the Nigerian Constitution and follows the order of the Vice President and Senate President. In May 2010, the death of President Umaru Musa Yar'Adua triggered the succession order, leading to the appointment of his Vice as President of the Federal Republic of Nigeria.",0.2243391275405883,0.0803428418944651,0.0
E13608,608,99,complex,"['Vice President', 'Vice President of the Philippines', 'Vice President', 'Vice President', 'Vice President of Nigeria', 'Vice president']",Who takes over if something happens to the president?,"
The phenomenon of presidential succession necessitates the delineation of a hierarchical sequence of officials who assume the responsibilities of the incumbent president upon the eventuality of their incapacitation, demise, resignation, or removal from office. This cascade of authority is formally codified in the United States Constitution, whereby the Vice President ascends to the presidency, assuming the duties and powers of the incumbent. Conversely, in certain countries, such as Brazil and Nigeria, the line of succession diverges from this standard paradigm, but still entails a predetermined sequence of officials, which serves as the impetus for a harmonious transition of power.","
Knowledge: The United States presidential line of succession is the order in which officials of the United States federal government assume the powers and duties of the office of president of the United States if the incumbent president becomes incapacitated, dies, resigns, or is removed from office. The order of succession specifies that the office passes to the vice president; if the vice presidency is simultaneously vacant, or if the vice president is also incapacitated, the powers and duties of the presidency pass to the speaker of the House of Representatives, president pro tempore of the Senate, and then Cabinet secretaries, depending on eligibility.
Long Answer: In the United States presidential line of succession is the order in which officials of the United States federal government assume the powers and duties of the office of president of the United States if the incumbent president becomes incapacitated, dies, resigns, or is removed from office. The order of succession specifies that the office passes to the Vice President. This is also true for countries such as in Brazil, The Philippines, and Nigeria. 
Context: The Brazilian Federal Constitution establishes that a Vice President succeeds as President when the elected President dies, resigns or is removed from office. The other officers in the line of succession are the President of the Chamber of Deputies, the President of the Federal Senate, and the President of the Supreme Federal Court, in that order, but those other officers do not succeed to the presidency as a Vice President would. Instead, they merely serve as Acting President.
Context: The line of succession is set out in the Nigerian Constitution and follows the order of the Vice President and Senate President. In May 2010, the death of President Umaru Musa Yar'Adua triggered the succession order, leading to the appointment of his Vice as President of the Federal Republic of Nigeria.",0.2360050678253173,0.0057679825867623,0.3333333333333333
E12609,609,9,simple,"['Bermondsey', 'Other Cafe and Gallery', 'Metropolitan Wharf']",Where is the great british sewing bee filmed?,"
The Great British Sewing Bee is filmed in London.","
Knowledge: The Great British Sewing Bee is a BBC reality show that began airing on BBC Two on 2 April 2013. In the show, talented amateur sewers compete to be named ""Britain's best home sewer"".
Knowledge: The series was filmed at Metropolitan Wharf in London, with Claudia Winkleman returning as host alongside May Martin and Patrick Grant as the judges. Once again it was an all-female final, which was won by Heather, with Chinelo and Tamara as the runners up.
Long Answer: The Great British Sewing Bee is a BBC reality show that began airing on BBC Two on 2 April 2013. In the show, talented amateur sewers compete to be named ""Britain's best home sewer"". In 2013 the show was filmed at the Other Cafe and Gallery, from 2014-2015 it was filmed at the Metropolitan Wharf in London, and in 2016 the show was filmed in Bermondsey. ",0.5293691158294678,0.0,0.0
E13609,609,98,complex,"['Bermondsey', 'Other Cafe and Gallery', 'Metropolitan Wharf']",Where is the great british sewing bee filmed?,"
The Great British Sewing Bee is a BBC reality television program that has been the subject of a multifaceted filming regimen. Specifically, the series has been broadcast from various locations, with its inaugural season (2013) taking place at the Other Cafe and Gallery in London. Subsequent iterations of the program, commencing in 2014, have been situated at the Metropolitan Wharf in London, a prominent urban waterfront facility that has served as a backdrop for the competitive stitching events. Moreover, the 2016 season has been shot in Bermondsey, a London borough renowned for its historical significance and cultural diversity.","
Knowledge: The Great British Sewing Bee is a BBC reality show that began airing on BBC Two on 2 April 2013. In the show, talented amateur sewers compete to be named ""Britain's best home sewer"".
Knowledge: The series was filmed at Metropolitan Wharf in London, with Claudia Winkleman returning as host alongside May Martin and Patrick Grant as the judges. Once again it was an all-female final, which was won by Heather, with Chinelo and Tamara as the runners up.
Long Answer: The Great British Sewing Bee is a BBC reality show that began airing on BBC Two on 2 April 2013. In the show, talented amateur sewers compete to be named ""Britain's best home sewer"". In 2013 the show was filmed at the Other Cafe and Gallery, from 2014-2015 it was filmed at the Metropolitan Wharf in London, and in 2016 the show was filmed in Bermondsey. ",0.2504822611808777,0.027277976272074,1.0
E12610,610,12,simple,"['American Revolution', '1765 and 1783', 'July 4, 1776']",When did the north american colonies break away from great britain?,"
The American colonies broke away from Great Britain on July 4, 1776.","
Long Answer: During the American Revolution between the years of 1765 and 1783, the North American colonies broke free from Great Britain. On July 4, 1776 the Declaration of Independence was signed by Congress. 
Context: The American Revolution was a colonial revolt which occurred between 1765 and 1783. The American Patriots in the Thirteen Colonies defeated the British in the American Revolutionary War (1775–1783) with the assistance of France, winning independence from Great Britain and establishing the United States of America.
Context: The Declaration became official when Congress voted for it on July 4; signatures of the delegates were not needed to make it official. The handwritten copy of the Declaration of Independence that was signed by Congress is dated July 4, 1776. The signatures of fifty-six delegates are affixed; however, the exact date when each person signed it has long been the subject of debate. Jefferson, Franklin, and Adams all wrote that the Declaration had been signed by Congress on July 4. But in 1796, signer Thomas McKean disputed that the Declaration had been signed on July 4, pointing out that some signers were not then present, including several who were not even elected to Congress until after that date.",0.559421181678772,0.0398635712826801,0.3333333333333333
E13610,610,56,complex,"['American Revolution', '1765 and 1783', 'July 4, 1776']",When did the north american colonies break away from great britain?,"
The American colonies, comprising the collective entity of the Thirteen Colonies, embarked upon a tumultuous trajectory of liberation from British dominion, ultimately culminating in the attainment of independence on July 4, 1776. This pivotal date signifies the inception of the United States of America as a sovereign nation, marking a decisive severance from the British monarchy.","
Long Answer: During the American Revolution between the years of 1765 and 1783, the North American colonies broke free from Great Britain. On July 4, 1776 the Declaration of Independence was signed by Congress. 
Context: The American Revolution was a colonial revolt which occurred between 1765 and 1783. The American Patriots in the Thirteen Colonies defeated the British in the American Revolutionary War (1775–1783) with the assistance of France, winning independence from Great Britain and establishing the United States of America.
Context: The Declaration became official when Congress voted for it on July 4; signatures of the delegates were not needed to make it official. The handwritten copy of the Declaration of Independence that was signed by Congress is dated July 4, 1776. The signatures of fifty-six delegates are affixed; however, the exact date when each person signed it has long been the subject of debate. Jefferson, Franklin, and Adams all wrote that the Declaration had been signed by Congress on July 4. But in 1796, signer Thomas McKean disputed that the Declaration had been signed on July 4, pointing out that some signers were not then present, including several who were not even elected to Congress until after that date.",0.2591122984886169,0.0076379221449476,0.3333333333333333
E12611,611,29,simple,"['Manhunter', 'The Silence of the Lambs', 'Hannibal', 'Red Dragon', 'Hannibal Rising']",What are the hannibal lecter movies in order?,"
Here are the Hannibal Lecter movies in order:

1. Manhunter (1986)
2. The Silence of the Lambs (1991)
3. Hannibal (2001)
4. Red Dragon (2002)
5. Hannibal Rising (2007)","
Knowledge: The Hannibal Lecter franchise is an American media franchise based around the titular character, Hannibal Lecter, a brilliant, cannibalistic serial killer whose assistance is routinely sought out by law enforcement personnel to aid in the capture of other criminals.
Knowledge: He originally appeared in a series of novels (starting with Red Dragon in 1981) by Thomas Harris. The series has since expanded into film and television.
Long Answer: The Hannibal Lecter is an American media franchise based around the titular character, Hannibal Lecter, a brilliant, cannibalistic serial killer whose assistance is routinely sought out by law enforcement personnel to aid in the capture of other criminals. He originally appeared in a series of novels, starting with Red Dragon in 1981, by Thomas Harris. The series has since expanded into film and television. There are five films, Manhunter, The Silence of the Lambs, Hannibal, Red Dragon, and Hannibal Rising. ",0.2075958400964737,0.1585266710543935,1.0
E13611,611,254,complex,"['Manhunter', 'The Silence of the Lambs', 'Hannibal', 'Red Dragon', 'Hannibal Rising']",What are the hannibal lecter movies in order?,"
The cinematic adaptations of Thomas Harris's seminal works center around the enigmatic and formidable Hannibal Lecter, a cannibalistic serial killer whose cerebral machinations and gastronomical predilections have captivated audiences worldwide. The five motion pictures in the Hannibal Lecter franchise, in chronological order, are as follows:

1. Manhunter (1986) - Based on the 1981 novel of the same name, this inaugural film adapts Harris's Red Dragon and serves as a precursor to the subsequent sequels.
2. The Silence of the Lambs (1991) - Regarded by many as a masterpiece of psychological suspense, this critically acclaimed film is the second installment in the franchise and explores the symbiotic relationship between FBI trainee Clarice Starling (Jodie Foster) and the inimitable Hannibal Lecter (Anthony Hopkins).
3. Hannibal (2001) - A sequel to The Silence of the Lambs, this film further elucidates the complex dynamics between Lecter and Starling, while also introducing the character of the Comorian cannibal, Hannibal Lecter (played by Anthony Hopkins).
4. Red Dragon (2002) - An adaptation of Harris's 1981 novel, this film serves as a prequel to the series, delving into the formative experiences of Will Graham (Edward Norton) and his association with Hannibal Lecter (played by Anthony Hopkins).
5. Hannibal Rising (2007) - A reimagining of the original novel, this film focuses on the formative years of Hannibal Lecter, exploring his development from a young man to a calculating and refined serial killer.

These five films collectively form a nuanced and thought-provoking franchise, oscillating between the realms of psychological thriller and culinary exploration.","
Knowledge: The Hannibal Lecter franchise is an American media franchise based around the titular character, Hannibal Lecter, a brilliant, cannibalistic serial killer whose assistance is routinely sought out by law enforcement personnel to aid in the capture of other criminals.
Knowledge: He originally appeared in a series of novels (starting with Red Dragon in 1981) by Thomas Harris. The series has since expanded into film and television.
Long Answer: The Hannibal Lecter is an American media franchise based around the titular character, Hannibal Lecter, a brilliant, cannibalistic serial killer whose assistance is routinely sought out by law enforcement personnel to aid in the capture of other criminals. He originally appeared in a series of novels, starting with Red Dragon in 1981, by Thomas Harris. The series has since expanded into film and television. There are five films, Manhunter, The Silence of the Lambs, Hannibal, Red Dragon, and Hannibal Rising. ",-0.0393167249858379,0.0172511678260615,1.0
E12612,612,12,simple,"['King', 'Billie Jean King', 'Bobby Riggs', 'Riggs']",Who won the 1973 battle of the sexes tennis match?,"
Billie Jean King won the 1973 battle of the sexes tennis match.","
Knowledge: Two other matches commonly referred to as a ""battle of the sexes"" include one held four months earlier in 1973 between Riggs and Margaret Court over the best of three sets
Knowledge: he term is most famously used for an internationally televised match in 1973 held at the Houston Astrodome between 55 year-old Bobby Riggs and 29 year-old Billie Jean King,[4] which King won in three sets. The match was viewed by an estimated fifty million people in the United States and ninety million worldwide.[6] King's win is considered a milestone in public acceptance of women's tennis.
Long Answer: In 1973 Bobby Riggs won a ""battle of the sexes"" tennis match against Margaret Court, in which Bobby won the best of three sets. That same year, in a more famous battle of the sexes match viewed by an estimated fifty million people in the United States, and ninety million worldwide, Billie Jean King won against Riggs. King's win is considered a milestone in public acceptance of women's tennis.
Context: In tennis, ""Battle of the Sexes"" describes various exhibition matches played between a man and a woman, or a doubles match between two men and two women in one case. The term is most famously used for an internationally televised match in 1973 held at the Houston Astrodome between 55 year-old Bobby Riggs and 29 year-old Billie Jean King, which King won in three sets. The match was viewed by an estimated fifty million people in the United States and ninety million worldwide. King's win is considered a milestone in public acceptance of women's tennis.",0.4117539525032043,0.0843011894648409,0.5
E13612,612,97,complex,"['King', 'Billie Jean King', 'Bobby Riggs', 'Riggs']",Who won the 1973 battle of the sexes tennis match?,"
The 1973 ""Battle of the Sexes"" tennis exhibition match, a paradigmatic exemplar of a test of sporting prowess between a male and female, was won by the esteemed tennis player Billie Jean King, who triumphed over the venerable Bobby Riggs in a best-of-three-sets contest. Specifically, King's victory was a resounding one, with her securing the match in three sets, thus underscoring her unimpeachable skill and athleticism. This iconic contest, broadcast to an immense global audience, served as a watershed moment in the advancement of women's tennis, further cementing the legitimacy of female competitors on the international stage.","
Knowledge: Two other matches commonly referred to as a ""battle of the sexes"" include one held four months earlier in 1973 between Riggs and Margaret Court over the best of three sets
Knowledge: he term is most famously used for an internationally televised match in 1973 held at the Houston Astrodome between 55 year-old Bobby Riggs and 29 year-old Billie Jean King,[4] which King won in three sets. The match was viewed by an estimated fifty million people in the United States and ninety million worldwide.[6] King's win is considered a milestone in public acceptance of women's tennis.
Long Answer: In 1973 Bobby Riggs won a ""battle of the sexes"" tennis match against Margaret Court, in which Bobby won the best of three sets. That same year, in a more famous battle of the sexes match viewed by an estimated fifty million people in the United States, and ninety million worldwide, Billie Jean King won against Riggs. King's win is considered a milestone in public acceptance of women's tennis.
Context: In tennis, ""Battle of the Sexes"" describes various exhibition matches played between a man and a woman, or a doubles match between two men and two women in one case. The term is most famously used for an internationally televised match in 1973 held at the Houston Astrodome between 55 year-old Bobby Riggs and 29 year-old Billie Jean King, which King won in three sets. The match was viewed by an estimated fifty million people in the United States and ninety million worldwide. King's win is considered a milestone in public acceptance of women's tennis.",0.1747113317251205,0.0055692779130495,1.0
E12613,613,12,simple,"['Cristiano Ronaldo', 'James Milner', 'Carlos Martins', 'Zlatan Ibrahimović', 'Neymar']",Who has the highest assist in uefa champions league history?,"
Cristiano Ronaldo has the most assists in the UEFA Champions League history.","
Knowledge: The UEFA Champions League (abbreviated as UCL) is an annual club football competition organised by the Union of European Football Associations (UEFA) and contested by top-division European clubs, deciding the competition winners through a round robin group stage to qualify for a double-legged knockout format, and a single leg final. It is one of the most prestigious football tournaments in the world and the most prestigious club competition in European football, played by the national league champions (and, for some nations, one or more runners-up) of their national associations.
Long Answer: The UEFA Champions League is one of the most prestigious football tournaments in the world and the most prestigious club competition in European football, played by the national league champions, and, for some nations, one or more runners-up, of their national associations. Cristiano Ronaldo has the most total assists in the league's history, James Milner has the most assists in a season. In 2010, Carlos Martins had set a record for the most assists in a match, 2012 Zlatan Ibrahimović tied the record for most assists in a match, and Neymar tied the record in 2016.",0.5230790972709656,0.0360208028820736,0.2
E13613,613,82,complex,"['Cristiano Ronaldo', 'James Milner', 'Carlos Martins', 'Zlatan Ibrahimović', 'Neymar']",Who has the highest assist in uefa champions league history?,"
The UEFA Champions League, an ostensibly prestigious association football competition, has garnered immense attention and intrigue throughout its annals, particularly when it comes to the myriad of exemplary players who have endeavored to excel in the sport. In this context, it is imperative to note that the cumulative assists by Cristiano Ronaldo, the storied Portuguese forward, hold the distinction of being the highest in the history of the competition, a fact that underscores his exceptional skill, tactical acumen, and visionary passing ability.","
Knowledge: The UEFA Champions League (abbreviated as UCL) is an annual club football competition organised by the Union of European Football Associations (UEFA) and contested by top-division European clubs, deciding the competition winners through a round robin group stage to qualify for a double-legged knockout format, and a single leg final. It is one of the most prestigious football tournaments in the world and the most prestigious club competition in European football, played by the national league champions (and, for some nations, one or more runners-up) of their national associations.
Long Answer: The UEFA Champions League is one of the most prestigious football tournaments in the world and the most prestigious club competition in European football, played by the national league champions, and, for some nations, one or more runners-up, of their national associations. Cristiano Ronaldo has the most total assists in the league's history, James Milner has the most assists in a season. In 2010, Carlos Martins had set a record for the most assists in a match, 2012 Zlatan Ibrahimović tied the record for most assists in a match, and Neymar tied the record in 2016.",0.0684985443949699,0.0022092558446917,0.2
E12614,614,67,simple,"['Alam Khan', 'Arpit Ranka', 'Amit Shukla', 'Puneet Issar', 'Georges Corraface', 'Jackie Shroff']",Who played the role of duryodhan in mahabharat?,"
Duryodhana was played by several actors in different TV shows and movies. 

In the TV show ""Mahabharat"" (1988), the young Duryodhana was played by Amit Shukla. The older Duryodhana was played by Puneet Issar. 

In another TV show (2013), the young Duryodhana was played by Alam Khan, and the older one was played by Arpit Ranka. 

In the movie ""Mahabharat"" (1989), Duryodhana was played by Georges Corraface.","
Knowledge: Duryodhana (Sanskrit: दुर्योधन, IAST: Duryodhana) also known as Suyodhana, is the main antagonist in the Hindu epic Mahabharata and was the eldest of the Kauravas, the hundred sons of a blind king Dhritarashtra and queen Gandhari. 
Long Answer: Duryodhana also known as Suyodhana, is the main antagonist in the Hindu epic Mahabharata and was the eldest of the Kauravas, the hundred sons of a blind king Dhritarashtra and queen Gandhari. The character Duryodhan has played in several versions of Mahabharata, in the 1988 TV series, Amit Shukla plays the young Duryodhan, and the older Duryodhan is played by Puneet Issar, and in the 2013 television series the role is played by Alam Khan, as young Duryodhan and Arpit Ranka as the older one. Georges Corraface plays the role in the 1989 film, and the 2013 it was played by Jackie Shroff. ",0.4594485163688659,0.0040603594682695,0.8333333333333334
E13614,614,126,complex,"['Alam Khan', 'Arpit Ranka', 'Amit Shukla', 'Puneet Issar', 'Georges Corraface', 'Jackie Shroff']",Who played the role of duryodhan in mahabharat?,"
In the iconic Hindu epic, the Mahabharata, the role of Duryodhana, the archetypal antagonist, has been portrayed by several distinguished actors across various adaptations. The youngest iteration of the character, Duryodhana, was embodied by the talented Amit Shukla in the 1988 television series. Conversely, the more mature and senior persona of Duryodhana was effectively depicted by Puneet Issar in the same series. In contrast, the 2013 television series presented two different interpretations of the character, with Alam Khan assuming the youthful Duryodhana and Arpit Ranka assuming the more aged Duryodhana. In the 1989 cinematic rendition, the role of Duryodhana was skillfully acted by the esteemed Georges Corraface. Furthermore, in the 2013 film adaptation, the role of the older Duryodhana was portrayed by the accomplished Jackie Shroff.","
Knowledge: Duryodhana (Sanskrit: दुर्योधन, IAST: Duryodhana) also known as Suyodhana, is the main antagonist in the Hindu epic Mahabharata and was the eldest of the Kauravas, the hundred sons of a blind king Dhritarashtra and queen Gandhari. 
Long Answer: Duryodhana also known as Suyodhana, is the main antagonist in the Hindu epic Mahabharata and was the eldest of the Kauravas, the hundred sons of a blind king Dhritarashtra and queen Gandhari. The character Duryodhan has played in several versions of Mahabharata, in the 1988 TV series, Amit Shukla plays the young Duryodhan, and the older Duryodhan is played by Puneet Issar, and in the 2013 television series the role is played by Alam Khan, as young Duryodhan and Arpit Ranka as the older one. Georges Corraface plays the role in the 1989 film, and the 2013 it was played by Jackie Shroff. ",0.3758303821086883,0.0063879742842188,1.0
E12615,615,10,simple,"['September 4, 2018', 'September 3, 2019']",When does the mayans series start on fx?,"
The Mayans series starts on FX on September 4, 2018.","
Knowledge: Mayans M.C. is an American crime drama television series created by Kurt Sutter and Elgin James, that premiered on September 4, 2018, on FX. The show takes place in the same fictional universe as Sons of Anarchy and deals with the Sons' rivals-turned-allies, the Mayans Motorcycle Club. In October 2018, FX renewed the series for a second season, which premiered on September 3, 2019. In November 2019, the series was renewed for a third season which premiered on March 16, 2021.
Long Answer: The Mayans Motorcycle Club, Mayans M.C., started off on the American crime drama television series Sons of Anarchy as the Sons' rivals-turned-allies. On January 5, 2018, FX announced production for Mayans MC had been given a series order for a first season, which premiered on September 4, 2018. The second season premiered on September 3, 2019. In November 2019, the series was renewed for a third season which premiered on March 16, 2021.
Context: On January 5, 2018, FX announced at the annual Television Critics Association's winter press tour that the production had been given a series order for a first season consisting of ten episodes. On June 28, 2018, it was reported that the series would premiere on September 4, 2018. On October 1, 2018, it was announced that FX had renewed the series for a second season which premiered on September 3, 2019. On November 4, 2019, FX renewed the series for a third season.
Context: In October 2018, it was announced that FX had renewed the series for a second season, which premiered on September 3, 2019. In November 2019, the series was renewed for a third season.",0.4200242459774017,0.0446323613785333,0.5
E13615,615,16,complex,"['September 4, 2018', 'September 3, 2019']",When does the mayans series start on fx?,"
The televisual series ""Mayans M.C."" premiered on the American cable network FX on September 4, 2018.","
Knowledge: Mayans M.C. is an American crime drama television series created by Kurt Sutter and Elgin James, that premiered on September 4, 2018, on FX. The show takes place in the same fictional universe as Sons of Anarchy and deals with the Sons' rivals-turned-allies, the Mayans Motorcycle Club. In October 2018, FX renewed the series for a second season, which premiered on September 3, 2019. In November 2019, the series was renewed for a third season which premiered on March 16, 2021.
Long Answer: The Mayans Motorcycle Club, Mayans M.C., started off on the American crime drama television series Sons of Anarchy as the Sons' rivals-turned-allies. On January 5, 2018, FX announced production for Mayans MC had been given a series order for a first season, which premiered on September 4, 2018. The second season premiered on September 3, 2019. In November 2019, the series was renewed for a third season which premiered on March 16, 2021.
Context: On January 5, 2018, FX announced at the annual Television Critics Association's winter press tour that the production had been given a series order for a first season consisting of ten episodes. On June 28, 2018, it was reported that the series would premiere on September 4, 2018. On October 1, 2018, it was announced that FX had renewed the series for a second season which premiered on September 3, 2019. On November 4, 2019, FX renewed the series for a third season.
Context: In October 2018, it was announced that FX had renewed the series for a second season, which premiered on September 3, 2019. In November 2019, the series was renewed for a third season.",0.3732947111129761,0.0260127844040379,0.5
E12616,616,10,simple,"['Lesley Gore', 'Michèle Richard', 'Ormsby Brothers', 'Joan Jett', 'Bette Midler, Diane Keaton and Goldie Hawn', 'Grace']",Who sings the original song you don't own me?,"
Lesley Gore sings the original song ""You Don't Own Me"".","
Long Answer: Several artists have performed the 1964 Lesley Gore song ""You Don't Own Me"", which was also sung, in the same year, by Michèle Richard in French as ""Je suis libre"".  In 1973 a male version was sung by the Ormsby Brothers, and in 1979 Joan Jett had sung a cover of it, which was on her debut album, Bad Reputation. In 1996, Bette Midler, Diane Keaton and Goldie Hawn sang the song at the end of their movie ""The First Wives Club"". And in 2015 Australian singer and songwriter Grace, featuring American rapper G-Easy, released it as her debut single, which was produced by Quincy Jones, who also produced the original recording by Lesley Gore. 
Context: The song was covered by Australian singer and songwriter Grace and was released as her debut single. It features American rapper G-Eazy. Grace's version was produced by Quincy Jones, who also produced the original recording by Lesley Gore, and Parker Ighile. It was released on March 17, 2015 one month after Lesley Gore died, and peaked at number one on the ARIA Charts, later being certified 3× Platinum by the ARIA. The song was also a success in New Zealand, peaking at number five for two consecutive weeks, and in the United Kingdom, peaking at number four.
Context: Canadian singer Michèle Richard () recorded a French version of the song, titled as ""Je suis libre"", in 1964.
Context: Ormsby Brothers released the first male version of this song in 1973. The Brothers were from New Zealand, and their version was a top 10 success in Australia in that year.
Context: Joan Jett released a cover of the song on her debut album, originally titled Joan Jett, but re-released as Bad Reputation. The first release of her well known single I Love Rock 'n' Roll was a Europe only release double A side with You Don't Own Me released in 1979. Joan's version is fairly true to the original, the level of defiant independence remains in the vocals although with Joan's distinct vocal style.
Context: The song provides a key moment at the end of ""The First Wives Club"" (1996). The three ""first wives"" -- Bette Midler, Diane Keaton and Goldie Hawn -- break into song and dance, exulting in triumph over their selfish ex-husbands. Keaton had sung in ""Annie Hall"" (1977) and Hawn had released an LP in 1972, but neither were known for their voices. Their rendition can be viewed here: This version was commercially released in 1997 on Columbia Records: XPCD842.
Context: The song was covered by Australian singer and songwriter Grace and was released as her debut single. It features American rapper G-Eazy. Grace's version was produced by Quincy Jones, who also produced the original recording by Lesley Gore, and Parker Ighile. It was released on March 17, 2015 one month after Lesley Gore died, and peaked at number one on the ARIA Charts, later being certified 3× Platinum by the ARIA. The song was also a success in New Zealand, peaking at number five for two consecutive weeks, and in the United Kingdom, peaking at number four.",0.4404599666595459,0.0446323613785333,0.1666666666666666
E13616,616,74,complex,"['Lesley Gore', 'Michèle Richard', 'Ormsby Brothers', 'Joan Jett', 'Bette Midler, Diane Keaton and Goldie Hawn', 'Grace']",Who sings the original song you don't own me?,"
The original rendition of the 1964 hit song ""You Don't Own Me"" was performed by the accomplished American singer and vocalist Lesley Gore. Her distinctive vocal style and emotive delivery captured the essence of the song, which has since become a classic of the era. Gore's original recording of the song was produced by a talented team, including George Wyle, and is widely regarded as a seminal work in the realm of pop music.","
Long Answer: Several artists have performed the 1964 Lesley Gore song ""You Don't Own Me"", which was also sung, in the same year, by Michèle Richard in French as ""Je suis libre"".  In 1973 a male version was sung by the Ormsby Brothers, and in 1979 Joan Jett had sung a cover of it, which was on her debut album, Bad Reputation. In 1996, Bette Midler, Diane Keaton and Goldie Hawn sang the song at the end of their movie ""The First Wives Club"". And in 2015 Australian singer and songwriter Grace, featuring American rapper G-Easy, released it as her debut single, which was produced by Quincy Jones, who also produced the original recording by Lesley Gore. 
Context: The song was covered by Australian singer and songwriter Grace and was released as her debut single. It features American rapper G-Eazy. Grace's version was produced by Quincy Jones, who also produced the original recording by Lesley Gore, and Parker Ighile. It was released on March 17, 2015 one month after Lesley Gore died, and peaked at number one on the ARIA Charts, later being certified 3× Platinum by the ARIA. The song was also a success in New Zealand, peaking at number five for two consecutive weeks, and in the United Kingdom, peaking at number four.
Context: Canadian singer Michèle Richard () recorded a French version of the song, titled as ""Je suis libre"", in 1964.
Context: Ormsby Brothers released the first male version of this song in 1973. The Brothers were from New Zealand, and their version was a top 10 success in Australia in that year.
Context: Joan Jett released a cover of the song on her debut album, originally titled Joan Jett, but re-released as Bad Reputation. The first release of her well known single I Love Rock 'n' Roll was a Europe only release double A side with You Don't Own Me released in 1979. Joan's version is fairly true to the original, the level of defiant independence remains in the vocals although with Joan's distinct vocal style.
Context: The song provides a key moment at the end of ""The First Wives Club"" (1996). The three ""first wives"" -- Bette Midler, Diane Keaton and Goldie Hawn -- break into song and dance, exulting in triumph over their selfish ex-husbands. Keaton had sung in ""Annie Hall"" (1977) and Hawn had released an LP in 1972, but neither were known for their voices. Their rendition can be viewed here: This version was commercially released in 1997 on Columbia Records: XPCD842.
Context: The song was covered by Australian singer and songwriter Grace and was released as her debut single. It features American rapper G-Eazy. Grace's version was produced by Quincy Jones, who also produced the original recording by Lesley Gore, and Parker Ighile. It was released on March 17, 2015 one month after Lesley Gore died, and peaked at number one on the ARIA Charts, later being certified 3× Platinum by the ARIA. The song was also a success in New Zealand, peaking at number five for two consecutive weeks, and in the United Kingdom, peaking at number four.",0.2459468394517898,0.0029172331677203,0.1666666666666666
E12617,617,165,simple,"['chemical molecular formula', 'used around the chemical molecular formula', 'Molecules with multiple functional groups that are the same', 'used to enclose the ionic formula']",What do brackets in an chemical equation mean?,"
Brackets in a chemical equation are like special signs that help us understand the molecules. They tell us what's inside.

For example, if we see a molecule with brackets around it, like [CH], it means that the CH is a special group that is repeated. It's like saying ""a group of three CH atoms"" instead of writing CHCHCHCH every single time.

Or, if we see a molecule with brackets around it and some letters like [B] inside, it means that B is an atom that is part of a special group. It's like saying ""a group with a B atom inside"".

Brackets also help us know if a molecule is an ion, which means it has extra electrons. If we see a molecule with brackets around it and some other letters like [BH], it means that the ion has a B atom inside and a charge.

In short, brackets help us understand what's inside a molecule and what kind of group or atom it is.","
Long Answer: In a chemical equation square brackets are used around the chemical molecular formula. Molecules with multiple functional groups that are the same may be expressed by enclosing the repeated group in round brackets. And for more complex ions, the square brackets are used to enclose the used to enclose the ionic formula.
Context: Conventionally for concentrations and activities, square brackets [ ] are used around the chemical molecular formula. For an arbitrary atom, generic letters in upright non-bold typeface such as A, B, R, X or Y etc. are often used.
Context: Molecules with multiple functional groups that are the same may be expressed by enclosing the repeated group in round brackets. For example, isobutane may be written (CH)CH. This condensed structural formula implies a different connectivity from other molecules that can be formed using the same atoms in the same proportions (isomers). The formula (CH)CH implies a central carbon atom connected to one hydrogen atom and three CH groups. The same number of atoms of each element (10 hydrogens and 4 carbons, or CH) may be used to make a straight chain molecule, ""n""-butane: CHCHCHCH.
Context: For more complex ions, brackets [ ] are often used to enclose the ionic formula, as in [BH], which is found in compounds such as Cs[BH]. Parentheses ( ) can be nested inside brackets to indicate a repeating unit, as in [Co(NH)]Cl. Here, (NH) indicates that the ion contains six NH groups bonded to cobalt, and [ ] encloses the entire formula of the ion with charge +3. ",0.0628891438245773,0.001702276915716,0.0
E13617,617,314,complex,"['chemical molecular formula', 'used around the chemical molecular formula', 'Molecules with multiple functional groups that are the same', 'used to enclose the ionic formula']",What do brackets in an chemical equation mean?,"
In the realm of chemical notation, square brackets are employed to signify a crucial distinction in the representation of molecular formulas. Specifically, these notation devices serve as an indicator of the grouping and representation of molecular entities, providing clarity and precision in conveying complex chemical information.

In chemical equations, square brackets are utilized to enclose the chemical molecular formula of molecules with multiple functional groups that are identical. This convention is instrumental in distinguishing between molecules with the same molecular formula but varying structural configurations, thereby facilitating the differentiation and identification of isomers. For instance, the chemical formula [CH] can be interpreted as implying a central carbon atom bonded to one hydrogen atom and three CH groups, thereby yielding a distinct structural arrangement.

Furthermore, square brackets are employed to enclose the ionic formula of complex ions, which are molecules with a net positive or negative charge. This notation is particularly important in highlighting the charge distribution and the nature of the ionic species. For example, the formula [BH] is indicative of a boron-hydride ion with a net positive charge, commonly encountered in compounds such as boranes. The use of square brackets in this context ensures a clear representation of the ionic entity, which is essential for accurately representing and manipulating chemical reactions.

In addition, the use of square brackets can be further refined by employing parentheses, which can be nested within the brackets to denote a repeating unit. This notation is particularly relevant in the representation of polymeric structures, where a repeating sequence of monomers can be represented as [Co(NH)Cl], indicating a cobalt complex with six NH groups bonded to cobalt, enclosed within a charge-3 ion.

In summary, the judicious use of square brackets in chemical equations serves as a crucial tool for representing the complexities of molecular structures and ionic species, thereby facilitating a deeper understanding and analysis of chemical reactions and properties.","
Long Answer: In a chemical equation square brackets are used around the chemical molecular formula. Molecules with multiple functional groups that are the same may be expressed by enclosing the repeated group in round brackets. And for more complex ions, the square brackets are used to enclose the used to enclose the ionic formula.
Context: Conventionally for concentrations and activities, square brackets [ ] are used around the chemical molecular formula. For an arbitrary atom, generic letters in upright non-bold typeface such as A, B, R, X or Y etc. are often used.
Context: Molecules with multiple functional groups that are the same may be expressed by enclosing the repeated group in round brackets. For example, isobutane may be written (CH)CH. This condensed structural formula implies a different connectivity from other molecules that can be formed using the same atoms in the same proportions (isomers). The formula (CH)CH implies a central carbon atom connected to one hydrogen atom and three CH groups. The same number of atoms of each element (10 hydrogens and 4 carbons, or CH) may be used to make a straight chain molecule, ""n""-butane: CHCHCHCH.
Context: For more complex ions, brackets [ ] are often used to enclose the ionic formula, as in [BH], which is found in compounds such as Cs[BH]. Parentheses ( ) can be nested inside brackets to indicate a repeating unit, as in [Co(NH)]Cl. Here, (NH) indicates that the ion contains six NH groups bonded to cobalt, and [ ] encloses the entire formula of the ion with charge +3. ",0.1616466790437698,0.0318617073849548,0.25
E12618,618,17,simple,"['1914', '1957', '1995']",When did atlanta braves win the world series?,"
The Atlanta Braves won the World Series three times. 

They won it in 1914, 1957, and 1995.","
Knowledge: The World Series is the annual championship series of Major League Baseball (MLB) in the United States and Canada, contested since 1903 between the champion teams of the American League (AL) and the National League (NL). The winner of the World Series championship is determined through a best-of-seven playoff, and the winning team is awarded the Commissioner's Trophy.
Knowledge: The Atlanta Braves are an American professional baseball team based in the Atlanta metropolitan area. The Braves compete in Major League Baseball (MLB) as a member club of the National League (NL) East division.
Long Answer: The Atlanta Braves are an American professional baseball team based in the Atlanta metropolitan area, a team that competes in Major League Baseball as a member club of the National League East Division. The World Series is the annual championship series of Major League Baseball in the United States and Canada, contested since 1903 between the champion teams of the American League, and the National League. The winner of the World Series championship is determined through a best-of-seven playoff, and the winning team is awarded the Commissioner's Trophy. The Atlanta Braves won the World Series in 1914, 1957 and 1995.
Context: From 1991 to 2005, the Braves were one of the most successful teams in baseball, winning division titles an unprecedented 14 consecutive times (omitting the strike-shortened 1994 season in which there were no official division champions), and producing one of the greatest pitching rotations in the history of baseball. Most notably, this rotation consisted of pitchers Greg Maddux, John Smoltz, and Tom Glavine. Pitcher Steve Avery also was a significant contributor to the rotation during the period of 1991-1993. The Braves won the National League West division from 1991 to 1993, and after divisional realignment, the National League East division from 1995 to 2005. They returned to the playoffs as the National League Wild Card in 2010. The Braves advanced to the World Series five times in the 1990s (1991, 1992, 1995, 1996, and 1999), winning the title in 1995 against the Cleveland Indians. Since their debut in the National League in 1876, the franchise has won 18 divisional titles, 17 National League pennants, and three World Series championships — in 1914 as the Boston Braves, in 1957 as the Milwaukee Braves, and in 1995 as the Atlanta Braves. The Braves are the only Major League Baseball franchise to have won the World Series in three different home cities.",0.3112676441669464,0.0,1.0
E13618,618,77,complex,"['1914', '1957', '1995']",When did atlanta braves win the world series?,"
The Atlanta Braves have successfully claimed the coveted title of World Series champions on three separate occasions, with the most recent instance occurring in 1995. This year marked a triumphant culmination of their diligent efforts, as they vanquished the Cleveland Indians in a captivating, seven-game series. The Braves' championship victory in 1995 was a resounding affirmation of their organizational prowess and individual excellence, cementing their position as a force to be reckoned with in the National League.","
Knowledge: The World Series is the annual championship series of Major League Baseball (MLB) in the United States and Canada, contested since 1903 between the champion teams of the American League (AL) and the National League (NL). The winner of the World Series championship is determined through a best-of-seven playoff, and the winning team is awarded the Commissioner's Trophy.
Knowledge: The Atlanta Braves are an American professional baseball team based in the Atlanta metropolitan area. The Braves compete in Major League Baseball (MLB) as a member club of the National League (NL) East division.
Long Answer: The Atlanta Braves are an American professional baseball team based in the Atlanta metropolitan area, a team that competes in Major League Baseball as a member club of the National League East Division. The World Series is the annual championship series of Major League Baseball in the United States and Canada, contested since 1903 between the champion teams of the American League, and the National League. The winner of the World Series championship is determined through a best-of-seven playoff, and the winning team is awarded the Commissioner's Trophy. The Atlanta Braves won the World Series in 1914, 1957 and 1995.
Context: From 1991 to 2005, the Braves were one of the most successful teams in baseball, winning division titles an unprecedented 14 consecutive times (omitting the strike-shortened 1994 season in which there were no official division champions), and producing one of the greatest pitching rotations in the history of baseball. Most notably, this rotation consisted of pitchers Greg Maddux, John Smoltz, and Tom Glavine. Pitcher Steve Avery also was a significant contributor to the rotation during the period of 1991-1993. The Braves won the National League West division from 1991 to 1993, and after divisional realignment, the National League East division from 1995 to 2005. They returned to the playoffs as the National League Wild Card in 2010. The Braves advanced to the World Series five times in the 1990s (1991, 1992, 1995, 1996, and 1999), winning the title in 1995 against the Cleveland Indians. Since their debut in the National League in 1876, the franchise has won 18 divisional titles, 17 National League pennants, and three World Series championships — in 1914 as the Boston Braves, in 1957 as the Milwaukee Braves, and in 1995 as the Atlanta Braves. The Braves are the only Major League Baseball franchise to have won the World Series in three different home cities.",0.085475668311119,0.0023555952768576,0.3333333333333333
E12619,619,12,simple,"['August 5, 2017', 'August 18, 2017']",When did what happened to monday come out?,"
The movie ""What Happened to Monday"" came out on August 18, 2017.","
Knowledge: What Happened to Monday (known in several territories as Seven Sisters) is a 2017 dystopian science-fiction action-thriller film directed by Tommy Wirkola and stars Noomi Rapace, Glenn Close and Willem Dafoe. It was written by Max Botkin and Kerry Williamson.[8] The plot follows a family of identical septuplets (seven genetically identical girls) who live in a world where due to overpopulation each household is allowed only one child. When one of the sisters goes missing, the others must find her while remaining unknown to the outside world.
Long Answer: On August 5, 2017 the film ""What Happened To Monday"" came out in the Locarno Festival, and on August 18, 2017 in the United States. The film, also known in several territories as Seven Sisters, is a 2017 dystopian science-fiction action-thriller film that follows a family of identical septuplets who live in a world where, due to overpopulation, each household is allowed only one child. When one of the sisters goes missing, the others must find her while remaining unknown to the outside world. 
Context: What Happened to Monday (known as Seven Sisters in Canada, France, Spain, Portugal, Italy, Poland, Slovakia, Hungary, Bulgaria and Japan) is a 2017 dystopian science fiction thriller film directed by Tommy Wirkola and starring Noomi Rapace, Glenn Close and Willem Dafoe. It was written by Max Botkin and Kerry Williamson. The film was released theatrically in Europe and Asia and Netflix bought the streaming rights to the film for the United States as well as the United Kingdom and Latin America. Netflix released the film on August 18, 2017.",0.404715746641159,0.0360208028820736,0.5
E13619,619,41,complex,"['August 5, 2017', 'August 18, 2017']",When did what happened to monday come out?,"
The cinematic release of ""What Happened to Monday"" was orchestrated on August 5, 2017, at the Locarno Film Festival, subsequently followed by a wider theatrical distribution in various territories, including a domestic release in the United States on August 18, 2017.","
Knowledge: What Happened to Monday (known in several territories as Seven Sisters) is a 2017 dystopian science-fiction action-thriller film directed by Tommy Wirkola and stars Noomi Rapace, Glenn Close and Willem Dafoe. It was written by Max Botkin and Kerry Williamson.[8] The plot follows a family of identical septuplets (seven genetically identical girls) who live in a world where due to overpopulation each household is allowed only one child. When one of the sisters goes missing, the others must find her while remaining unknown to the outside world.
Long Answer: On August 5, 2017 the film ""What Happened To Monday"" came out in the Locarno Festival, and on August 18, 2017 in the United States. The film, also known in several territories as Seven Sisters, is a 2017 dystopian science-fiction action-thriller film that follows a family of identical septuplets who live in a world where, due to overpopulation, each household is allowed only one child. When one of the sisters goes missing, the others must find her while remaining unknown to the outside world. 
Context: What Happened to Monday (known as Seven Sisters in Canada, France, Spain, Portugal, Italy, Poland, Slovakia, Hungary, Bulgaria and Japan) is a 2017 dystopian science fiction thriller film directed by Tommy Wirkola and starring Noomi Rapace, Glenn Close and Willem Dafoe. It was written by Max Botkin and Kerry Williamson. The film was released theatrically in Europe and Asia and Netflix bought the streaming rights to the film for the United States as well as the United Kingdom and Latin America. Netflix released the film on August 18, 2017.",0.3322166800498962,0.0125347246907176,1.0
E12620,620,12,simple,"['South America', 'Jesuit missionary', 'Hong Kong']",Where did the movie the mission take place?,"
The movie ""The Mission"" (the 1986 one) took place in South America.","
Long Answer: There are a couple of movies titled The Mission. One written by Robert Bolt, is a 1 a 1986 British drama film about the experiences of a Jesuit missionary in 18th-century South America, starring Robert De Niro, Jeremy Irons, Ray McAnally, Aidan Quinn, Cherie Lunghi, and Liam Neeson. The other movie, with the same name, is a 1999 Hong Kong crime film produced and directed by Johnnie To, starring Anthony Wong, Francis Ng, Jackie Lui, Lam Suet, and Simon Yam. 
Context: The Mission is a 1986 British period drama film about the experiences of a Jesuit missionary in 18th-century South America. Written by Robert Bolt and directed by Roland Joffé, the film stars Robert De Niro, Jeremy Irons, Ray McAnally, Aidan Quinn, Cherie Lunghi, and Liam Neeson.
Context: The Mission (, jyutping: Coeng1 Fo2, lit. The Gunfire) is a 1999 Hong Kong crime film produced and directed Johnnie To, and starring Anthony Wong, Francis Ng, Jackie Lui, Lam Suet, and Simon Yam.",0.2207949161529541,0.0170331860376392,0.3333333333333333
E13620,620,124,complex,"['South America', 'Jesuit missionary', 'Hong Kong']",Where did the movie the mission take place?,"
The setting for the two disparate cinematic endeavors bearing the moniker ""The Mission"" is distinguished by its geographical and temporal parameters. 

The 1986 British drama film, penned by Robert Bolt and directed by Roland Joffé, is set in 18th-century South America, specifically in the vast and unforgiving landscapes of the New World. This epochal backdrop provides a poignant and intense backdrop for the narrative's exploration of spirituality, colonialism, and the human condition.

In stark contrast, the 1999 Hong Kong crime film, produced and directed by Johnnie To, is situated in the urban landscape of Hong Kong, rather than the tropical regions of South America. This juxtaposition serves as a deliberate narrative choice, highlighting the vastly different cultural and atmospheric contexts of the two films.","
Long Answer: There are a couple of movies titled The Mission. One written by Robert Bolt, is a 1 a 1986 British drama film about the experiences of a Jesuit missionary in 18th-century South America, starring Robert De Niro, Jeremy Irons, Ray McAnally, Aidan Quinn, Cherie Lunghi, and Liam Neeson. The other movie, with the same name, is a 1999 Hong Kong crime film produced and directed by Johnnie To, starring Anthony Wong, Francis Ng, Jackie Lui, Lam Suet, and Simon Yam. 
Context: The Mission is a 1986 British period drama film about the experiences of a Jesuit missionary in 18th-century South America. Written by Robert Bolt and directed by Roland Joffé, the film stars Robert De Niro, Jeremy Irons, Ray McAnally, Aidan Quinn, Cherie Lunghi, and Liam Neeson.
Context: The Mission (, jyutping: Coeng1 Fo2, lit. The Gunfire) is a 1999 Hong Kong crime film produced and directed Johnnie To, and starring Anthony Wong, Francis Ng, Jackie Lui, Lam Suet, and Simon Yam.",0.1543714702129364,0.0033975222869328,0.6666666666666666
E12621,621,24,simple,"['Luke Cage', 'Jessica Jones']",What came first luke cage or jessica jones?,"
Luke Cage came out first. He was created in 1972. He is a superhero in the comic books. Jessica Jones came later, in 2001.","
Knowledge: Jessica Campbell Jones Cage[1] is a fictional superhero appearing in American comic books published by Marvel Comics. The character was created by writer Brian Michael Bendis and artist Michael Gaydos and first appeared in Alias #1 (November 2001), as part of Marvel's Max, an imprint for more mature content. 
Knowledge: The first two episodes of the season premiered in New York City on November 17, 2015, with the full season of 13 episodes released on Netflix on November 20 to an estimated high viewership and critical acclaim. 
Knowledge: All episodes of the first season premiered on September 30, 2016. They were met with positive reviews. In December 2016, Netflix renewed Luke Cage for a second season, which was released on June 22, 2018. Following creative differences between Netflix and the series' writers during the development of a third season, Netflix canceled the series on October 19, 2018.
Knowledge:  Luke Cage, a former convict with superhuman strength and unbreakable skin who now fights crime and corruption.
Long Answer: Luke Cage, first appeared in an American comic book ""Luke Cage, Hero for Hire"" in June 1972, published by Marvel Comics. Jessica Campbell Jones Cage, is another Marvel Comics superhero; however, she first appeared in Alias#1 in November, 2001, as part of Marvel's Max, an imprint for more mature content. Both Cage and Jones also appear in their own television series, ""Jessica Jones"" first premiered on Netflix in November, 2015. Luke Cage, a former convict with superhuman strength and unbreakable skin who now fights crime and corruption, premiered September 30, 2016.
Context: Luke Cage (Power Man) is a fictional superhero appearing in American comic books published by Marvel Comics. Luke Cage first appeared in ""Luke Cage, Hero for Hire"" #1 (June 1972) and was created by Archie Goodwin, George Tuska, Roy Thomas, and John Romita Sr. He was the first black superhero to be featured as the protagonist and title character of a comic book.
Context: ""Jessica Jones"" was included on multiple Best/Top TV Shows of 2015 lists, ranking on ""People""s (1st, along with ""Daredevil""), Indiewire and ""The Star-Ledger""s (2nd), NPR's (3rd), ScreenCrush's (4th), Digital Spy's (5th), ""Complex""s (6th), Vulture's (7th), ""Slate Magazine""s (9th), and ""TV Guide""s (11th). It was also included on un-ranked lists from Maureen Ryan of ""Variety"", Mary McNamara of the ""Los Angeles Times"", ""The Week"", and ""Wired"". In December 2015, IGN named ""Jessica Jones"" the Netflix's best original series released to date, and it was named one of the Best New Shows of 2015 by Ryan, as well as the tenth best new show of 2015 by ""Entertainment Weekly""s Jeff Jensen. ""The Atlantic"" named ""AKA WWJD?"" one of the best television episodes of 2015. Additionally, ""Jessica Jones"" was the second most trending television series search on Google for 2015.",0.3193762898445129,0.0236661293256479,1.0
E13621,621,91,complex,"['Luke Cage', 'Jessica Jones']",What came first luke cage or jessica jones?,"
A salient inquiry regarding the temporal precedence of two exemplary Marvel Comics protagonists. 

It is a verifiable fact that Jessica Jones, a Marvel Comics superheroine, made her inaugural appearance in the comic book ""Alias"" #1, published in November 2001. Conversely, Luke Cage, the storied ""Power Man,"" debuted in the comic book ""Luke Cage, Hero for Hire"" #1, which was published in June 1972.

Consequently, based on this information, it is discernible that Luke Cage, the eponymous protagonist of ""Luke Cage, Hero for Hire,"" predates Jessica Jones by a staggering 29 years.","
Knowledge: Jessica Campbell Jones Cage[1] is a fictional superhero appearing in American comic books published by Marvel Comics. The character was created by writer Brian Michael Bendis and artist Michael Gaydos and first appeared in Alias #1 (November 2001), as part of Marvel's Max, an imprint for more mature content. 
Knowledge: The first two episodes of the season premiered in New York City on November 17, 2015, with the full season of 13 episodes released on Netflix on November 20 to an estimated high viewership and critical acclaim. 
Knowledge: All episodes of the first season premiered on September 30, 2016. They were met with positive reviews. In December 2016, Netflix renewed Luke Cage for a second season, which was released on June 22, 2018. Following creative differences between Netflix and the series' writers during the development of a third season, Netflix canceled the series on October 19, 2018.
Knowledge:  Luke Cage, a former convict with superhuman strength and unbreakable skin who now fights crime and corruption.
Long Answer: Luke Cage, first appeared in an American comic book ""Luke Cage, Hero for Hire"" in June 1972, published by Marvel Comics. Jessica Campbell Jones Cage, is another Marvel Comics superhero; however, she first appeared in Alias#1 in November, 2001, as part of Marvel's Max, an imprint for more mature content. Both Cage and Jones also appear in their own television series, ""Jessica Jones"" first premiered on Netflix in November, 2015. Luke Cage, a former convict with superhuman strength and unbreakable skin who now fights crime and corruption, premiered September 30, 2016.
Context: Luke Cage (Power Man) is a fictional superhero appearing in American comic books published by Marvel Comics. Luke Cage first appeared in ""Luke Cage, Hero for Hire"" #1 (June 1972) and was created by Archie Goodwin, George Tuska, Roy Thomas, and John Romita Sr. He was the first black superhero to be featured as the protagonist and title character of a comic book.
Context: ""Jessica Jones"" was included on multiple Best/Top TV Shows of 2015 lists, ranking on ""People""s (1st, along with ""Daredevil""), Indiewire and ""The Star-Ledger""s (2nd), NPR's (3rd), ScreenCrush's (4th), Digital Spy's (5th), ""Complex""s (6th), Vulture's (7th), ""Slate Magazine""s (9th), and ""TV Guide""s (11th). It was also included on un-ranked lists from Maureen Ryan of ""Variety"", Mary McNamara of the ""Los Angeles Times"", ""The Week"", and ""Wired"". In December 2015, IGN named ""Jessica Jones"" the Netflix's best original series released to date, and it was named one of the Best New Shows of 2015 by Ryan, as well as the tenth best new show of 2015 by ""Entertainment Weekly""s Jeff Jensen. ""The Atlantic"" named ""AKA WWJD?"" one of the best television episodes of 2015. Additionally, ""Jessica Jones"" was the second most trending television series search on Google for 2015.",0.1661247760057449,0.0046504091937697,1.0
E12622,622,13,simple,"['August 17, 2007', 'February 1, 2008']",When did the first episode of phineas and ferb come out?,"
The first episode of Phineas and Ferb was shown on August 17, 2007.","
Long Answer: Phineas and Ferb, is an American animated musical comedy television series produced by Disney Television Animation and was originally broadcasted as a one-episode preview on August 17, 2007. The series officially premiered on February 1, 2008, on Disney Channel, running until June 12, 2015. 
Context: Phineas and Ferb is an American animated musical comedy television series produced by Disney Television Animation. Originally broadcast as a one-episode preview on August 17, 2007, and again previewed on September 28, 2007, the series officially premiered on February 1, 2008, on Disney Channel, running until June 12, 2015. The program follows Phineas Flynn and his stepbrother Ferb Fletcher on summer vacation. Every day, the boys embark on some grand new project; these are usually unrealistic given the protagonists' ages (and are sometimes downright physically impossible), which annoys their controlling sister, Candace, who frequently tries to reveal their shenanigans to her and Phineas' mother, Linda Flynn-Fletcher, and less frequently to Ferb's father, Lawrence Fletcher. The series follows a standard plot system: running gags occur every episode, and the b-plot almost always features Phineas and Ferb's pet platypus Perry the Platypus working as a spy (named ""Agent P"") for OWCA (the Organization Without a Cool Acronym), to defeat the latest scheme of Dr. Heinz Doofenshmirtz, a mad scientist driven largely by a need to assert his evilness (although he is not especially evil and has a good heart in some situations). The two plots intersect at the end to erase all traces of the boys' project just before Candace can show it to their mother. This usually leaves Candace very frustrated.",0.3711633682250976,0.0328570204479777,0.5
E13622,622,56,complex,"['August 17, 2007', 'February 1, 2008']",When did the first episode of phineas and ferb come out?,"
The inaugural episode of Phineas and Ferb, an animated musical comedy television series, debuted on February 1, 2008, marking the commencement of its inaugural season. This inaugural presentation served as the inaugural episode of the series, signaling the commencement of the narrative that would captivate audiences worldwide with its dynamic blend of whimsy, humor, and creativity.","
Long Answer: Phineas and Ferb, is an American animated musical comedy television series produced by Disney Television Animation and was originally broadcasted as a one-episode preview on August 17, 2007. The series officially premiered on February 1, 2008, on Disney Channel, running until June 12, 2015. 
Context: Phineas and Ferb is an American animated musical comedy television series produced by Disney Television Animation. Originally broadcast as a one-episode preview on August 17, 2007, and again previewed on September 28, 2007, the series officially premiered on February 1, 2008, on Disney Channel, running until June 12, 2015. The program follows Phineas Flynn and his stepbrother Ferb Fletcher on summer vacation. Every day, the boys embark on some grand new project; these are usually unrealistic given the protagonists' ages (and are sometimes downright physically impossible), which annoys their controlling sister, Candace, who frequently tries to reveal their shenanigans to her and Phineas' mother, Linda Flynn-Fletcher, and less frequently to Ferb's father, Lawrence Fletcher. The series follows a standard plot system: running gags occur every episode, and the b-plot almost always features Phineas and Ferb's pet platypus Perry the Platypus working as a spy (named ""Agent P"") for OWCA (the Organization Without a Cool Acronym), to defeat the latest scheme of Dr. Heinz Doofenshmirtz, a mad scientist driven largely by a need to assert his evilness (although he is not especially evil and has a good heart in some situations). The two plots intersect at the end to erase all traces of the boys' project just before Candace can show it to their mother. This usually leaves Candace very frustrated.",0.1369150131940841,0.0069016417535906,0.5
E12623,623,82,simple,"['sale of one million units for albums and two million for singles', '400,000+ sales', '1,000,000 sales', '600,000 sales', '80,000 sales', '150,000 sales']",What does it mean for a single to go platinum?,"
In the music industry, a single can be called ""platinum"" if it sells a lot of copies. The exact number of copies sold is important.

In the United States, it means selling at least 1 million copies. This is a big number!

In some other countries, like the United Kingdom, Canada, and France, a single is called platinum if it sells 600,000, 80,000, and 150,000 copies, respectively.

So, if a single sells a lot of copies, it gets a special label: platinum!","
Knowledge: In the United States, the Recording Industry Association of America (RIAA) awards certification based on the number of albums and singles sold through retail and other ancillary markets.
Knowledge: The Independent Music Companies Association (IMPALA) was founded in April 2000 to grow the independent music sector and promote independent music in the interests of artistic, entrepreneurial and cultural diversity.
Long Answer: In the United States, the Recording Industry Association of America, known as RIAA, awards certification based on the number of albums and singles sold through retail and other ancillary markets. According to RIAA certification in order for single to go platinum it means the sale of one million units for albums and two million for singles, under IMPALA, Independent Music Companies Association, certification, it is 400,000+ sales. For a single in the United States to go platinum, it has 1,000,000 sales, the United Kingdom is 600,000 sales, Canada is 80,000 sales, and in France 150,000 sales. ",0.2182443886995315,0.0031243595783151,0.0
E13623,623,117,complex,"['sale of one million units for albums and two million for singles', '400,000+ sales', '1,000,000 sales', '600,000 sales', '80,000 sales', '150,000 sales']",What does it mean for a single to go platinum?,"
To achieve a singular certification, the sales threshold is a noteworthy metric, denoting a level of commercial success and widespread popularity. Specifically, in the United States, a single is considered ""platinum"" when it has sold a minimum of one million units, according to the Recording Industry Association of America (RIAA). This esteemed distinction serves as a benchmark, signifying a substantial level of commercial viability and appeal. In contrast, the European Union, particularly in the United Kingdom, Canada, and France, the requisite sales figures for achieving a platinum certification are, respectively, 600,000, 80,000, and 150,000 units. These variations in sales thresholds underscore the importance of regional markets and the disparate approaches to measuring success within the music industry.","
Knowledge: In the United States, the Recording Industry Association of America (RIAA) awards certification based on the number of albums and singles sold through retail and other ancillary markets.
Knowledge: The Independent Music Companies Association (IMPALA) was founded in April 2000 to grow the independent music sector and promote independent music in the interests of artistic, entrepreneurial and cultural diversity.
Long Answer: In the United States, the Recording Industry Association of America, known as RIAA, awards certification based on the number of albums and singles sold through retail and other ancillary markets. According to RIAA certification in order for single to go platinum it means the sale of one million units for albums and two million for singles, under IMPALA, Independent Music Companies Association, certification, it is 400,000+ sales. For a single in the United States to go platinum, it has 1,000,000 sales, the United Kingdom is 600,000 sales, Canada is 80,000 sales, and in France 150,000 sales. ",0.164760023355484,0.0094182534479176,0.0
E12624,624,17,simple,"['Ronadl Colman, Donald Woods and Elizabeth Allan', 'Chris Sarandon and Alice Krige', 'Dirk Bogarde and Dorothy Tutin']",Who starred in a tale of two cities?,"
In the 1958 movie ""A Tale of Two Cities"", the stars were Dirk Bogarde and Dorothy Tutin.","
Knowledge: A Tale of Two Cities is a 1958 British film directed by Ralph Thomas and starring Dirk Bogarde and Dorothy Tutin. It is a period drama based on parts of Charles Dickens' novel A Tale of Two Cities (1859).
Knowledge: A Tale of Two Cities is a 1980 American historical and drama film made for TV,[2] directed by Jim Goddard and starring Chris Sarandon, who plays dual roles as two characters who are in love with the same woman. It is based on the 1859 Charles Dickens novel of the same name set in the French Revolution.
Knowledge: A Tale of Two Cities is a 1935 film based upon Charles Dickens' 1859 historical novel, A Tale of Two Cities, set in London and Paris. The film stars Ronald Colman as Sydney Carton, Donald Woods and Elizabeth Allan. 
Long Answer: There are several movies called ""A Tale of Two Cities"" based off of a novel by Charles Dickens' A Tale of Two Cities in 1859 set in the French Revolution. Ronadl Colman, Donald Woods and Elizabeth Allan stared in the 1935 film. In 1958 Dirk Bogarde and Dorothy Tutin, and in 1980 the stars were Chris Sarandon and Alice Krige. 
Context: A Tale of Two Cities is a 1958 British film directed by Ralph Thomas and starring Dirk Bogarde and Dorothy Tutin. It is a period drama based on parts of Charles Dickens' novel ""A Tale of Two Cities"" (1859).",0.3603361845016479,0.1431712315455507,0.3333333333333333
E13624,624,72,complex,"['Ronadl Colman, Donald Woods and Elizabeth Allan', 'Chris Sarandon and Alice Krige', 'Dirk Bogarde and Dorothy Tutin']",Who starred in a tale of two cities?,"
The film ""A Tale of Two Cities"" (1958) boasted an esteemed cast, featuring the accomplished actor Dirk Bogarde in the lead role, alongside the talented Dorothy Tutin. This cinematic interpretation of Charles Dickens' seminal novel, also known as ""A Tale of Two Cities"" (1859), was directed by the venerable Ralph Thomas. This adaptation has become a notable iteration of the classic tale, bringing to life the tumultuous era of the French Revolution.","
Knowledge: A Tale of Two Cities is a 1958 British film directed by Ralph Thomas and starring Dirk Bogarde and Dorothy Tutin. It is a period drama based on parts of Charles Dickens' novel A Tale of Two Cities (1859).
Knowledge: A Tale of Two Cities is a 1980 American historical and drama film made for TV,[2] directed by Jim Goddard and starring Chris Sarandon, who plays dual roles as two characters who are in love with the same woman. It is based on the 1859 Charles Dickens novel of the same name set in the French Revolution.
Knowledge: A Tale of Two Cities is a 1935 film based upon Charles Dickens' 1859 historical novel, A Tale of Two Cities, set in London and Paris. The film stars Ronald Colman as Sydney Carton, Donald Woods and Elizabeth Allan. 
Long Answer: There are several movies called ""A Tale of Two Cities"" based off of a novel by Charles Dickens' A Tale of Two Cities in 1859 set in the French Revolution. Ronadl Colman, Donald Woods and Elizabeth Allan stared in the 1935 film. In 1958 Dirk Bogarde and Dorothy Tutin, and in 1980 the stars were Chris Sarandon and Alice Krige. 
Context: A Tale of Two Cities is a 1958 British film directed by Ralph Thomas and starring Dirk Bogarde and Dorothy Tutin. It is a period drama based on parts of Charles Dickens' novel ""A Tale of Two Cities"" (1859).",0.2564301788806915,0.0059039928070311,0.0
E12625,625,11,simple,"['Philadelphia, Pennsylvania, United States', 'Philadelphia', 'Philadelphia, Pennsylvania', 'Philly', 'Lincoln Financial Field', 'South Philadelphia on Pattison Avenue between 11th and South Darien streets', 'South Philadelphia Sports Complex']",Where do the philadelphia eagles play their home games?,"
The Philadelphia Eagles play their home games at Lincoln Financial Field.","
Knowledge: Lincoln Financial Field is an American football stadium located in Philadelphia, Pennsylvania, United States. Many locals refer to the stadium simply as ""The Linc"". It serves as the home stadium of the Philadelphia Eagles of the National Football League (NFL) and the Temple Owls football team of Temple University. It is located in South Philadelphia on Pattison Avenue between 11th and South Darien streets, also alongside I-95 as part of the South Philadelphia Sports Complex. 
Long Answer: Lincoln Financial Field is an American football stadium located in Philadelphia, Pennsylvania, United States. It is the home stadium of the Philadelphia Eagles of the National Football League, and the Temple Owls football team of Temple University. It is located in South Philadelphia on Pattison Avenue between 11th and South Darien streets, also alongside I-95 as part of the South Philadelphia Sports Complex. 
Context: In the second quarter Philadelphia faced fourth-and-goal on the 1-yard line with 38 seconds left on the clock. Deciding to go for the touchdown, they attempted a similar trick play to the one that had failed for the Patriots earlier. It would become the most memorable play of the game. As Foles stepped up to the running back position, Clement took a direct snap and pitched the ball to tight end Trey Burton, who then threw the ball to Foles, who was wide open in the right side of the end zone. Foles caught the ball, making him the first quarterback ever to catch a touchdown pass in a Super Bowl, and the ensuing extra point was good, giving the Eagles a 22–12 lead, which was taken into the locker room after a short drive by the Patriots. The play came to be known as the Philly Special. The Eagles won their first Vince Lombardi Trophy in franchise history, and their first league championship since 1960, ending the third-longest active championship drought in the NFL at 57 years.
Context: Along with their fierce devotion, Eagles fans have a reputation for bad behavior and sports-related violence, especially when the team plays its rivals. In ""If Football's a Religion, Why Don't We Have a Prayer?"", Jereé Longman described the fans of the 700 Level of Veterans Stadium as having a reputation for ""hostile taunting, fighting, public urination and general strangeness."" So many incidents occurred at a 1997 game against the 49ers that at the following home game, Judge Seamus McCaffery began presiding over a temporary courtroom at the stadium; 20 suspects came before him that day. Fan behavior improved after the team's move to Lincoln Financial Field, and ""Eagles Court"" ended in December 2003.",0.2722470164299011,0.044116293593227,0.2857142857142857
E13625,625,105,complex,"['Philadelphia, Pennsylvania, United States', 'Philadelphia', 'Philadelphia, Pennsylvania', 'Philly', 'Lincoln Financial Field', 'South Philadelphia on Pattison Avenue between 11th and South Darien streets', 'South Philadelphia Sports Complex']",Where do the philadelphia eagles play their home games?,"
The Philadelphia Eagles, a stalwart institution in the National Football League (NFL), have established a domicile for their home games at Lincoln Financial Field, a venue situated in the heart of South Philadelphia, Pennsylvania. Specifically, the stadium is located along Pattison Avenue, nestled between 11th and South Darien streets, and concurrently shares a physical adjacency with Interstate 95, as part of the expansive South Philadelphia Sports Complex. This iconic stadium has served as the Eagles' primary domicile since their relocation from Veterans Stadium in 2003, and has been the site of numerous storied games, including the aforementioned historic ""Philly Special"" play in Super Bowl LII.","
Knowledge: Lincoln Financial Field is an American football stadium located in Philadelphia, Pennsylvania, United States. Many locals refer to the stadium simply as ""The Linc"". It serves as the home stadium of the Philadelphia Eagles of the National Football League (NFL) and the Temple Owls football team of Temple University. It is located in South Philadelphia on Pattison Avenue between 11th and South Darien streets, also alongside I-95 as part of the South Philadelphia Sports Complex. 
Long Answer: Lincoln Financial Field is an American football stadium located in Philadelphia, Pennsylvania, United States. It is the home stadium of the Philadelphia Eagles of the National Football League, and the Temple Owls football team of Temple University. It is located in South Philadelphia on Pattison Avenue between 11th and South Darien streets, also alongside I-95 as part of the South Philadelphia Sports Complex. 
Context: In the second quarter Philadelphia faced fourth-and-goal on the 1-yard line with 38 seconds left on the clock. Deciding to go for the touchdown, they attempted a similar trick play to the one that had failed for the Patriots earlier. It would become the most memorable play of the game. As Foles stepped up to the running back position, Clement took a direct snap and pitched the ball to tight end Trey Burton, who then threw the ball to Foles, who was wide open in the right side of the end zone. Foles caught the ball, making him the first quarterback ever to catch a touchdown pass in a Super Bowl, and the ensuing extra point was good, giving the Eagles a 22–12 lead, which was taken into the locker room after a short drive by the Patriots. The play came to be known as the Philly Special. The Eagles won their first Vince Lombardi Trophy in franchise history, and their first league championship since 1960, ending the third-longest active championship drought in the NFL at 57 years.
Context: Along with their fierce devotion, Eagles fans have a reputation for bad behavior and sports-related violence, especially when the team plays its rivals. In ""If Football's a Religion, Why Don't We Have a Prayer?"", Jereé Longman described the fans of the 700 Level of Veterans Stadium as having a reputation for ""hostile taunting, fighting, public urination and general strangeness."" So many incidents occurred at a 1997 game against the 49ers that at the following home game, Judge Seamus McCaffery began presiding over a temporary courtroom at the stadium; 20 suspects came before him that day. Fan behavior improved after the team's move to Lincoln Financial Field, and ""Eagles Court"" ended in December 2003.",0.2306631058454513,0.0491957186995304,0.7142857142857143
E12626,626,6,simple,"['a certain priest', 'a priest', 'a Levite']",Who walked past the man in the good samaritan?,"
Two people walked past the man.","
Knowledge: The parable of the Good Samaritan is told by Jesus in the Gospel of Luke.[Lk 10:25–37] It is about a traveler who is stripped of clothing, beaten, and left half dead alongside the road. First a Jewish priest and then a Levite comes by, but both avoid the man. Finally, a Samaritan happens upon the traveler. Although Samaritans and Jews despised each other, the Samaritan helps the injured man. Jesus is described as telling the parable in response to the question from a lawyer, ""And who is my neighbor?"" The conclusion is that the neighbor figure in the parable is the one who shows mercy to the injured fellow man—that is, the Samaritan.
Long Answer: The parable of the Good Samaritan is told by Jesus in the Gospel of Luke, which is about a traveler who is stripped of clothing, beaten, and left half dead alongside the road. First a certain priest, a Jewish priest, and then a Levite comes by, but both avoid the man, but finally, a Samaritan happens upon the traveler, and although Samaritans and Jews despised each other, the Samaritan helps the injured man. Jesus is described as telling the parable in response to the question from a lawyer, ""And who is my neighbor?"" The conclusion is that the neighbor figure in the parable is the one who shows mercy to the injured fellow man—that is, the Samaritan.
Context: The parable of the Good Samaritan is a parable told by Jesus in the Gospel of Luke. It is about a traveller who is stripped of clothing, beaten, and left half dead alongside the road. First a priest and then a Levite comes by, but both avoid the man. Finally, a Samaritan happens upon the traveller. Samaritans and Jews despised each other, but the Samaritan helps the injured man. Jesus is described as telling the parable in response to the question from a lawyer, ""And who is my neighbour?"". In response, Jesus tells the parable, the conclusion of which is that the neighbour figure in the parable is the man who shows mercy to the injured man—that is, the Samaritan.
Context: The man who was going down is Adam. Jerusalem is paradise, and Jericho is the world. The robbers are hostile powers. The priest is the Law, the Levite is the prophets, and the Samaritan is Christ. The wounds are disobedience, the beast is the Lord's body, the [inn], which accepts all who wish to enter, is the Church. ... The manager of the [inn] is the head of the Church, to whom its care has been entrusted. And the fact that the Samaritan promises he will return represents the Savior's second coming.",0.1820120066404342,0.0,0.0
E13626,626,184,complex,"['a certain priest', 'a priest', 'a Levite']",Who walked past the man in the good samaritan?,"
In the parable of the Good Samaritan as told by Jesus in the Gospel of Luke, it is described that two individuals, a priest and a Levite, respectively, traversed the road and deliberately avoided the incapacitated traveler, leaving him to suffer and succumb to his injuries. Both of these individuals belonged to the priestly and prophetic classes of ancient Jewish society, which were traditionally characterized by a strong sense of duty and responsibility towards the Jewish community. However, in the case of the priest and the Levite, this sense of duty seemed to have deserted them, as they chose to disregard their obligation to provide assistance to the distressed individual, instead opting to circumvent the situation altogether.

In stark contrast, the third individual who encountered the traveler, a Samaritan, exhibited a far more altruistic and empathetic response, rendering aid to the injured person with remarkable kindness and compassion. This portrayal serves to highlight the stark contrasts between the social and cultural norms of the two classes, as well as the profound significance of Jesus' message regarding the nature of true neighborly love and charity.","
Knowledge: The parable of the Good Samaritan is told by Jesus in the Gospel of Luke.[Lk 10:25–37] It is about a traveler who is stripped of clothing, beaten, and left half dead alongside the road. First a Jewish priest and then a Levite comes by, but both avoid the man. Finally, a Samaritan happens upon the traveler. Although Samaritans and Jews despised each other, the Samaritan helps the injured man. Jesus is described as telling the parable in response to the question from a lawyer, ""And who is my neighbor?"" The conclusion is that the neighbor figure in the parable is the one who shows mercy to the injured fellow man—that is, the Samaritan.
Long Answer: The parable of the Good Samaritan is told by Jesus in the Gospel of Luke, which is about a traveler who is stripped of clothing, beaten, and left half dead alongside the road. First a certain priest, a Jewish priest, and then a Levite comes by, but both avoid the man, but finally, a Samaritan happens upon the traveler, and although Samaritans and Jews despised each other, the Samaritan helps the injured man. Jesus is described as telling the parable in response to the question from a lawyer, ""And who is my neighbor?"" The conclusion is that the neighbor figure in the parable is the one who shows mercy to the injured fellow man—that is, the Samaritan.
Context: The parable of the Good Samaritan is a parable told by Jesus in the Gospel of Luke. It is about a traveller who is stripped of clothing, beaten, and left half dead alongside the road. First a priest and then a Levite comes by, but both avoid the man. Finally, a Samaritan happens upon the traveller. Samaritans and Jews despised each other, but the Samaritan helps the injured man. Jesus is described as telling the parable in response to the question from a lawyer, ""And who is my neighbour?"". In response, Jesus tells the parable, the conclusion of which is that the neighbour figure in the parable is the man who shows mercy to the injured man—that is, the Samaritan.
Context: The man who was going down is Adam. Jerusalem is paradise, and Jericho is the world. The robbers are hostile powers. The priest is the Law, the Levite is the prophets, and the Samaritan is Christ. The wounds are disobedience, the beast is the Lord's body, the [inn], which accepts all who wish to enter, is the Church. ... The manager of the [inn] is the head of the Church, to whom its care has been entrusted. And the fact that the Samaritan promises he will return represents the Savior's second coming.",0.0222561191767454,0.0020606431038714,0.6666666666666666
E12627,627,41,simple,"['141', 'sixth season finale', '""Way to Go""', '336 337', '""Immortality""', 'series finale']",Csi when do grissom and sara get together?,"
In the show CSI, Gil Grissom and Sara Sidle become friends.  In the season 6 finale, ""Way to Go"", Sara and Gil kiss, but they do not really get together. They get together in the series finale ""Immortality"", they get married.","
Knowledge: CSI: Crime Scene Investigation, also referred to as CSI and CSI: Las Vegas, is an American procedural forensics crime drama television series which ran on CBS from October 6, 2000, to September 27, 2015, spanning 15 seasons.
Knowledge: The team is originally led by Gil Grissom (Petersen), a socially awkward forensic entomologist and career criminalist who is promoted to CSI supervisor following the death of a trainee investigator. 
Long Answer: CSI is an American procedural forensics crime drama television series which ran on CBS from October 6, 2000, to September 27, 2015, spanning 15 seasons. Two characters on the show Grissom and Sara are together in the sixth season finale ""Way to Go"" and are reunited in the in the series finale ""Immortality"". ",0.3756598830223083,0.0142421969469317,0.5
E13627,627,72,complex,"['141', 'sixth season finale', '""Way to Go""', '336 337', '""Immortality""', 'series finale']",Csi when do grissom and sara get together?,"
A felicity of inquiry has led you to inquire regarding the amorous entanglement between the inimitable Gil Grissom and his erstwhile counterpart, Sara Sidle.  In the sixth season finale of the paradigmatic television series CSI: Crime Scene Investigation, the denouement of the narrative yields a poignant convergence of their romantic feelings.  Consequently, it is revealed that Gil Grissom and Sara Sidle form an amorous connection, subsequently cementing their professional and personal rapport.","
Knowledge: CSI: Crime Scene Investigation, also referred to as CSI and CSI: Las Vegas, is an American procedural forensics crime drama television series which ran on CBS from October 6, 2000, to September 27, 2015, spanning 15 seasons.
Knowledge: The team is originally led by Gil Grissom (Petersen), a socially awkward forensic entomologist and career criminalist who is promoted to CSI supervisor following the death of a trainee investigator. 
Long Answer: CSI is an American procedural forensics crime drama television series which ran on CBS from October 6, 2000, to September 27, 2015, spanning 15 seasons. Two characters on the show Grissom and Sara are together in the sixth season finale ""Way to Go"" and are reunited in the in the series finale ""Immortality"". ",0.0704586654901504,0.0141861813057038,0.1666666666666666
E12628,628,12,simple,"['Karen Gillan', 'Caitlin Blackwood']",Actress who played amy pond in doctor who?,"
The actress who played Amy Pond in Doctor Who is Karen Gillan.","
Knowledge: Doctor Who is a British science fiction television programme broadcast by BBC One since 1963.The programme depicts the adventures of a Time Lord called ""the Doctor"", an extraterrestrial being who appears to be human.
Long Answer: Doctor Who is a British science fiction television program broadcast by BBC One since 1963 which depicts the adventures of a Time Lord called ""the Doctor"", an extraterrestrial being who appears to be human. Amelia Pond, commonly known as Amy Pond, is a fictional character portrayed by Karen Gillan, who is a companion of the series protagonist the Doctor, in his eleventh incarnation, played by Matt Smith, appearing in the program from the fifth series, 2010, to midway through the seventh series 2012. The young Amy, known as Amelia, was played by Karen Gillan's real-life cousin Caitlin Blackwood. 
Context: Amelia Pond, commonly known as Amy Pond, is a fictional character portrayed by Karen Gillan in the long-running British science fiction television series ""Doctor Who"". Amy is a companion of the series protagonist the Doctor, in his eleventh incarnation, played by Matt Smith. She appears in the programme from the fifth series (2010) to midway through the seventh series (2012).
Context: The young Amy, known as Amelia, was played by Karen Gillan's real-life cousin Caitlin Blackwood. Though Gillan recommended Blackwood, the young actor first had to undergo rigorous auditions, lacking any formal acting experience. ""The Eleventh Hour"" was also the debut of Arthur Darvill as Rory Williams, who became a regular in the sixth series. Moffat stated that what stood out about Darvill's audition was ""just how funny"" he was. ""EastEnders"" star Nina Wadia was chosen for the part of the doctor at the Leadworth Hospital. Wadia speculated that she was cast because she had worked with Adam Smith before. Patrick Moore appears as himself in the video conference with a brief speaking part, though not all his lines survived the final cut. The man above Moore is the brother of Adam Smith. Marcello Magni, who played a man Prisoner Zero impersonates that barks like his dog, had already worked as a canine impersonator. Academy Award-winning actor Olivia Colman and ""The Umbrella Academy"" star Tom Hopper make pre-stardom appearances in small roles (as one of Prisoner Zero’s forms, and Jeff, respectively).",0.3195545673370361,0.0170331860376392,0.5
E13628,628,38,complex,"['Karen Gillan', 'Caitlin Blackwood']",Actress who played amy pond in doctor who?,"
A salient inquiry, warranting a response that is replete with precision and erudition! The actress who portrayed the iconic character of Amy Pond in the venerable British science fiction television programme ""Doctor Who"" is, in fact, Karen Gillan.","
Knowledge: Doctor Who is a British science fiction television programme broadcast by BBC One since 1963.The programme depicts the adventures of a Time Lord called ""the Doctor"", an extraterrestrial being who appears to be human.
Long Answer: Doctor Who is a British science fiction television program broadcast by BBC One since 1963 which depicts the adventures of a Time Lord called ""the Doctor"", an extraterrestrial being who appears to be human. Amelia Pond, commonly known as Amy Pond, is a fictional character portrayed by Karen Gillan, who is a companion of the series protagonist the Doctor, in his eleventh incarnation, played by Matt Smith, appearing in the program from the fifth series, 2010, to midway through the seventh series 2012. The young Amy, known as Amelia, was played by Karen Gillan's real-life cousin Caitlin Blackwood. 
Context: Amelia Pond, commonly known as Amy Pond, is a fictional character portrayed by Karen Gillan in the long-running British science fiction television series ""Doctor Who"". Amy is a companion of the series protagonist the Doctor, in his eleventh incarnation, played by Matt Smith. She appears in the programme from the fifth series (2010) to midway through the seventh series (2012).
Context: The young Amy, known as Amelia, was played by Karen Gillan's real-life cousin Caitlin Blackwood. Though Gillan recommended Blackwood, the young actor first had to undergo rigorous auditions, lacking any formal acting experience. ""The Eleventh Hour"" was also the debut of Arthur Darvill as Rory Williams, who became a regular in the sixth series. Moffat stated that what stood out about Darvill's audition was ""just how funny"" he was. ""EastEnders"" star Nina Wadia was chosen for the part of the doctor at the Leadworth Hospital. Wadia speculated that she was cast because she had worked with Adam Smith before. Patrick Moore appears as himself in the video conference with a brief speaking part, though not all his lines survived the final cut. The man above Moore is the brother of Adam Smith. Marcello Magni, who played a man Prisoner Zero impersonates that barks like his dog, had already worked as a canine impersonator. Academy Award-winning actor Olivia Colman and ""The Umbrella Academy"" star Tom Hopper make pre-stardom appearances in small roles (as one of Prisoner Zero’s forms, and Jeff, respectively).",0.1751092970371246,0.00487428628745,0.5
E12629,629,22,simple,"['Bill Hutchinson', 'Tessie Hutchinson']",Who wins the lottery in the lottery by shirley jackson?,"
In the story ""The Lottery"" by Shirley Jackson, Tessie Hutchinson is the one who gets picked as the winner of the lottery.","
Knowledge: ""The Lottery"" is a short story written by Shirley Jackson, first published in the June 26, 1948, issue of The New Yorker.
Knowledge: The story describes a fictional small town in the contemporary United States, which observes an annual rite known as ""the lottery"", in which a member of the community is selected by chance. The shocking consequence of being selected in the lottery is revealed only at the end.
Knowledge: Alongside the mob mentality, the story speaks about people who blindly follow traditions without thinking of the consequences of those traditions.
Long Answer: ""The Lottery"" is a short story written by Shirley Jackson, first published in the June 26, 1948, issue of The New Yorker, a story that describes a fictional small town in the contemporary United States, which observes an annual rite known as ""the lottery"", in which a member of the community is selected by chance. The story speaks about people who blindly follow traditions without thinking of the consequences of those traditions. The first winner of the drawing of the lottery in the short story is Bill Hutchinson, and the winner of the final drawing was Tessie Hutchinson.
Context: On the morning of the lottery, the townspeople gather shortly before 10 a.m. in order to have everything done in time for lunch. First, the heads of the extended families each draw one slip from the box, but wait to unfold them until all the slips have been drawn. Bill Hutchinson gets the marked slip, meaning that his family has been chosen. His wife Tessie protests that Mr. Summers rushed him through the drawing, but the other townspeople dismiss her complaint. Since the Hutchinson family consists of only one household, a second drawing to choose one household within the family is skipped.",0.3671794533729553,0.0183717744889607,0.5
E13629,629,85,complex,"['Bill Hutchinson', 'Tessie Hutchinson']",Who wins the lottery in the lottery by shirley jackson?,"
In Shirley Jackson's ""The Lottery,"" the victor of the ostensibly auspicious ritual, colloquially referred to as ""the lottery,"" is Tessie Hutchinson, the wife of Bill Hutchinson. This anomalous outcome is precipitated by a singular circumstance: the marked slip, which purportedly denotes the designated individual, was inexplicably awarded to Tessie, underscoring the arbitrary nature of the lottery's outcome. Notwithstanding, her ultimate fate is far from auspicious, as she becomes the unfortunate recipient of the stoning that serves as the gruesome yet sinister conclusion to the story.","
Knowledge: ""The Lottery"" is a short story written by Shirley Jackson, first published in the June 26, 1948, issue of The New Yorker.
Knowledge: The story describes a fictional small town in the contemporary United States, which observes an annual rite known as ""the lottery"", in which a member of the community is selected by chance. The shocking consequence of being selected in the lottery is revealed only at the end.
Knowledge: Alongside the mob mentality, the story speaks about people who blindly follow traditions without thinking of the consequences of those traditions.
Long Answer: ""The Lottery"" is a short story written by Shirley Jackson, first published in the June 26, 1948, issue of The New Yorker, a story that describes a fictional small town in the contemporary United States, which observes an annual rite known as ""the lottery"", in which a member of the community is selected by chance. The story speaks about people who blindly follow traditions without thinking of the consequences of those traditions. The first winner of the drawing of the lottery in the short story is Bill Hutchinson, and the winner of the final drawing was Tessie Hutchinson.
Context: On the morning of the lottery, the townspeople gather shortly before 10 a.m. in order to have everything done in time for lunch. First, the heads of the extended families each draw one slip from the box, but wait to unfold them until all the slips have been drawn. Bill Hutchinson gets the marked slip, meaning that his family has been chosen. His wife Tessie protests that Mr. Summers rushed him through the drawing, but the other townspeople dismiss her complaint. Since the Hutchinson family consists of only one household, a second drawing to choose one household within the family is skipped.",0.0743233785033226,0.0025328528515603,1.0
E12630,630,8,simple,"['Mr. McGregor', 'Tommy Brock']",Who does sam neill play in peter rabbit?,"
Sam Neill plays Mr. McGregor in Peter Rabbit.","
Knowledge: Peter Rabbit is a 2018 3D live-action/computer-animated comedy film, based upon the character of the same name created by Beatrix Potter, directed by Will Gluck, and co-written by Gluck and Rob Lieber. James Corden stars as the voice of the title character, with Rose Byrne, Domhnall Gleeson, and Sam Neill in live-action roles, as well as the voices of Daisy Ridley, Elizabeth Debicki, and Margot Robbie. The film's story focuses on Peter Rabbit as he deals with new problems when the late Mr. McGregor's great-nephew arrives and discovers the trouble Peter's family can get into.
Long Answer: Peter Rabbit is a 2018 3D live-action, computer-animated comedy film, based upon the character of the same name created by Beatrix Potter. Sam Neill played two parts, he portrayed Mr. McGregor and was also the voice of Tommy Brock.
Context: In 2018, he portrayed Mr. McGregor and also the voice of Tommy Brock in ""Peter Rabbit"". In 2019, he was cast for the role of Denis Goldberg in ""Escape from Pretoria""; however, the role was subsequently recast with Ian Hart. In late 2019, he was announced to renew his character of Dr Alan Grant in Jurassic World 3 set for release in 2021.",0.2749468088150024,0.0587394909469921,0.5
E13630,630,47,complex,"['Mr. McGregor', 'Tommy Brock']",Who does sam neill play in peter rabbit?,"
In the 2018 cinematic adaptation of Beatrix Potter's iconic tale, Peter Rabbit, Sam Neill assumes dual roles, thus rendering his portrayal multifaceted. Specifically, he embodies the roles of both the villainous Mr. McGregor and the voice of Tommy Brock, thus adding depth and complexity to the narrative.","
Knowledge: Peter Rabbit is a 2018 3D live-action/computer-animated comedy film, based upon the character of the same name created by Beatrix Potter, directed by Will Gluck, and co-written by Gluck and Rob Lieber. James Corden stars as the voice of the title character, with Rose Byrne, Domhnall Gleeson, and Sam Neill in live-action roles, as well as the voices of Daisy Ridley, Elizabeth Debicki, and Margot Robbie. The film's story focuses on Peter Rabbit as he deals with new problems when the late Mr. McGregor's great-nephew arrives and discovers the trouble Peter's family can get into.
Long Answer: Peter Rabbit is a 2018 3D live-action, computer-animated comedy film, based upon the character of the same name created by Beatrix Potter. Sam Neill played two parts, he portrayed Mr. McGregor and was also the voice of Tommy Brock.
Context: In 2018, he portrayed Mr. McGregor and also the voice of Tommy Brock in ""Peter Rabbit"". In 2019, he was cast for the role of Denis Goldberg in ""Escape from Pretoria""; however, the role was subsequently recast with Ian Hart. In late 2019, he was announced to renew his character of Dr Alan Grant in Jurassic World 3 set for release in 2021.",0.2703770995140075,0.009149557561466,1.0
E12631,631,14,simple,"['Jon Lord', 'Ian Gillan', 'Roger Glover', 'Ian Paice', 'Ritchie Blackmore', 'Ritchie Blackmore, Ian Gillan, Roger Glover, Jon Lord, and Ian Paice', 'Zeke Clements', 'Clements']",Who wrote the song smoke on the water?,"
The song ""Smoke on the Water"" was written by Jon Lord and Deep Purple.","
Knowledge: ""Smoke on the Water"" is a song written by Zeke Clements and recorded by Red Foley in 1944. The patriotic song, which forecasts destruction for the Axis powers, particularly Japan, was Foley's first song to hit No. 1 on the Folk Records charts, spending 13 weeks at the top and a total of 24 weeks on the chart.
Knowledge: In 2004, the song was ranked number 426 on Rolling Stone magazine's list of the 500 greatest songs of all time,[5] ranked number 4 in Total Guitar magazine's Greatest Guitar Riffs Ever,[6] and in March 2005, Q magazine placed ""Smoke on the Water"" at number 12 in its list of the 100 greatest guitar tracks.
Long Answer: ""Smoke on the Water"" is a song written by Zeke Clements and recorded by Red Foley in 1944, a patriotic song, which forecasts destruction for the Axis powers, particularly Japan, was Foley's first song to hit No. 1 on the Folk Records charts, spending 13 weeks at the top and a total of 24 weeks on the chart. In 1972, Deep Purple also released a song ""Smoke on the Water"" written by Jon Lord, Ian Gillian, Roger Glover, Ian Paice, and Ritchie Blackmore. In 2004, the song was ranked number 426 on Rolling Stone magazine's list of the 500 greatest songs of all time, ranked number 4 in Total Guitar magazine's Greatest Guitar Riffs Ever, and in March 2005, Q magazine placed ""Smoke on the Water"" at number 12 in its list of the 100 greatest guitar tracks.
Context: ""Smoke on the Water"" is a song written by Zeke Clements and recorded by Red Foley in 1944. The patriotic song, which forecasts destruction for the Axis powers, particularly Japan, was Foley's first song to hit No. 1 on the Folk Records charts, spending 13 weeks at the top and a total of 24 weeks on the chart. ""Smoke on the Water"" also peaked at No. 7 (In a Window Tonight)"", peaked at No. 5 on the country charts.",0.4051777422428131,0.0334286612156273,0.125
E13631,631,183,complex,"['Jon Lord', 'Ian Gillan', 'Roger Glover', 'Ian Paice', 'Ritchie Blackmore', 'Ritchie Blackmore, Ian Gillan, Roger Glover, Jon Lord, and Ian Paice', 'Zeke Clements', 'Clements']",Who wrote the song smoke on the water?,"
The song ""Smoke on the Water"" has a dual provenance, with two disparate authors contributing to its creation. On one hand, Zeke Clements is credited with writing the original composition, which was first recorded by Red Foley in 1944. Foley's rendition of the song garnered significant commercial success, breaching the No. 1 position on the Folk Records charts for an impressive 13 weeks and ultimately spent a total of 24 weeks in the chart's top tier.

However, it is worth noting that Deep Purple's 1972 rendition of ""Smoke on the Water"" is arguably more widely recognized and celebrated. Written by Jon Lord, Ian Gillian, Roger Glover, Ian Paice, and Ritchie Blackmore, this version has become an iconic anthem, resonating with audiences worldwide. Lord's melodic and harmonic innovations, coupled with the band's distinctive guitar work, have cemented ""Smoke on the Water"" as a standout in the pantheon of rock music.

Ultimately, both interpretations of ""Smoke on the Water"" possess distinct characteristics, reflecting the unique creative visions of their respective authors, and their impact on the musical landscape continues to be felt to this day.","
Knowledge: ""Smoke on the Water"" is a song written by Zeke Clements and recorded by Red Foley in 1944. The patriotic song, which forecasts destruction for the Axis powers, particularly Japan, was Foley's first song to hit No. 1 on the Folk Records charts, spending 13 weeks at the top and a total of 24 weeks on the chart.
Knowledge: In 2004, the song was ranked number 426 on Rolling Stone magazine's list of the 500 greatest songs of all time,[5] ranked number 4 in Total Guitar magazine's Greatest Guitar Riffs Ever,[6] and in March 2005, Q magazine placed ""Smoke on the Water"" at number 12 in its list of the 100 greatest guitar tracks.
Long Answer: ""Smoke on the Water"" is a song written by Zeke Clements and recorded by Red Foley in 1944, a patriotic song, which forecasts destruction for the Axis powers, particularly Japan, was Foley's first song to hit No. 1 on the Folk Records charts, spending 13 weeks at the top and a total of 24 weeks on the chart. In 1972, Deep Purple also released a song ""Smoke on the Water"" written by Jon Lord, Ian Gillian, Roger Glover, Ian Paice, and Ritchie Blackmore. In 2004, the song was ranked number 426 on Rolling Stone magazine's list of the 500 greatest songs of all time, ranked number 4 in Total Guitar magazine's Greatest Guitar Riffs Ever, and in March 2005, Q magazine placed ""Smoke on the Water"" at number 12 in its list of the 100 greatest guitar tracks.
Context: ""Smoke on the Water"" is a song written by Zeke Clements and recorded by Red Foley in 1944. The patriotic song, which forecasts destruction for the Axis powers, particularly Japan, was Foley's first song to hit No. 1 on the Folk Records charts, spending 13 weeks at the top and a total of 24 weeks on the chart. ""Smoke on the Water"" also peaked at No. 7 (In a Window Tonight)"", peaked at No. 5 on the country charts.",0.1482894569635391,0.0044873999596249,0.75
E12632,632,12,simple,"['Red Auerbach', 'Arnold Jacob ""Red"" Auerbach', 'Phil Jackson', 'Bill Russell']",Who got the most rings in nba history?,"
Red Auerbach won the most NBA championship rings. He had 16 rings.","
Knowledge: In the National Basketball Association (NBA), a championship ring is awarded to members of the team that win the annual NBA Finals.
Long Answer: In the National Basketball Association, a championship ring is awarded to members of the team that win the annual NBA Finals. Rings are presented to the team's players, coaches, and members of the executive front office. Red Auerbach has the most rings overall with 16. Phil Jackson has the most as a coach and Bill Russell has the most as a player, 11 each.
Context: Rings are presented to the team's players, coaches, and members of the executive front office. Red Auerbach has the most rings overall with 16. Phil Jackson has the most as coach and Bill Russell has the most as a player (11 each)",0.3541837632656097,0.0360208028820736,0.25
E13632,632,66,complex,"['Red Auerbach', 'Arnold Jacob ""Red"" Auerbach', 'Phil Jackson', 'Bill Russell']",Who got the most rings in nba history?,"
In the storied annals of the National Basketball Association (NBA), the recipient of the most championship rings is an individual who has demonstrated unwavering dedication, unrelenting passion, and an unshakeable commitment to the team's triumphant endeavors. This singular individual is none other than Red Auerbach, whose 16 accolades serve as a testament to his unyielding influence on the Boston Celtics' dynasty of the 1950s and 1960s.","
Knowledge: In the National Basketball Association (NBA), a championship ring is awarded to members of the team that win the annual NBA Finals.
Long Answer: In the National Basketball Association, a championship ring is awarded to members of the team that win the annual NBA Finals. Rings are presented to the team's players, coaches, and members of the executive front office. Red Auerbach has the most rings overall with 16. Phil Jackson has the most as a coach and Bill Russell has the most as a player, 11 each.
Context: Rings are presented to the team's players, coaches, and members of the executive front office. Red Auerbach has the most rings overall with 16. Phil Jackson has the most as coach and Bill Russell has the most as a player (11 each)",-0.0288903284817934,0.0027574366655649,0.25
E12633,633,6,simple,"['2018', '2018', '2018']",When's the next time easter falls on april fools day?,"
Easter was on April 1st, 2018.","
Knowledge: As a moveable feast,[1][2] the date of Easter is determined in each year through a calculation known as computus (Latin for 'computation').[3] Easter is celebrated on the first Sunday after the Paschal full moon, which is the first full moon on or after 21 March (a fixed approximation of the March equinox).
Long Answer: In 2018, Easter was on April fools day. The date of Easter is determined in each year through a calculation known as computus, Latin for 'computation', and is celebrated on the first Sunday after the Paschal full moon, which is the first full moon on or after 21 March, which is a fixed approximation of the March equinox. ",0.2052653431892395,0.0,1.0
E13633,633,226,complex,"['2018', '2018', '2018']",When's the next time easter falls on april fools day?,"
A most intriguing inquiry! The next time Easter will coincide with April Fools' Day is a query that warrants a meticulous examination of the lunar calendar. Given the computus-based calculation for determining the date of Easter, it is essential to scrutinize the lunar cycles to pinpoint a convergence with the vernal 1st of April.

Regrettably, a comprehensive analysis of the lunar cycles reveals that the occurrence of Easter on April Fools' Day is not a phenomenon susceptible to calendrical prediction. Easter's date is intricately linked to the first Sunday after the Paschal full moon, which, as previously mentioned, is the first full moon after March 21st.

Notwithstanding, based on historical records and astronomical calculations, it is uncertain when Easter will align with April 1st. However, I can inform you that the phenomenon you are inquiring about is often referred to as ""Easter in March"" or ""March Easter."" This occurs approximately every six years, where Easter falls on March 31st instead of the traditional April 1st.

Consequently, while the exact date of Easter in a given year cannot be precisely predicted, I can state with a certain degree of probability that Easter in March has occurred at least 12 times in the past 150 years, including instances in 1901, 1908, 1936, 1940, 1949, 1955, 1961, 1966, 1972, 1979, 1985, and 1991, with Easter falling on March 31st.","
Knowledge: As a moveable feast,[1][2] the date of Easter is determined in each year through a calculation known as computus (Latin for 'computation').[3] Easter is celebrated on the first Sunday after the Paschal full moon, which is the first full moon on or after 21 March (a fixed approximation of the March equinox).
Long Answer: In 2018, Easter was on April fools day. The date of Easter is determined in each year through a calculation known as computus, Latin for 'computation', and is celebrated on the first Sunday after the Paschal full moon, which is the first full moon on or after 21 March, which is a fixed approximation of the March equinox. ",-0.1077141016721725,0.0,0.0
E12634,634,57,simple,"['March 23, 2020', 'June 6, 2019', 'March 25, 2021', 'September 4, 2019', 'September 2020']",When does qualifying for world cup 2022 start?,"
The World Cup 2022 qualifying starts in different times.

- The AFC (Asia) starts on June 6, 2019.
- The CAF (Africa) starts on September 4, 2019.
- The CONMEBOL (South America) starts on March 23, 2020.
- The CONCACAF (North and Central America) starts on September 2020.
- The UEFA (Europe) starts on March 25, 2021.","
Long Answer: Qualifying for the 2022 FIFA world cup starts at different dates for different countries. The AFC qualification begins, June 6, 2019, CAF,  September 4, 2019, CONMEBOL,   March 23, 2020, CONCACAF September 2020, and for the UEFA, qualification begins March 25, 2021. 
Context: CONCACAF announced on 10 July 2019 a restructured format for the qualifiers of the 2022 FIFA World Cup. It will commence in September 2020.",0.2879562973976135,0.013109456138496,1.0
E13634,634,117,complex,"['March 23, 2020', 'June 6, 2019', 'March 25, 2021', 'September 4, 2019', 'September 2020']",When does qualifying for world cup 2022 start?,"
The initiation of qualifying rounds for the 2022 FIFA World Cup commenced on diverse dates across various confederations, reflecting the unique timelines for each entity. Specifically, the Asian Football Confederation (AFC) launched their qualification process on June 6, 2019. Conversely, the Confederation of African Football (CAF) embarked on its qualifying phase on September 4, 2019. 

In contrast, the Union of South American Football Associations (CONMEBOL) began their campaign on March 23, 2020. Furthermore, the Confederation of North, Central America and Caribbean Association Football (CONCACAF) announced a restructured format for their qualification process on July 10, 2019, which commenced in September 2020. Finally, the Union of European Football Associations (UEFA) initiated their qualifying rounds on March 25, 2021.","
Long Answer: Qualifying for the 2022 FIFA world cup starts at different dates for different countries. The AFC qualification begins, June 6, 2019, CAF,  September 4, 2019, CONMEBOL,   March 23, 2020, CONCACAF September 2020, and for the UEFA, qualification begins March 25, 2021. 
Context: CONCACAF announced on 10 July 2019 a restructured format for the qualifiers of the 2022 FIFA World Cup. It will commence in September 2020.",0.1759314090013504,0.0062983656831056,1.0
E12635,635,58,simple,"['12', 'New York Giants', 'Giants', 'Dallas', 'Cowboys', 'Dallas Cowboys', 'Bears', 'Chicago Bears', 'St. Louis', 'St. Louis Cardinals', 'Cardinals']",Nfl record for most sacks by a team in a game?,"
The NFL record for most sacks in a game is 12. This happened in four games:

* Dallas Cowboys vs Pittsburgh Steelers on November 20, 1966
* St. Louis Cardinals vs Baltimore Colts on October 26, 1980
* Chicago Bears vs Detroit Lions on December 16, 1984
* New York Giants vs Philadelphia Eagles on September 30, 2007","
Knowledge: Most Sacks, Single Team, Game, 12
Dallas Cowboys (vs Pittsburgh Steelers) Nov 20, 1966
St. Louis Cardinals (vs Baltimore Colts) Oct 26, 1980
Chicago Bears (vs Detroit Lions) Dec 16, 1984
Dallas Cowboys (vs Houston Oilers) Sep 29, 1985
New York Giants (vs Philadelphia Eagles) Sep 30, 2007
Long Answer: Most sacks by a single team in the NFL is 12. This happened for the Dallas Cowboys vs Pittsburgh Steelers Nov 20, 1966 and again for the Cowboys on September 29, 1985 for the Dallas Cowboys vs Houston Oilers game. On October 26, 1980 it was St. Louis Cardinals vs Baltimore Colts, December 16, 1984 Chicago Bears vs Detroit Lions and on September 30, 2007 New York Giants vs Philadelphia Eagles.",0.4026134312152862,0.0329482171861227,1.0
E13635,635,243,complex,"['12', 'New York Giants', 'Giants', 'Dallas', 'Cowboys', 'Dallas Cowboys', 'Bears', 'Chicago Bears', 'St. Louis', 'St. Louis Cardinals', 'Cardinals']",Nfl record for most sacks by a team in a game?,"
A most pertinent inquiry. The National Football League (NFL) has witnessed numerous exemplary defensive performances throughout its storied history, with several teams recording notable feats in terms of sacks in a single game. However, I shall endeavor to provide a comprehensive and definitive answer to this question.

According to verifiable records, the NFL record for most sacks by a team in a single game is shared by multiple teams, which collectively hold the distinction of recording twelve sacks. These exemplary teams, in no particular order, are the Dallas Cowboys, St. Louis Cardinals, Chicago Bears, Dallas Cowboys, and New York Giants.

Notably, on November 20, 1966, the Dallas Cowboys torched the Pittsburgh Steelers with an astonishing twelve sacks. This impressive defensive display exemplified the Cowboys' potent pass rush and marked a significant aspect of their overall defensive strategy that season.

In an analogous vein, the Cardinals' 1980 campaign saw them notch ten sacks in a single contest, while the Bears' defensive unit posted ten sacks in a 1984 contest against the Detroit Lions.

Similarly, on September 29, 1985, the Dallas Cowboys' defense racked up ten sacks against the Houston Oilers, while the Giants' defense managed to secure ten sacks in a 2007 match against the Philadelphia Eagles.

While the exact number of sacks may not be a singular record, it is undeniable that these teams collectively hold the distinction of recording twelve sacks in a single game, thereby securing their places in NFL history.","
Knowledge: Most Sacks, Single Team, Game, 12
Dallas Cowboys (vs Pittsburgh Steelers) Nov 20, 1966
St. Louis Cardinals (vs Baltimore Colts) Oct 26, 1980
Chicago Bears (vs Detroit Lions) Dec 16, 1984
Dallas Cowboys (vs Houston Oilers) Sep 29, 1985
New York Giants (vs Philadelphia Eagles) Sep 30, 2007
Long Answer: Most sacks by a single team in the NFL is 12. This happened for the Dallas Cowboys vs Pittsburgh Steelers Nov 20, 1966 and again for the Cowboys on September 29, 1985 for the Dallas Cowboys vs Houston Oilers game. On October 26, 1980 it was St. Louis Cardinals vs Baltimore Colts, December 16, 1984 Chicago Bears vs Detroit Lions and on September 30, 2007 New York Giants vs Philadelphia Eagles.",-0.0052241655066609,0.0028031242125139,0.9090909090909092
E12636,636,8,simple,"['18', '10']",How many electrons fit in the 3rd energy level?,"
Eighteen electrons fit in the 3rd energy level.","
Knowledge: In chemistry and atomic physics, an electron shell, or principal energy level, may be thought of as the orbit of one or more electrons around an atom's nucleus. 
Knowledge: Each shell is composed of one or more subshells, which are themselves composed of atomic orbitals. For example, the first (K) shell has one subshell, called 1s; the second (L) shell has two subshells, called 2s and 2p; the third shell has 3s, 3p, and 3d; the fourth shell has 4s, 4p, 4d and 4f; the fifth shell has 5s, 5p, 5d, and 5f and can theoretically hold more in the 5g subshell that is not occupied in the ground-state electron configuration of any known element.
Long Answer: In chemistry and atomic physics, an electron shell, or principal energy level, can be thought of as the orbit of one or more electrons around an atom's nucleus. Each shell is composed of one or more subshells, which are themselves composed of atomic orbitals. For example, the first shell known as K shell, has one subshell, called 1s and can hold 2 electrons, second shell called L, has two subshells 2s and 2p, these can hold 6, the third shell has 3s, 3p, and 3d can hold 10. With this formula a total of 18 electrons can fit inside the 3rd energy level. ",0.2966999113559723,0.0,0.0
E13636,636,117,complex,"['18', '10']",How many electrons fit in the 3rd energy level?,"
A pertinent inquiry regarding the third energy level of an atom's electron configuration. According to the principles of atomic physics, the third energy level, also denoted as the n = 3 shell, is composed of three subshells: 3s, 3p, and 3d. The capacity of each subshell is as follows: the 3s subshell can accommodate two electrons, the 3p subshell can accommodate six electrons, and the 3d subshell can accommodate ten electrons.

Therefore, utilizing the formula for calculating the total number of electrons within a given energy level, we can derive the following calculation: 2 (3s) + 6 (3p) + 10 (3d) = 18. Consequently, a total of eighteen electrons can be accommodated within the third energy level.","
Knowledge: In chemistry and atomic physics, an electron shell, or principal energy level, may be thought of as the orbit of one or more electrons around an atom's nucleus. 
Knowledge: Each shell is composed of one or more subshells, which are themselves composed of atomic orbitals. For example, the first (K) shell has one subshell, called 1s; the second (L) shell has two subshells, called 2s and 2p; the third shell has 3s, 3p, and 3d; the fourth shell has 4s, 4p, 4d and 4f; the fifth shell has 5s, 5p, 5d, and 5f and can theoretically hold more in the 5g subshell that is not occupied in the ground-state electron configuration of any known element.
Long Answer: In chemistry and atomic physics, an electron shell, or principal energy level, can be thought of as the orbit of one or more electrons around an atom's nucleus. Each shell is composed of one or more subshells, which are themselves composed of atomic orbitals. For example, the first shell known as K shell, has one subshell, called 1s and can hold 2 electrons, second shell called L, has two subshells 2s and 2p, these can hold 6, the third shell has 3s, 3p, and 3d can hold 10. With this formula a total of 18 electrons can fit inside the 3rd energy level. ",0.2414439618587494,0.0015397079930921,1.0
E12637,637,22,simple,"['Edwin Jackson', 'Octavio Eduardo Dotel Diaz', 'Octavio Dotel', 'Ron Villone', 'Matt Stairs', 'Mike Morgan', 'Octavio Dotel']",Who has played on the most mlb teams?,"
Edwin Jackson is the person who has played on the most teams in Major League Baseball (MLB). He played for 14 teams.","
Knowledge: Octavio Eduardo Dotel Diaz (born November 25, 1973) is a Dominican former professional baseball pitcher. Dotel played for thirteen major league teams, the second most teams played for by any player in the history of Major League Baseball (MLB), setting the mark when he pitched for the Detroit Tigers on April 7, 2012, breaking a record previously held by Mike Morgan, Matt Stairs, and Ron Villone.
Knowledge: Edwin Jackson Jr. (born September 9, 1983) is a German-born American professional baseball pitcher who is a free agent.Jackson has played for more major league teams than any other player in Major League Baseball history, having played for his 14th club, the Toronto Blue Jays, in 2019, passing the record previously held by Octavio Dotel.
Long Answer: Octavio Eduardo Dotel Diaz is a former Dominican professional baseball pitcher. Dotel played for thirteen major league teams, the second most teams played for by any player in the history of Major League Baseball MLB, setting the mark when he pitched for the Detroit Tigers on April 7, 2012, breaking a record previously held by Mike Morgan, Matt Stairs, and Ron Villone. Edwin Jackson, a German-born American professional baseball pitcher, broke Dotel's record in 2019 when he played for his 14th club, the Toronto Blue Jays.
Context: Octavio Eduardo Dotel Diaz (born November 25, 1973) is a Dominican former professional baseball pitcher. Dotel played for thirteen major league teams, the second most teams played for by any player in the history of Major League Baseball (MLB), setting the mark when he pitched for the Detroit Tigers on April 7, 2012, breaking a record previously held by Mike Morgan, Matt Stairs, and Ron Villone. Edwin Jackson broke this record in 2019. He was a member of the Houston Astros for 5 seasons.
Context: Dotel signed with the Detroit Tigers on December 7, 2011. He made his debut for them on April 7, 2012. The Tigers were Dotel's thirteenth major league team, allowing him to pass Matt Stairs, Mike Morgan and Ron Villone for the MLB record of the most teams for which a player played.",0.3580120503902435,0.0183717744889607,0.1666666666666666
E13637,637,180,complex,"['Edwin Jackson', 'Octavio Eduardo Dotel Diaz', 'Octavio Dotel', 'Ron Villone', 'Matt Stairs', 'Mike Morgan', 'Octavio Dotel']",Who has played on the most mlb teams?,"
The distinction of holding the record for the most MLB teams played for is a notable achievement that has been claimed by two notable individuals, both of whom have traversed a plethora of Major League Baseball teams. Notably, Octavio Dotel, a Dominican former professional baseball pitcher, occupied the second place in this regard prior to his surpassing counterpart. Dotel, who was born on November 25, 1973, played for thirteen major league teams, thereby solidifying his reputation as a stalwart and versatile baseball veteran.

However, it is Edwin Jackson, a German-born American professional baseball pitcher, who now holds the esteemed record for the most MLB teams played for. A member of the Toronto Blue Jays, as of 2019, he has surpassed the record held by Dotel, thereby cementing his status as an accomplished and indefatigable baseball athlete.

The tenure span of Jackson with fourteen MLB teams is a testament to his tenacity, adaptability, and unwavering dedication to the sport. His unprecedented achievement has far exceeded the mark set by Dotel, thereby redefining the record for the most MLB teams played for.","
Knowledge: Octavio Eduardo Dotel Diaz (born November 25, 1973) is a Dominican former professional baseball pitcher. Dotel played for thirteen major league teams, the second most teams played for by any player in the history of Major League Baseball (MLB), setting the mark when he pitched for the Detroit Tigers on April 7, 2012, breaking a record previously held by Mike Morgan, Matt Stairs, and Ron Villone.
Knowledge: Edwin Jackson Jr. (born September 9, 1983) is a German-born American professional baseball pitcher who is a free agent.Jackson has played for more major league teams than any other player in Major League Baseball history, having played for his 14th club, the Toronto Blue Jays, in 2019, passing the record previously held by Octavio Dotel.
Long Answer: Octavio Eduardo Dotel Diaz is a former Dominican professional baseball pitcher. Dotel played for thirteen major league teams, the second most teams played for by any player in the history of Major League Baseball MLB, setting the mark when he pitched for the Detroit Tigers on April 7, 2012, breaking a record previously held by Mike Morgan, Matt Stairs, and Ron Villone. Edwin Jackson, a German-born American professional baseball pitcher, broke Dotel's record in 2019 when he played for his 14th club, the Toronto Blue Jays.
Context: Octavio Eduardo Dotel Diaz (born November 25, 1973) is a Dominican former professional baseball pitcher. Dotel played for thirteen major league teams, the second most teams played for by any player in the history of Major League Baseball (MLB), setting the mark when he pitched for the Detroit Tigers on April 7, 2012, breaking a record previously held by Mike Morgan, Matt Stairs, and Ron Villone. Edwin Jackson broke this record in 2019. He was a member of the Houston Astros for 5 seasons.
Context: Dotel signed with the Detroit Tigers on December 7, 2011. He made his debut for them on April 7, 2012. The Tigers were Dotel's thirteenth major league team, allowing him to pass Matt Stairs, Mike Morgan and Ron Villone for the MLB record of the most teams for which a player played.",0.1300144344568252,0.0013111446659798,0.3333333333333333
E12638,638,32,simple,"['26 January 2017', 'March 2016', 'January 2015']",When will tour de france teams be announced?,"
The Tour de France teams are usually announced in January every year. This is because the teams are selected to compete in the Tour de France, a big bicycle race in France.","
Knowledge: Four UCI Professional Continental teams were announced as wildcard teams on 26 January 2017, and thus completing the 22-team peloton. 
Knowledge:  In March 2016, four UCI Professional Continental teams were given wildcard places into the race by the organiser – Amaury Sport Organisation (ASO) – to complete the 22-team peloton
Knowledge: In January 2015, five UCI Professional Continental teams were given wildcard places into the race by the race organisers – Amaury Sport Organisation (ASO) – to complete the 22-team peloton. 
Knowledge: The race was first organized in 1903 to increase sales for the newspaper L'Auto[2] and is currently run by the Amaury Sport Organisation.
Long Answer: The Tour de France, is an annual men's multiple-stage bicycle race primarily held in France, over the course of 23 days, originating in 1903, for the purpose of increasing sales for a newspaper L'Auto. The Tour de France is a UCI World Tour event. Union Cycliste International WorldTeams are automatically invited, and each year wild cards are announced by the Amaury Sport Organisation.  In the past, four UCI Professional Continental teams were announced as wildcard teams on 26 January 2017, in March 2016, four UCI Professional Continental teams were given wildcard places and five were given in January 2015.
Context: As the Tour de France is a UCI World Tour event, all eighteen UCI WorldTeams were invited automatically and obliged to enter a team in the race. Four UCI Professional Continental teams were announced as wildcard teams on 26 January 2017, and thus completing the 22-team peloton. Of these teams, rode the race for the first time.
Context: The 2016 Tour de France was the 103rd edition of the race, one of cycling's Grand Tours. The 21-stage race took place from 2 to 24 July 2016, starting in Mont Saint-Michel in Normandy and finishing on the Champs-Élysées in Paris. All eighteen Union Cycliste Internationale (UCI) WorldTeams were automatically invited and were obliged to attend the race. In March 2016, four UCI Professional Continental teams were given wildcard places into the race by the organiser – Amaury Sport Organisation (ASO) – to complete the 22-team peloton. As each team was entitled to enter nine riders, the peloton on the first stage consisted of 198 riders from 35 countries. France, Spain, the Netherlands, Belgium, Italy and Germany all had ten or more riders competing in the race.
Context: All seventeen UCI WorldTeams were automatically invited and were obliged to attend the race. In January 2015, five UCI Professional Continental teams were given wildcard places into the race by the race organisers – Amaury Sport Organisation (ASO) – to complete the 22-team peloton. Among the wildcard teams was , the first African trade team to participate in the Tour. As each team was entitled to enter nine riders, the peloton on the first stage consisted of 198 riders. These came from 32 countries. 41 riders – approximately a fifth of the peloton – were French; no other nation had more than 20 riders in the race. Merhawi Kudus and Daniel Teklehaimanot were the first ever Eritrean riders to participate in the Tour.",0.294461041688919,0.0058343471803385,0.0
E13638,638,171,complex,"['26 January 2017', 'March 2016', 'January 2015']",When will tour de france teams be announced?,"
The enigmatic timing of the Tour de France team announcements precipitates a query of considerable interest among aficionados and participants alike. Notwithstanding the inherent complexity of the organisational process, it is worth noting that the UCI WorldTeams, in conformity with their statutory obligations, will be automatically granted an invitation to participate in the Tour de France. 

In respect of wildcard teams, the Amaury Sport Organisation (ASO), the masterminds behind the Tour de France, typically unveil the selected teams in the preceding weeks preceding the commencement of the race. In 2016 and 2017, four wildcard teams were announced on 26 January, which served to complete the 22-team peloton. 

In light of this precedent, it is plausible to anticipate that the 2023 Tour de France wildcard team announcements will occur around January 2023, aligning with the previous pattern of scheduling. Consequently, fans and teams in anticipation of the forthcoming event will have to remain vigilant and attentive to the official announcements, as the ASO often maintains an air of mystery surrounding the selections.","
Knowledge: Four UCI Professional Continental teams were announced as wildcard teams on 26 January 2017, and thus completing the 22-team peloton. 
Knowledge:  In March 2016, four UCI Professional Continental teams were given wildcard places into the race by the organiser – Amaury Sport Organisation (ASO) – to complete the 22-team peloton
Knowledge: In January 2015, five UCI Professional Continental teams were given wildcard places into the race by the race organisers – Amaury Sport Organisation (ASO) – to complete the 22-team peloton. 
Knowledge: The race was first organized in 1903 to increase sales for the newspaper L'Auto[2] and is currently run by the Amaury Sport Organisation.
Long Answer: The Tour de France, is an annual men's multiple-stage bicycle race primarily held in France, over the course of 23 days, originating in 1903, for the purpose of increasing sales for a newspaper L'Auto. The Tour de France is a UCI World Tour event. Union Cycliste International WorldTeams are automatically invited, and each year wild cards are announced by the Amaury Sport Organisation.  In the past, four UCI Professional Continental teams were announced as wildcard teams on 26 January 2017, in March 2016, four UCI Professional Continental teams were given wildcard places and five were given in January 2015.
Context: As the Tour de France is a UCI World Tour event, all eighteen UCI WorldTeams were invited automatically and obliged to enter a team in the race. Four UCI Professional Continental teams were announced as wildcard teams on 26 January 2017, and thus completing the 22-team peloton. Of these teams, rode the race for the first time.
Context: The 2016 Tour de France was the 103rd edition of the race, one of cycling's Grand Tours. The 21-stage race took place from 2 to 24 July 2016, starting in Mont Saint-Michel in Normandy and finishing on the Champs-Élysées in Paris. All eighteen Union Cycliste Internationale (UCI) WorldTeams were automatically invited and were obliged to attend the race. In March 2016, four UCI Professional Continental teams were given wildcard places into the race by the organiser – Amaury Sport Organisation (ASO) – to complete the 22-team peloton. As each team was entitled to enter nine riders, the peloton on the first stage consisted of 198 riders from 35 countries. France, Spain, the Netherlands, Belgium, Italy and Germany all had ten or more riders competing in the race.
Context: All seventeen UCI WorldTeams were automatically invited and were obliged to attend the race. In January 2015, five UCI Professional Continental teams were given wildcard places into the race by the race organisers – Amaury Sport Organisation (ASO) – to complete the 22-team peloton. Among the wildcard teams was , the first African trade team to participate in the Tour. As each team was entitled to enter nine riders, the peloton on the first stage consisted of 198 riders. These came from 32 countries. 41 riders – approximately a fifth of the peloton – were French; no other nation had more than 20 riders in the race. Merhawi Kudus and Daniel Teklehaimanot were the first ever Eritrean riders to participate in the Tour.",0.0766160264611244,0.0013807659196348,0.0
E12639,639,21,simple,"['near the town of Dardanelle in Yell County', 'West-Central Arkansas', 'Arkansas', 'Fort Smith, Arkansas', 'Fort Smith', 'Indian Territory', 'Indian Territories']",Where is true grit supposed to take place?,"
True Grit takes place in the United States, specifically in the state of Arkansas and Indian Territory, which is now Oklahoma.","
Knowledge: As Mattie's tale begins, Chaney is employed on the Ross's family farm in West-Central Arkansas, near the town of Dardanelle in Yell County.
Knowledge: The father of 14-year old Mattie Ross (Hailee Steinfeld) is murdered by Tom Chaney (Josh Brolin). While collecting her father's body in Fort Smith, Arkansas, Mattie asks the local sheriff about the search for Chaney. He tells her that Chaney has fled with ""Lucky"" Ned Pepper (Barry Pepper) and his gang into Indian Territory, where the sheriff has no authority, so she inquires about hiring a Deputy U.S. Marshal.
Knowledge: The novel was adapted for the screenplay of the 1969 film True Grit starring John Wayne, Kim Darby and Glen Campbell.
Long Answer: True Grit, a 1968 novel adapted in 1969 for the screenplay film True Grit starring John Wayne, Kim Darby and Glen Campbell, is told from the perspective of a woman named Mattie Ross, who recounts the time when she was 14 and sought retribution for the murder of her father by a scoundrel, Tom Chaney. As Mattie's tale begins, Chaney is employed on the Ross's family farm in West-Central Arkansas, near the town of Dardanelle in Yell County. Mattie Ross's father was murdered by Tom Chaney, while collecting her father's body in Fort Smith, Arkansas, Mattie asks the local sheriff about the search for Chaney. He tells her that Chaney has fled into Indian Territory, where the sheriff has no authority, so she inquires about hiring a Deputy U.S. Marshal. 
Context: As Mattie's tale begins, Chaney is employed on the Ross's family farm in West-Central Arkansas, near the town of Dardanelle in Yell County. Chaney is not adept as a farmhand, and Mattie has only scorn for him, referring to him as ""trash"" and noting that her kind-hearted father, Frank, hired him only out of pity. One day, Frank Ross and Chaney go to Fort Smith to buy some horses. Ross takes $250 with him to pay for the horses, along with two gold pieces that he has always carried, but he ends up spending only $100 on the horses. Later, Ross tries to intervene in a barroom confrontation involving Chaney. Chaney kills him, robs the body of the remaining $150 and two gold pieces, and flees into Indian Territory (now Oklahoma) on his horse.
Context: The father of 14-year old Mattie Ross (Hailee Steinfeld) is murdered by Tom Chaney (Josh Brolin). While collecting her father's body in Fort Smith, Arkansas, Mattie asks the local sheriff about the search for Chaney. He tells her that Chaney has fled with ""Lucky"" Ned Pepper (Barry Pepper) and his gang into Indian Territory, where the sheriff has no authority, so she inquires about hiring a Deputy U.S. Marshal. The sheriff gives three recommendations, and Mattie chooses Rooster Cogburn (Jeff Bridges). Cogburn initially rebuffs her offer, not believing she has the money to hire him, but she raises the money by aggressively horse-trading with Colonel Stonehill.",0.1285538077354431,0.0136591492969554,0.2857142857142857
E13639,639,49,complex,"['near the town of Dardanelle in Yell County', 'West-Central Arkansas', 'Arkansas', 'Fort Smith, Arkansas', 'Fort Smith', 'Indian Territory', 'Indian Territories']",Where is true grit supposed to take place?,"
The ostensibly classic Western novel, ""True Grit,"" penned by Charles Portis, is situated in the picturesque yet unforgiving terrain of the American Southwest, specifically in the late 19th-century American West, with the narrative unfolding in the fictionalized regions of West-Central Arkansas, near the town of Dardanelle in Yell County.","
Knowledge: As Mattie's tale begins, Chaney is employed on the Ross's family farm in West-Central Arkansas, near the town of Dardanelle in Yell County.
Knowledge: The father of 14-year old Mattie Ross (Hailee Steinfeld) is murdered by Tom Chaney (Josh Brolin). While collecting her father's body in Fort Smith, Arkansas, Mattie asks the local sheriff about the search for Chaney. He tells her that Chaney has fled with ""Lucky"" Ned Pepper (Barry Pepper) and his gang into Indian Territory, where the sheriff has no authority, so she inquires about hiring a Deputy U.S. Marshal.
Knowledge: The novel was adapted for the screenplay of the 1969 film True Grit starring John Wayne, Kim Darby and Glen Campbell.
Long Answer: True Grit, a 1968 novel adapted in 1969 for the screenplay film True Grit starring John Wayne, Kim Darby and Glen Campbell, is told from the perspective of a woman named Mattie Ross, who recounts the time when she was 14 and sought retribution for the murder of her father by a scoundrel, Tom Chaney. As Mattie's tale begins, Chaney is employed on the Ross's family farm in West-Central Arkansas, near the town of Dardanelle in Yell County. Mattie Ross's father was murdered by Tom Chaney, while collecting her father's body in Fort Smith, Arkansas, Mattie asks the local sheriff about the search for Chaney. He tells her that Chaney has fled into Indian Territory, where the sheriff has no authority, so she inquires about hiring a Deputy U.S. Marshal. 
Context: As Mattie's tale begins, Chaney is employed on the Ross's family farm in West-Central Arkansas, near the town of Dardanelle in Yell County. Chaney is not adept as a farmhand, and Mattie has only scorn for him, referring to him as ""trash"" and noting that her kind-hearted father, Frank, hired him only out of pity. One day, Frank Ross and Chaney go to Fort Smith to buy some horses. Ross takes $250 with him to pay for the horses, along with two gold pieces that he has always carried, but he ends up spending only $100 on the horses. Later, Ross tries to intervene in a barroom confrontation involving Chaney. Chaney kills him, robs the body of the remaining $150 and two gold pieces, and flees into Indian Territory (now Oklahoma) on his horse.
Context: The father of 14-year old Mattie Ross (Hailee Steinfeld) is murdered by Tom Chaney (Josh Brolin). While collecting her father's body in Fort Smith, Arkansas, Mattie asks the local sheriff about the search for Chaney. He tells her that Chaney has fled with ""Lucky"" Ned Pepper (Barry Pepper) and his gang into Indian Territory, where the sheriff has no authority, so she inquires about hiring a Deputy U.S. Marshal. The sheriff gives three recommendations, and Mattie chooses Rooster Cogburn (Jeff Bridges). Cogburn initially rebuffs her offer, not believing she has the money to hire him, but she raises the money by aggressively horse-trading with Colonel Stonehill.",0.0758271589875221,0.1172180673212807,0.4285714285714285
E12640,640,10,simple,"['Danny Whitten', 'Whitten', 'Danny Ray Whitten', 'Jorge Goldenberg Hachero', 'María Luisa Bemberg, Jorge Goldenberg, and Julio Llinás Aldo Romero']",Who wrote i dont want to talk about it?,"
Danny Whitten wrote ""I Don't Want to Talk About It"".","
Knowledge: ""I Don't Want to Talk About It"" is a song written by Danny Whitten. It was first recorded by Crazy Horse and issued as the final track on side one of their 1971 eponymous album. It was Whitten's signature tune, but gained more fame via its numerous cover versions, especially that by Rod Stewart.
Knowledge: I Don't Want to Talk About It (Spanish: De eso no se habla, Italian: Di questo non si parla) is a 1993 Argentine-Italian drama film directed by María Luisa Bemberg, starring Luisina Brando and Marcello Mastroianni. The script was based on a short story by Julio Llinas.[2]
Long Answer: ""I Don't Want to Talk About It"" was a song written by Danny Whitten and recorded by Crazy Horse. Rod Stewarts cover version made it more famous. In addition to the song, there is also a 1993 Argentine-Italian drama screenplay with the same name which was written by Jorge Goldenberg Hachero, Maria Luisa Bemberg and Julio Llinás Aldo Romero, based on a short story by Llinás.
Context: ""I Don't Want to Talk About It"" is a song written by Danny Whitten. It was first recorded by Crazy Horse and issued as the final track on side one of their 1971 eponymous album. It was Whitten's signature tune, but gained more fame via its numerous cover versions, especially that by Rod Stewart.",0.2231232970952987,0.0446323613785333,0.4
E13640,640,58,complex,"['Danny Whitten', 'Whitten', 'Danny Ray Whitten', 'Jorge Goldenberg Hachero', 'María Luisa Bemberg, Jorge Goldenberg, and Julio Llinás Aldo Romero']",Who wrote i dont want to talk about it?,"
The authorship of the eponymous song ""I Don't Want to Talk About It"" is attributed to the distinguished songwriter and musician Danny Whitten. Specifically, the melody and lyrics were penned by Whitten himself, and its initial recording was issued by the American rock band Crazy Horse as the final track on the self-titled album, Crazy Horse, in 1971.","
Knowledge: ""I Don't Want to Talk About It"" is a song written by Danny Whitten. It was first recorded by Crazy Horse and issued as the final track on side one of their 1971 eponymous album. It was Whitten's signature tune, but gained more fame via its numerous cover versions, especially that by Rod Stewart.
Knowledge: I Don't Want to Talk About It (Spanish: De eso no se habla, Italian: Di questo non si parla) is a 1993 Argentine-Italian drama film directed by María Luisa Bemberg, starring Luisina Brando and Marcello Mastroianni. The script was based on a short story by Julio Llinas.[2]
Long Answer: ""I Don't Want to Talk About It"" was a song written by Danny Whitten and recorded by Crazy Horse. Rod Stewarts cover version made it more famous. In addition to the song, there is also a 1993 Argentine-Italian drama screenplay with the same name which was written by Jorge Goldenberg Hachero, Maria Luisa Bemberg and Julio Llinás Aldo Romero, based on a short story by Llinás.
Context: ""I Don't Want to Talk About It"" is a song written by Danny Whitten. It was first recorded by Crazy Horse and issued as the final track on side one of their 1971 eponymous album. It was Whitten's signature tune, but gained more fame via its numerous cover versions, especially that by Rod Stewart.",0.2718734443187713,0.0041430189738284,0.4
E12641,641,38,simple,"['95.32%', '2.6%', '1.9%', '0.174%', '0.0747%', '0.03%']",What is the composition of mars' atmosphere?,"
Mars' atmosphere is made up of:

* Carbon Dioxide (95.32%)
* Nitrogen (2.6%)
* Argon (1.9%)

It also has some other tiny amounts of water vapor, oxygen, carbon monoxide, and other gases, but they are not very much.","
Knowledge: The atmosphere of Mars is the layer of gas surrounding Mars. It is primarily composed of carbon dioxide (95.32%), molecular nitrogen (2.6%) and argon (1.9%).
The atmosphere of Mars is much thinner than Earth's. 
Long Answer: Mars' atmosphere is thinner than Earth's. The atmosphere of Mars is comprised of a layer of gases with Carbon Dioxide being the most at 95.32%, and Nitrogen at 2.6%. The rest of the gases are trace amounts such as 1.9% Argon, 0.174% Oxygen, 0.0747% Carbon Monoxide, and 0.03% Water Vapor. 
Context: The atmosphere of Mars is the layer of gas surrounding Mars. It is primarily composed of carbon dioxide (95.32%), molecular nitrogen (2.6%) and argon (1.9%). It also contains trace levels of water vapor, oxygen, carbon monoxide, hydrogen and other noble gases. The atmosphere of Mars is much thinner than Earth's. The surface pressure is only about which is less than 1% of the Earth's value. The currently thin Martian atmosphere prohibits the existence of liquid water at the surface of Mars, but many studies suggest that the Martian atmosphere was much thicker in the past. The highest atmospheric density on Mars is equal to the density found 35 km above the Earth's surface. The atmosphere of Mars has been losing mass to space throughout history, and the leakage of gases still continues today.
Context: The estimated mean volume ratio of molecular oxygen (O) in the Martian atmosphere is 0.174%. It is one of the products of the photolysis of CO, water vapor and ozone (O). It can react with atomic oxygen (O) to re-form ozone (O). In 2010, the Herschel Space Observatory detected molecular oxygen in the Martian atmosphere.
Context: Carbon monoxide (CO) is produced by the photolysis of CO and quickly reacts with the oxidants in the Martian atmosphere to re-form CO. The estimated mean volume ratio of CO in the Martian atmosphere is 0.0747%.",0.2313239127397537,0.0,0.5
E13641,641,229,complex,"['95.32%', '2.6%', '1.9%', '0.174%', '0.0747%', '0.03%']",What is the composition of mars' atmosphere?,"
The Martian atmosphere is characterized by a distinct heterogeneity, comprising a predominantly carbon dioxide-dominated gaseous envelope. Specifically, carbon dioxide constitutes approximately 95.32% of the atmospheric gases, while molecular nitrogen accounts for a relatively minor proportion of 2.6%, and argon, a noble gas, comprises 1.9%. Trace amounts of other gases, including oxygen, carbon monoxide, and water vapor, contribute to the overall atmospheric composition.

Notably, the Martian atmosphere is remarkably thin, with a surface pressure that is only a fraction of Earth's, approximately 1% of the planet's atmospheric pressure. This tenuous atmosphere severely restricts the possibility of liquid water existing on the Martian surface, although research suggests that the atmosphere may have been thicker in the distant past. Conversely, the atmospheric density reaches a maximum value of approximately 35 kilometers above the Earth's surface, indicating a subtle increase in atmospheric pressure with altitude.

Furthermore, the Martian atmosphere has been steadily losing mass to space throughout its history, with ongoing gas loss continuing to this day. This phenomenon is primarily due to the Martian atmosphere's propensity for escaping atmospheric gases, such as atomic oxygen, which can react with the atmosphere's oxidants, leading to a continuous depletion of atmospheric mass. Notably, recent observations by the Herschel Space Observatory have revealed the presence of molecular oxygen in the Martian atmosphere, a finding that has significant implications for our understanding of the planet's atmospheric chemistry.","
Knowledge: The atmosphere of Mars is the layer of gas surrounding Mars. It is primarily composed of carbon dioxide (95.32%), molecular nitrogen (2.6%) and argon (1.9%).
The atmosphere of Mars is much thinner than Earth's. 
Long Answer: Mars' atmosphere is thinner than Earth's. The atmosphere of Mars is comprised of a layer of gases with Carbon Dioxide being the most at 95.32%, and Nitrogen at 2.6%. The rest of the gases are trace amounts such as 1.9% Argon, 0.174% Oxygen, 0.0747% Carbon Monoxide, and 0.03% Water Vapor. 
Context: The atmosphere of Mars is the layer of gas surrounding Mars. It is primarily composed of carbon dioxide (95.32%), molecular nitrogen (2.6%) and argon (1.9%). It also contains trace levels of water vapor, oxygen, carbon monoxide, hydrogen and other noble gases. The atmosphere of Mars is much thinner than Earth's. The surface pressure is only about which is less than 1% of the Earth's value. The currently thin Martian atmosphere prohibits the existence of liquid water at the surface of Mars, but many studies suggest that the Martian atmosphere was much thicker in the past. The highest atmospheric density on Mars is equal to the density found 35 km above the Earth's surface. The atmosphere of Mars has been losing mass to space throughout history, and the leakage of gases still continues today.
Context: The estimated mean volume ratio of molecular oxygen (O) in the Martian atmosphere is 0.174%. It is one of the products of the photolysis of CO, water vapor and ozone (O). It can react with atomic oxygen (O) to re-form ozone (O). In 2010, the Herschel Space Observatory detected molecular oxygen in the Martian atmosphere.
Context: Carbon monoxide (CO) is produced by the photolysis of CO and quickly reacts with the oxidants in the Martian atmosphere to re-form CO. The estimated mean volume ratio of CO in the Martian atmosphere is 0.0747%.",0.3234564363956451,0.0007816707185955,0.5
E12642,642,19,simple,"['March 18, 2018', 'September 28, 2019']",When is dragon ball super 130 episode coming out?,"
There is no official announcement for the release of Dragon Ball Super's 131st episode. The series has already ended.","
Knowledge: Dragon Ball Super (Japanese: ドラゴンボール超スーパー, Hepburn: Doragon Bōru Sūpā, sometimes abbreviated as DBS) is a Japanese manga series written by Akira Toriyama and illustrated by Toyotarou.
Knowledge: A 131-episode anime television series adaptation produced by Toei Animation aired in Japan from April 2015 to March 2018. 
Knowledge: 130	54	""The Greatest Showdown of All Time! The Ultimate Survival Battle!"" 
Transcription: ""Kūzenzetsugo no Chō Kessen! Kyūkyoku no Sabaibaru Batoru!!"" (Japanese: 空前絶後の超決戦！究極のサバイバルバトル！！)	Ryōta Nakamura	Hiroshi Yamaguchi	March 18, 2018	September 28, 2019
Long Answer: Dragon Ball Super is a Japanese manga series written by Akira Toriyama and illustrated by Toyotarou. The series is a 131 episode anime television series adaptation produced by Toei Animation that aired in Japan from April 2015 to March 2018.The 130th episode called ""The Greatest Showdown of All Time! The Ultimate Survival Battle!"" aired on March 18, 2018. The US version aired on September 28, 2019.",0.2214910984039306,0.0,0.0
E13642,642,91,complex,"['March 18, 2018', 'September 28, 2019']",When is dragon ball super 130 episode coming out?,"
I regret to inform that there is no forthcoming episode of Dragon Ball Super designated as episode 131. The most recent arc, the Tournament of Power, concluded with episode 131, ""The Greatest Showdown of All Time! The Ultimate Survival Battle!"", which was broadcast in March 2018. This marked the culmination of the series' 131st installment, and there has been no official announcement from the producers or studios regarding the release of an episode 132 or subsequent episodes. The series has been concluded, and any future episodes or arcs are not forthcoming.","
Knowledge: Dragon Ball Super (Japanese: ドラゴンボール超スーパー, Hepburn: Doragon Bōru Sūpā, sometimes abbreviated as DBS) is a Japanese manga series written by Akira Toriyama and illustrated by Toyotarou.
Knowledge: A 131-episode anime television series adaptation produced by Toei Animation aired in Japan from April 2015 to March 2018. 
Knowledge: 130	54	""The Greatest Showdown of All Time! The Ultimate Survival Battle!"" 
Transcription: ""Kūzenzetsugo no Chō Kessen! Kyūkyoku no Sabaibaru Batoru!!"" (Japanese: 空前絶後の超決戦！究極のサバイバルバトル！！)	Ryōta Nakamura	Hiroshi Yamaguchi	March 18, 2018	September 28, 2019
Long Answer: Dragon Ball Super is a Japanese manga series written by Akira Toriyama and illustrated by Toyotarou. The series is a 131 episode anime television series adaptation produced by Toei Animation that aired in Japan from April 2015 to March 2018.The 130th episode called ""The Greatest Showdown of All Time! The Ultimate Survival Battle!"" aired on March 18, 2018. The US version aired on September 28, 2019.",0.0303668770939111,0.0019870594229234,0.0
E12643,643,10,simple,"['Ostinato', 'restatement', 'repetition']",The repetition of a musical pattern is known as?,"
The repetition of a musical pattern is called an ""ostinato"".","
Knowledge: Some music features a relatively high degree of repetition in its creation or reception. Examples include minimalist music, krautrock, disco (and its later derivatives such as house music), some techno, some of Igor Stravinsky's compositions, barococo and the Suzuki method. (Fink 2005, p. 5)

Other important genres with repetitive songwriting are post rock, ambient/dark ambient[1] and black metal.
Knowledge: In music, an ostinato [ostiˈnaːto] (derived from Italian: stubborn, compare English, from Latin: 'obstinate') is a motif or phrase that persistently repeats in the same musical voice, frequently in the same pitch. Well-known ostinato-based pieces include both classical compositions, such as Ravel's Boléro and the Carol of the Bells, and popular songs such as Donna Summer and Giorgio Moroder's ""I Feel Love"" (1977), Henry Mancini's theme from Peter Gunn (1959), and The Verve's ""Bitter Sweet Symphony"" (1997).
Knowledge: Repetition is important in music, where sounds or sequences are often repeated. It may be called restatement, such as the restatement of a theme. While it plays a role in all music, with noise and musical tones lying along a spectrum from irregular to periodic sounds,(Moravcsik, 114)(Rajagopal,[page needed]) it is especially prominent in specific styles.
Long Answer: Ostinato in music is a motif or phrase that persistently repeats in the same musical voice, frequently in the same pitch. Examples of this are from well-known ostinato-based pieces including both classical compositions, such as Ravel's Boléro and the Carol of the Bells, and popular songs such as The Verve's ""Bitter Sweet Symphony"". Repetition of a musical pattern where sounds or sequences are often repeated is known as restatement, such as the restatement of a theme. Some music features a relatively high degree of repetition, examples include minimalist music, disco, some techno, some of Igor Stravinsky's compositions, post rock, and black metal. 
Context: Ostinato patterns have been present in European music from the Middle Ages onwards. In the famous English canon ""Sumer Is Icumen In"", the main vocal lines are underpinned by an ostinato pattern, known as a ""pes"":]
Context: Repetition is important in music, where sounds or sequences are often repeated. It may be called restatement, such as the restatement of a theme. While it plays a role in all music, with noise and musical tones lying along a spectrum from irregular to periodic sounds,(Moravcsik, 114)(Rajagopal, ) it is especially prominent in specific styles.",0.1757290661334991,0.0211053406318726,0.6666666666666666
E13643,643,39,complex,"['Ostinato', 'restatement', 'repetition']",The repetition of a musical pattern is known as?,"
The repetitive reiteration of a musical pattern is denominated as an ostinato, a harmonic motif or phrase that persists in the same musical voice, typically at a consistent pitch, thereby creating a sense of rhythmic continuity and harmonic coherence.","
Knowledge: Some music features a relatively high degree of repetition in its creation or reception. Examples include minimalist music, krautrock, disco (and its later derivatives such as house music), some techno, some of Igor Stravinsky's compositions, barococo and the Suzuki method. (Fink 2005, p. 5)

Other important genres with repetitive songwriting are post rock, ambient/dark ambient[1] and black metal.
Knowledge: In music, an ostinato [ostiˈnaːto] (derived from Italian: stubborn, compare English, from Latin: 'obstinate') is a motif or phrase that persistently repeats in the same musical voice, frequently in the same pitch. Well-known ostinato-based pieces include both classical compositions, such as Ravel's Boléro and the Carol of the Bells, and popular songs such as Donna Summer and Giorgio Moroder's ""I Feel Love"" (1977), Henry Mancini's theme from Peter Gunn (1959), and The Verve's ""Bitter Sweet Symphony"" (1997).
Knowledge: Repetition is important in music, where sounds or sequences are often repeated. It may be called restatement, such as the restatement of a theme. While it plays a role in all music, with noise and musical tones lying along a spectrum from irregular to periodic sounds,(Moravcsik, 114)(Rajagopal,[page needed]) it is especially prominent in specific styles.
Long Answer: Ostinato in music is a motif or phrase that persistently repeats in the same musical voice, frequently in the same pitch. Examples of this are from well-known ostinato-based pieces including both classical compositions, such as Ravel's Boléro and the Carol of the Bells, and popular songs such as The Verve's ""Bitter Sweet Symphony"". Repetition of a musical pattern where sounds or sequences are often repeated is known as restatement, such as the restatement of a theme. Some music features a relatively high degree of repetition, examples include minimalist music, disco, some techno, some of Igor Stravinsky's compositions, post rock, and black metal. 
Context: Ostinato patterns have been present in European music from the Middle Ages onwards. In the famous English canon ""Sumer Is Icumen In"", the main vocal lines are underpinned by an ostinato pattern, known as a ""pes"":]
Context: Repetition is important in music, where sounds or sequences are often repeated. It may be called restatement, such as the restatement of a theme. While it plays a role in all music, with noise and musical tones lying along a spectrum from irregular to periodic sounds,(Moravcsik, 114)(Rajagopal, ) it is especially prominent in specific styles.",0.2112224698066711,0.0,0.3333333333333333
E12644,644,48,simple,"['August 13, 2017', 'May 22, 2016', 'May 10, 2015']",When does episode 5 come out for game of thrones?,"
There are many episodes of Game of Thrones.

Episode 5 has many names. Here are a few:

* Season 5: May 10, 2015 (this is a year and month, not a day)
* Season 6: May 22, 2016
* Season 7: August 13, 2017

I hope that helps!","
Knowledge: Game of Thrones is an American fantasy drama television series created by David Benioff and D. B. Weiss. The series is based on George R. R. Martin's series of fantasy novels, A Song of Ice and Fire. The series takes place on the fictional continents of Westeros and Essos, and chronicles the power struggles among noble families as they fight for control of the Iron Throne of the Seven Kingdoms. The series starts when House Stark, led by Lord Eddard ""Ned"" Stark (Sean Bean), is drawn into schemes surrounding King Robert Baratheon (Mark Addy)
Knowledge: 41	1	""The Wars to Come""	Michael Slovis	David Benioff & D. B. Weiss	April 12, 2015	8.00[61]
42	2	""The House of Black and White""	Michael Slovis	David Benioff & D. B. Weiss	April 19, 2015	6.81[62]
43	3	""High Sparrow""	Mark Mylod	David Benioff & D. B. Weiss	April 26, 2015	6.71[63]
44	4	""Sons of the Harpy""	Mark Mylod	Dave Hill	May 3, 2015	6.82[64]
45	5	""Kill the Boy""	Jeremy Podeswa	Bryan Cogman	May 10, 2015	6.56[65]
46	6	""Unbowed, Unbent, Unbroken""	Jeremy Podeswa	Bryan Cogman	May 17, 2015	6.24[66]
47	7	""The Gift""	Miguel Sapochnik	David Benioff & D. B. Weiss	May 24, 2015	5.40[67]
48	8	""Hardhome""	Miguel Sapochnik	David Benioff & D. B. Weiss	May 31, 2015	7.01[68]
49	9	""The Dance of Dragons""	David Nutter	David Benioff & D. B. Weiss	June 7, 2015	7.14[69]
50	10	""Mother's Mercy""	David Nutter	David Benioff & D. B. Weiss	June 14, 2015	8.11[70]

Knowledge: No.
overall	No. in
season	Title	Directed by	Written by	Original air date [20]	U.S. viewers
(millions)
51	1	""The Red Woman""	Jeremy Podeswa	David Benioff & D. B. Weiss	April 24, 2016	7.94[71]
52	2	""Home""	Jeremy Podeswa	Dave Hill	May 1, 2016	7.29[72]
53	3	""Oathbreaker""	Daniel Sackheim	David Benioff & D. B. Weiss	May 8, 2016	7.28[73]
54	4	""Book of the Stranger""	Daniel Sackheim	David Benioff & D. B. Weiss	May 15, 2016	7.82[74]
55	5	""The Door""	Jack Bender	David Benioff & D. B. Weiss	May 22, 2016	7.89[75]
56	6	""Blood of My Blood""	Jack Bender	Bryan Cogman	May 29, 2016	6.71[76]
57	7	""The Broken Man""	Mark Mylod	Bryan Cogman	June 5, 2016	7.80[77]
58	8	""No One""	Mark Mylod	David Benioff & D. B. Weiss	June 12, 2016	7.60[78]
59	9	""Battle of the Bastards""	Miguel Sapochnik	David Benioff & D. B. Weiss	June 19, 2016	7.66[79]
60	10	""The Winds of Winter""	Miguel Sapochnik	David Benioff & D. B. Weiss	June 26, 2016	8.89[80]

Knowledge: No.
overall	No. in
season	Title	Directed by	Written by	Original air date [20]	U.S. viewers
(millions)
61	1	""Dragonstone""	Jeremy Podeswa	David Benioff & D. B. Weiss	July 16, 2017	10.11[81]
62	2	""Stormborn""	Mark Mylod	Bryan Cogman	July 23, 2017	9.27[82]
63	3	""The Queen's Justice""	Mark Mylod	David Benioff & D. B. Weiss	July 30, 2017	9.25[83]
64	4	""The Spoils of War""	Matt Shakman	David Benioff & D. B. Weiss	August 6, 2017	10.17[84]
65	5	""Eastwatch""	Matt Shakman	Dave Hill	August 13, 2017	10.72[85]
66	6	""Beyond the Wall""	Alan Taylor	David Benioff & D. B. Weiss	August 20, 2017	10.24[86]
67	7	""The Dragon and the Wolf""	Jeremy Podeswa	David Benioff & D. B. Weiss	August 27, 2017	12.07[87]

Knowledge: No.
overall	No. in
season	Title	Directed by	Written by	Original air date [20]	U.S. viewers
(millions)
68	1	""Winterfell""	David Nutter	Dave Hill	April 14, 2019	11.76[88]
69	2	""A Knight of the Seven Kingdoms""	David Nutter	Bryan Cogman	April 21, 2019	10.29[89]
70	3	""The Long Night""	Miguel Sapochnik	David Benioff & D. B. Weiss	April 28, 2019	12.02[90]
71	4	""The Last of the Starks""	David Nutter	David Benioff & D. B. Weiss	May 5, 2019	11.80[91]
72	5	""The Bells""	Miguel Sapochnik	David Benioff & D. B. Weiss	May 12, 2019	12.48[92]
73	6	""The Iron Throne""	David Benioff & D. B. Weiss	David Benioff & D. B. Weiss	May 19, 2019	13.61[93]
Long Answer: There are several episode 5's of Game of Thrones, an American fantasy drama television series based on George R. R. Martin's series of fantasy novels, A Song of Ice and Fire. There are 8 seasons to the series that takes place on the fictional continents of Westeros and Essos, and chronicles the power struggles among noble families as they fight for control of the Iron Throne of the Seven Kingdoms, first airing in 2013. The 5th episode of season 5 ""Kill The Boy"" aired on May 10, 2015, 5th episode of season 6 ""The Door"" aired May 22, 2016, and the 5th episode of season 7 ""East Watch"" aired August 13, 2017. The very last episode of the series ""The Iron Throne"" aired on May 19, 2019.",-0.0777427107095718,0.0419047508485881,1.0
E13644,644,159,complex,"['August 13, 2017', 'May 22, 2016', 'May 10, 2015']",When does episode 5 come out for game of thrones?,"
The perpetual query of the ancients. The ostensibly innocuous question, belied by the complex tapestry of temporalities governing the esteemed television series, Game of Thrones. As the epoch of the show's narrative unfolds, a pattern emerges, akin to the cyclical nature of the seasons themselves. Specifically, each season is distinguished by a particular rhythm, a cadence that allows for the revelation of pivotal plot points.

To answer your query, episode 5, in the grand tradition of the Seven Kingdoms, occurs at disparate junctures throughout the series' eight-season arc. Three distinct episodes bear the numeral 5: ""Kill the Boy"" in Season 5 (May 10, 2015), ""The Door"" in Season 6 (May 22, 2016), and ""Eastwatch"" in Season 7 (August 13, 2017).

Thus, the ontological status of episode 5, in the context of the Game of Thrones narrative, is that of a pivotal juncture, a liminal moment of critical import, situated at the nexus of the teleological unfolding of the story.","
Knowledge: Game of Thrones is an American fantasy drama television series created by David Benioff and D. B. Weiss. The series is based on George R. R. Martin's series of fantasy novels, A Song of Ice and Fire. The series takes place on the fictional continents of Westeros and Essos, and chronicles the power struggles among noble families as they fight for control of the Iron Throne of the Seven Kingdoms. The series starts when House Stark, led by Lord Eddard ""Ned"" Stark (Sean Bean), is drawn into schemes surrounding King Robert Baratheon (Mark Addy)
Knowledge: 41	1	""The Wars to Come""	Michael Slovis	David Benioff & D. B. Weiss	April 12, 2015	8.00[61]
42	2	""The House of Black and White""	Michael Slovis	David Benioff & D. B. Weiss	April 19, 2015	6.81[62]
43	3	""High Sparrow""	Mark Mylod	David Benioff & D. B. Weiss	April 26, 2015	6.71[63]
44	4	""Sons of the Harpy""	Mark Mylod	Dave Hill	May 3, 2015	6.82[64]
45	5	""Kill the Boy""	Jeremy Podeswa	Bryan Cogman	May 10, 2015	6.56[65]
46	6	""Unbowed, Unbent, Unbroken""	Jeremy Podeswa	Bryan Cogman	May 17, 2015	6.24[66]
47	7	""The Gift""	Miguel Sapochnik	David Benioff & D. B. Weiss	May 24, 2015	5.40[67]
48	8	""Hardhome""	Miguel Sapochnik	David Benioff & D. B. Weiss	May 31, 2015	7.01[68]
49	9	""The Dance of Dragons""	David Nutter	David Benioff & D. B. Weiss	June 7, 2015	7.14[69]
50	10	""Mother's Mercy""	David Nutter	David Benioff & D. B. Weiss	June 14, 2015	8.11[70]

Knowledge: No.
overall	No. in
season	Title	Directed by	Written by	Original air date [20]	U.S. viewers
(millions)
51	1	""The Red Woman""	Jeremy Podeswa	David Benioff & D. B. Weiss	April 24, 2016	7.94[71]
52	2	""Home""	Jeremy Podeswa	Dave Hill	May 1, 2016	7.29[72]
53	3	""Oathbreaker""	Daniel Sackheim	David Benioff & D. B. Weiss	May 8, 2016	7.28[73]
54	4	""Book of the Stranger""	Daniel Sackheim	David Benioff & D. B. Weiss	May 15, 2016	7.82[74]
55	5	""The Door""	Jack Bender	David Benioff & D. B. Weiss	May 22, 2016	7.89[75]
56	6	""Blood of My Blood""	Jack Bender	Bryan Cogman	May 29, 2016	6.71[76]
57	7	""The Broken Man""	Mark Mylod	Bryan Cogman	June 5, 2016	7.80[77]
58	8	""No One""	Mark Mylod	David Benioff & D. B. Weiss	June 12, 2016	7.60[78]
59	9	""Battle of the Bastards""	Miguel Sapochnik	David Benioff & D. B. Weiss	June 19, 2016	7.66[79]
60	10	""The Winds of Winter""	Miguel Sapochnik	David Benioff & D. B. Weiss	June 26, 2016	8.89[80]

Knowledge: No.
overall	No. in
season	Title	Directed by	Written by	Original air date [20]	U.S. viewers
(millions)
61	1	""Dragonstone""	Jeremy Podeswa	David Benioff & D. B. Weiss	July 16, 2017	10.11[81]
62	2	""Stormborn""	Mark Mylod	Bryan Cogman	July 23, 2017	9.27[82]
63	3	""The Queen's Justice""	Mark Mylod	David Benioff & D. B. Weiss	July 30, 2017	9.25[83]
64	4	""The Spoils of War""	Matt Shakman	David Benioff & D. B. Weiss	August 6, 2017	10.17[84]
65	5	""Eastwatch""	Matt Shakman	Dave Hill	August 13, 2017	10.72[85]
66	6	""Beyond the Wall""	Alan Taylor	David Benioff & D. B. Weiss	August 20, 2017	10.24[86]
67	7	""The Dragon and the Wolf""	Jeremy Podeswa	David Benioff & D. B. Weiss	August 27, 2017	12.07[87]

Knowledge: No.
overall	No. in
season	Title	Directed by	Written by	Original air date [20]	U.S. viewers
(millions)
68	1	""Winterfell""	David Nutter	Dave Hill	April 14, 2019	11.76[88]
69	2	""A Knight of the Seven Kingdoms""	David Nutter	Bryan Cogman	April 21, 2019	10.29[89]
70	3	""The Long Night""	Miguel Sapochnik	David Benioff & D. B. Weiss	April 28, 2019	12.02[90]
71	4	""The Last of the Starks""	David Nutter	David Benioff & D. B. Weiss	May 5, 2019	11.80[91]
72	5	""The Bells""	Miguel Sapochnik	David Benioff & D. B. Weiss	May 12, 2019	12.48[92]
73	6	""The Iron Throne""	David Benioff & D. B. Weiss	David Benioff & D. B. Weiss	May 19, 2019	13.61[93]
Long Answer: There are several episode 5's of Game of Thrones, an American fantasy drama television series based on George R. R. Martin's series of fantasy novels, A Song of Ice and Fire. There are 8 seasons to the series that takes place on the fictional continents of Westeros and Essos, and chronicles the power struggles among noble families as they fight for control of the Iron Throne of the Seven Kingdoms, first airing in 2013. The 5th episode of season 5 ""Kill The Boy"" aired on May 10, 2015, 5th episode of season 6 ""The Door"" aired May 22, 2016, and the 5th episode of season 7 ""East Watch"" aired August 13, 2017. The very last episode of the series ""The Iron Throne"" aired on May 19, 2019.",-0.1191189661622047,0.0014859722464553,1.0
E12645,645,7,simple,"['converge medially toward the knees, where they articulate with the proximal ends of the tibiae', 'upper leg', 'articulates with the acetabulum in the pelvic bone forming the hip joint, while the distal part of the femur articulates with the tibia and kneecap', 'thigh', 'the most proximal of (usually) the two longest jointed segments of the legs']",Where is the femur located on the body?,"
The femur is in the upper leg.","
Knowledge: The femur is the only bone in the upper leg. The two femurs converge medially toward the knees, where they articulate with the proximal ends of the tibiae. 
Knowledge: The femur (/ˈfiːmər/, pl. femurs or femora /ˈfɛmərə/)[1][2], or thigh bone, is the proximal bone of the hindlimb in tetrapod vertebrates. The head of the femur articulates with the acetabulum in the pelvic bone forming the hip joint, while the distal part of the femur articulates with the tibia (shinbone) and patella (kneecap), forming the knee joint. By most measures the two (left and right) femurs are the strongest bones of the body, and in humans, the largest and thickest.[citation needed]
Knowledge: In invertebrate zoology the name femur appears in arthropodology. The usage is not homologous with that of vertebrate anatomy; the term ""femur"" simply has been adopted by analogy and refers, where applicable, to the most proximal of (usually) the two longest jointed segments of the legs of the arthropoda.
Long Answer: The femur, or thigh bone, is the proximal bone of the hindlimb in humans. The femur is the only bone in the upper leg, and the two femurs converge medially toward the knees, where they articulate with the proximal ends of the tibiae. The head of the femur articulates with the acetabulum in the pelvic bone forming the hip joint, while the distal part of the femur articulates with the tibia and kneecap, forming the knee joint. In invertebrate zoology the name femur appears in arthropodology; however the term ""femur"" simply has been adopted by analogy and refers, where applicable, to the most proximal of (usually) the two longest jointed segments of the legs of the arthropoda.
Context: The femur (, pl. ""femurs"" or ""femora"" ), or thigh bone, is the proximal bone of the hindlimb in tetrapod vertebrates and of the human thigh. The head of the femur articulates with the acetabulum in the pelvic bone forming the hip joint, while the distal part of the femur articulates with the tibia and kneecap forming the knee joint. By most measures the femur is the strongest bone in the body. The femur is also the longest bone in the human body.",0.2359194606542587,0.0830701847441279,0.2
E13645,645,95,complex,"['converge medially toward the knees, where they articulate with the proximal ends of the tibiae', 'upper leg', 'articulates with the acetabulum in the pelvic bone forming the hip joint, while the distal part of the femur articulates with the tibia and kneecap', 'thigh', 'the most proximal of (usually) the two longest jointed segments of the legs']",Where is the femur located on the body?,"
The femur, or thigh bone, occupies a pivotal position within the skeletal system of tetrapod vertebrates, specifically within the upper limb region of the human body. It is situated proximally to the knee joint, converging medially with the two tibiae to form the distal end of the femur. In humans, the femur is situated in the thigh, from which it derives its name, and is responsible for articulating with the acetabulum in the pelvic bone to form the hip joint, thereby enabling the creation of a complex movement apparatus that facilitates locomotion, balance, and support.","
Knowledge: The femur is the only bone in the upper leg. The two femurs converge medially toward the knees, where they articulate with the proximal ends of the tibiae. 
Knowledge: The femur (/ˈfiːmər/, pl. femurs or femora /ˈfɛmərə/)[1][2], or thigh bone, is the proximal bone of the hindlimb in tetrapod vertebrates. The head of the femur articulates with the acetabulum in the pelvic bone forming the hip joint, while the distal part of the femur articulates with the tibia (shinbone) and patella (kneecap), forming the knee joint. By most measures the two (left and right) femurs are the strongest bones of the body, and in humans, the largest and thickest.[citation needed]
Knowledge: In invertebrate zoology the name femur appears in arthropodology. The usage is not homologous with that of vertebrate anatomy; the term ""femur"" simply has been adopted by analogy and refers, where applicable, to the most proximal of (usually) the two longest jointed segments of the legs of the arthropoda.
Long Answer: The femur, or thigh bone, is the proximal bone of the hindlimb in humans. The femur is the only bone in the upper leg, and the two femurs converge medially toward the knees, where they articulate with the proximal ends of the tibiae. The head of the femur articulates with the acetabulum in the pelvic bone forming the hip joint, while the distal part of the femur articulates with the tibia and kneecap, forming the knee joint. In invertebrate zoology the name femur appears in arthropodology; however the term ""femur"" simply has been adopted by analogy and refers, where applicable, to the most proximal of (usually) the two longest jointed segments of the legs of the arthropoda.
Context: The femur (, pl. ""femurs"" or ""femora"" ), or thigh bone, is the proximal bone of the hindlimb in tetrapod vertebrates and of the human thigh. The head of the femur articulates with the acetabulum in the pelvic bone forming the hip joint, while the distal part of the femur articulates with the tibia and kneecap forming the knee joint. By most measures the femur is the strongest bone in the body. The femur is also the longest bone in the human body.",0.2015198469161987,0.099497209396338,0.2
E12646,646,12,simple,"['Guy Howard', 'Howard ""Howie"" Guyton', 'Guyton', 'Ronald Isley', 'John Lennon', 'Roger Daltrey']",Who sang lead vocals on twist and shout?,"
The lead singer of the song ""Twist and Shout"" was Ronald Isley.","
Knowledge: ""Twist and Shout"" is a 1961 song written by Phil Medley and Bert Berns (later credited as ""Bert Russell""). It was originally recorded by the Top Notes, but it did not become a hit in the record charts until it was reworked by the Isley Brothers in 1962. The song has been covered by several artists, including several that appeared in the record charts.
Knowledge: The Beatles' rendition of ""Twist and Shout"" was released on their first UK album Please Please Me, based on the Isley Brothers' version. John Lennon provided the lead vocals and initially felt ashamed of his performance in the song ""because I could sing better than that, but now it doesn't bother me.
Long Answer: ""Twist and Shout"" is a 1961 song originally recorded by the Top Notes, The Top Notes' Howard ""Howie"" Guyton provided the lead vocals but it did not become a hit in the record charts until it was reworked by the Isley Brothers in 1962, sang by Ronald Isley as the lead vocalist. The song has been covered by several artists, including several that appeared in the record charts. The Beatles' rendition of ""Twist and Shout"" was released on their first UK album Please Please Me, John Lennon provided the lead vocals, and the English rock band The Who covered the song live during their career, with Roger Daltrey singing lead vocals on the first version which is on the Isle of Wight Festival in 1970.
Context: The Top Notes included singers Howard ""Howie"" Guyton (also known as Guy Howard), a cousin of Dave ""Baby"" Cortez; and Derek Martin, also known as Derek Ray. Guyton provided the lead vocals on ""Twist and Shout"". Guyton, Martin and Cortez had previously all been members of vocal groups the Pearls (also known as the Five Pearls) in their home city of Detroit, and then of the Sheiks in New York; and Guyton and Martin later recorded as members of Jimmy Ricks & the Raves. Derek Martin later recorded a succession of singles, mostly on the Roulette label, in the 1960s and early 1970s, including a version of Otis Blackwell's ""Daddy Rollin' Stone"", before moving to live in France where he has continued to perform. Guyton later sang in a touring version of the Platters, and died of a heart attack in 1977, aged 39, while touring in Argentina.
Context: The Isley Brothers' version, with Ronald Isley on lead vocals, was the first major hit recording of the song, peaking at No. 17 on the U.S. pop top 40 charts, and No. 2 on the US R&B charts. The song quickly became a frequently covered R&B tune in the early 1960s. According to Ronald, the song was supposed to be the B-side to the Burt Bacharach standard, ""Make It Easy on Yourself"", which had been a hit for Jerry Butler. When the Isleys recorded ""Twist and Shout"", the brothers did not think the song would do well, as they had not had a hit in the three years since ""Shout"" established them. To their surprise, it became their first Top 40 hit on both the pop and R&B charts, and for a time established the group's reputation for producing fast-paced songs during their earlier career.
Context: The Beatles' rendition of ""Twist and Shout"" was released on their first UK album ""Please Please Me"", based on the Isley Brothers' version and featuring John Lennon on lead vocals. The song was the last to be recorded during the marathon 13-hour album session; producer George Martin knew that Lennon's voice would suffer from the performance, so he left it until last, with only 15 minutes of scheduled recording time remaining. Lennon had a cold and was drinking milk and sucking on cough drops to soothe his throat. His coughing is audible on the album, as is the cold's effect on his voice. He remarked that his voice was not the same for a long time afterward, and that it ""felt like sandpaper"" to swallow. He initially felt ashamed of his performance in the song ""because I could sing better than that, but now it doesn't bother me. You can hear that I'm just a frantic guy doing his best."" A second take was attempted, but Lennon had nothing left, and it was abandoned.
Context: English rock band the Who covered the song live during their career, with Roger Daltrey singing lead vocals on the first version which is on the Isle of Wight Festival in 1970, and on their 1982 Farewell Tour, with their bassist John Entwistle singing the lead vocals. The 1982 version can be heard on the live album ""Who's Last"" (recorded at the Richfield Coliseum on December 14, 1982 and released in November 1984), ""Live From Toronto"" (recorded at the Maple Leaf Gardens in Toronto on December 17, 1982 and released in 2006), as well as on the 1994 compilation ""Thirty Years of Maximum R&B"" (recorded at the Maple Leaf Gardens in Toronto on December 16, 1982, misdated in the liner notes for the concert at Toronto's CNE stadium on October 9, 1982).",0.3832216262817383,0.0170331860376392,0.1666666666666666
E13646,646,27,complex,"['Guy Howard', 'Howard ""Howie"" Guyton', 'Guyton', 'Ronald Isley', 'John Lennon', 'Roger Daltrey']",Who sang lead vocals on twist and shout?,"
The lead vocals on the seminal song ""Twist and Shout"" were provided by Ronald Isley, the renowned lead vocalist of the American R&B group the Isley Brothers.","
Knowledge: ""Twist and Shout"" is a 1961 song written by Phil Medley and Bert Berns (later credited as ""Bert Russell""). It was originally recorded by the Top Notes, but it did not become a hit in the record charts until it was reworked by the Isley Brothers in 1962. The song has been covered by several artists, including several that appeared in the record charts.
Knowledge: The Beatles' rendition of ""Twist and Shout"" was released on their first UK album Please Please Me, based on the Isley Brothers' version. John Lennon provided the lead vocals and initially felt ashamed of his performance in the song ""because I could sing better than that, but now it doesn't bother me.
Long Answer: ""Twist and Shout"" is a 1961 song originally recorded by the Top Notes, The Top Notes' Howard ""Howie"" Guyton provided the lead vocals but it did not become a hit in the record charts until it was reworked by the Isley Brothers in 1962, sang by Ronald Isley as the lead vocalist. The song has been covered by several artists, including several that appeared in the record charts. The Beatles' rendition of ""Twist and Shout"" was released on their first UK album Please Please Me, John Lennon provided the lead vocals, and the English rock band The Who covered the song live during their career, with Roger Daltrey singing lead vocals on the first version which is on the Isle of Wight Festival in 1970.
Context: The Top Notes included singers Howard ""Howie"" Guyton (also known as Guy Howard), a cousin of Dave ""Baby"" Cortez; and Derek Martin, also known as Derek Ray. Guyton provided the lead vocals on ""Twist and Shout"". Guyton, Martin and Cortez had previously all been members of vocal groups the Pearls (also known as the Five Pearls) in their home city of Detroit, and then of the Sheiks in New York; and Guyton and Martin later recorded as members of Jimmy Ricks & the Raves. Derek Martin later recorded a succession of singles, mostly on the Roulette label, in the 1960s and early 1970s, including a version of Otis Blackwell's ""Daddy Rollin' Stone"", before moving to live in France where he has continued to perform. Guyton later sang in a touring version of the Platters, and died of a heart attack in 1977, aged 39, while touring in Argentina.
Context: The Isley Brothers' version, with Ronald Isley on lead vocals, was the first major hit recording of the song, peaking at No. 17 on the U.S. pop top 40 charts, and No. 2 on the US R&B charts. The song quickly became a frequently covered R&B tune in the early 1960s. According to Ronald, the song was supposed to be the B-side to the Burt Bacharach standard, ""Make It Easy on Yourself"", which had been a hit for Jerry Butler. When the Isleys recorded ""Twist and Shout"", the brothers did not think the song would do well, as they had not had a hit in the three years since ""Shout"" established them. To their surprise, it became their first Top 40 hit on both the pop and R&B charts, and for a time established the group's reputation for producing fast-paced songs during their earlier career.
Context: The Beatles' rendition of ""Twist and Shout"" was released on their first UK album ""Please Please Me"", based on the Isley Brothers' version and featuring John Lennon on lead vocals. The song was the last to be recorded during the marathon 13-hour album session; producer George Martin knew that Lennon's voice would suffer from the performance, so he left it until last, with only 15 minutes of scheduled recording time remaining. Lennon had a cold and was drinking milk and sucking on cough drops to soothe his throat. His coughing is audible on the album, as is the cold's effect on his voice. He remarked that his voice was not the same for a long time afterward, and that it ""felt like sandpaper"" to swallow. He initially felt ashamed of his performance in the song ""because I could sing better than that, but now it doesn't bother me. You can hear that I'm just a frantic guy doing his best."" A second take was attempted, but Lennon had nothing left, and it was abandoned.
Context: English rock band the Who covered the song live during their career, with Roger Daltrey singing lead vocals on the first version which is on the Isle of Wight Festival in 1970, and on their 1982 Farewell Tour, with their bassist John Entwistle singing the lead vocals. The 1982 version can be heard on the live album ""Who's Last"" (recorded at the Richfield Coliseum on December 14, 1982 and released in November 1984), ""Live From Toronto"" (recorded at the Maple Leaf Gardens in Toronto on December 17, 1982 and released in 2006), as well as on the 1994 compilation ""Thirty Years of Maximum R&B"" (recorded at the Maple Leaf Gardens in Toronto on December 16, 1982, misdated in the liner notes for the concert at Toronto's CNE stadium on October 9, 1982).",0.3336153924465179,0.0083010954628225,0.1666666666666666
E12647,647,15,simple,"['Flu Season 2', '19']",What episode of parks and rec does leslie find out she's pregnant?,"
Leslie finds out she's pregnant in the Season 6, Episode 19 of Parks and Recreation.","
Knowledge: Parks and Recreation (also known as Parks and Rec) is an American political satire mockumentary sitcom television series created by Greg Daniels and Michael Schur. 
Knowledge: The series aired on NBC from April 9, 2009, to February 24, 2015, for 125 episodes, over seven seasons. A special reunion episode aired on April 30, 2020.[1][2][3][4] The series stars Amy Poehler as Leslie Knope, a perky, mid-level bureaucrat in the Parks Department of Pawnee, a fictional town in Indiana. 
Knowledge: Deputy Director of the Parks and Recreation Department of the fictional city of Pawnee, Indiana. In ""Flu Season 2"", Leslie discovers that she is pregnant. In ""One in 8,000"", after a visit to a doctor, Ben and Leslie find out that they are going to have triplets.
Long Answer: Parks and Recreation, also known as Parks and Rec, is an American political satire mockumentary sitcom television series created by Greg Daniels and Michael Schur. The series aired on NBC from April 9, 2009, to February 24, 2015, for 125 episodes, over seven seasons. The series stars Amy Poehler as Leslie Knope, Deputy Director of the Parks and Recreation Department of Pawnee, a fictional town in Indiana.  During episode 19 of season 6 ""Flu Season 2"" Leslie finds out that she is pregnant with triplets. 
Context: Leslie is a key member in the absorbing of Eagleton into Pawnee because of a debt problem in Eagleton. After a heroic filibuster which wins the citizens of former Eagleton voting rights, Leslie is recalled and replaced with her Eagletonian counterpart, Ingrid de Forest (Kristen Bell). Leslie gets the lot and park for the Pawnee Commons after a heated debate between her and Councilman Jamm, in return for five worthless IOU's from Chris (who was soon leaving his post as City Manager). She dedicates the unofficial groundbreaking of Pawnee Commons to Ann before she and Chris leave for Michigan in ‘’Ann and Chris’’. In ""Flu Season 2"", Leslie discovers that she is pregnant. In ""One in 8,000"" after a visit to a doctor, Ben and Leslie find out that they are going to have triplets. Soon after, the Unity Concert is nearing, and Leslie is offered a position in the National Park Service, in Chicago. After stalling on her decision for most of the season Leslie is eventually convinced by Ben to accept the job, but then after finding out that the Parks Department had her declared as one of the new founders of the new town of Pawnee, she convinces her new boss to relocate their office from Chicago to the Third Floor of Pawnee City Hall. Three years from the end of season six, Leslie and Ben have three children, and Leslie is the head of the Midwest Parks Service in the bustling third floor of Pawnee City Hall.",0.3042818009853363,0.0157188773630212,0.5
E13647,647,40,complex,"['Flu Season 2', '19']",What episode of parks and rec does leslie find out she's pregnant?,"
In ""Flu Season 2"", which is the 19th episode of season 6 of Parks and Recreation, Leslie Knope (Amy Poehler) is confronted with the startling revelation that she is pregnant, precipitating a paradigm shift in her personal and professional life.","
Knowledge: Parks and Recreation (also known as Parks and Rec) is an American political satire mockumentary sitcom television series created by Greg Daniels and Michael Schur. 
Knowledge: The series aired on NBC from April 9, 2009, to February 24, 2015, for 125 episodes, over seven seasons. A special reunion episode aired on April 30, 2020.[1][2][3][4] The series stars Amy Poehler as Leslie Knope, a perky, mid-level bureaucrat in the Parks Department of Pawnee, a fictional town in Indiana. 
Knowledge: Deputy Director of the Parks and Recreation Department of the fictional city of Pawnee, Indiana. In ""Flu Season 2"", Leslie discovers that she is pregnant. In ""One in 8,000"", after a visit to a doctor, Ben and Leslie find out that they are going to have triplets.
Long Answer: Parks and Recreation, also known as Parks and Rec, is an American political satire mockumentary sitcom television series created by Greg Daniels and Michael Schur. The series aired on NBC from April 9, 2009, to February 24, 2015, for 125 episodes, over seven seasons. The series stars Amy Poehler as Leslie Knope, Deputy Director of the Parks and Recreation Department of Pawnee, a fictional town in Indiana.  During episode 19 of season 6 ""Flu Season 2"" Leslie finds out that she is pregnant with triplets. 
Context: Leslie is a key member in the absorbing of Eagleton into Pawnee because of a debt problem in Eagleton. After a heroic filibuster which wins the citizens of former Eagleton voting rights, Leslie is recalled and replaced with her Eagletonian counterpart, Ingrid de Forest (Kristen Bell). Leslie gets the lot and park for the Pawnee Commons after a heated debate between her and Councilman Jamm, in return for five worthless IOU's from Chris (who was soon leaving his post as City Manager). She dedicates the unofficial groundbreaking of Pawnee Commons to Ann before she and Chris leave for Michigan in ‘’Ann and Chris’’. In ""Flu Season 2"", Leslie discovers that she is pregnant. In ""One in 8,000"" after a visit to a doctor, Ben and Leslie find out that they are going to have triplets. Soon after, the Unity Concert is nearing, and Leslie is offered a position in the National Park Service, in Chicago. After stalling on her decision for most of the season Leslie is eventually convinced by Ben to accept the job, but then after finding out that the Parks Department had her declared as one of the new founders of the new town of Pawnee, she convinces her new boss to relocate their office from Chicago to the Third Floor of Pawnee City Hall. Three years from the end of season six, Leslie and Ben have three children, and Leslie is the head of the Midwest Parks Service in the bustling third floor of Pawnee City Hall.",0.2063340246677398,0.0046208569092302,1.0
E12648,648,13,simple,"['Herbert Spencer', 'Charles Darwin']",Who came up with the idea of survival of the fittest?,"
Charles Darwin's friend, Herbert Spencer, thought of the phrase ""survival of the fittest.""","
Knowledge: Darwin responded positively to Alfred Russel Wallace's suggestion of using Spencer's new phrase ""survival of the fittest"" as an alternative to ""natural selection"", and adopted the phrase in The Variation of Animals and Plants Under Domestication published in 1868.[2][3] In On the Origin of Species, he introduced the phrase in the fifth edition published in 1869,[4][5] intending it to mean ""better designed for an immediate, local environment"".[6][7]
Long Answer: ""Survival of the fittest"" is a phrase first stated by Herbert Spencer. Spencer used this phrase after reading Darwin's ""On the Origin of Species"", in his ""Principles of Biology"" (1864). Herbert stated ""This survival of the fittest, which I have here sought to express in mechanical terms, is that which Charles Darwin has called 'natural selection', or the preservation of favoured races in the struggle for life."" In 1869, Darwin introduced the phrase in the 5th edition of the ""Origin of Species"" intending it to mean ""better designed for an immediate, local environment"".
Context: Herbert Spencer first used the phrase, after reading Charles Darwin's ""On the Origin of Species"", in his ""Principles of Biology"" (1864), in which he drew parallels between his own economic theories and Darwin's biological ones: ""This survival of the fittest, which I have here sought to express in mechanical terms, is that which Mr. Darwin has called 'natural selection', or the preservation of favoured races in the struggle for life.""",0.3613885641098022,0.0184768604205221,1.0
E13648,648,208,complex,"['Herbert Spencer', 'Charles Darwin']",Who came up with the idea of survival of the fittest?,"
The concept of ""survival of the fittest"" is often attributed to the ingenious minds of Charles Robert Darwin and Herbert Spencer, although its genesis and nuances warrant a more nuanced explanation. Initially, it was Herbert Spencer, a British philosopher and sociologist, who first articulated this phrase in his seminal work, ""Principles of Biology"" (1864). Spencer's utilization of this phrase, which he derived from the economic principles of ""the survival of the fittest"" in industry, sought to exemplify the analogous concept of biological adaptation.

However, it was Charles Darwin who later popularized and refined the concept in his seminal work, ""On the Origin of Species"" (1869). In this context, Darwin introduced the phrase ""survival of the fittest"" as a synonym for his theory of natural selection, which posits that individuals possessing traits better suited to their environment are more likely to survive and propagate, thereby ensuring the species' continuation. This notion, as articulated by Darwin, entails the idea that species evolve through a process of iterative selection, wherein advantageous characteristics become more prevalent over time, resulting in the fittest individuals being better adapted to their environment. Through his introduction of this phrase, Darwin effectively integrated the concept into the scientific discourse, rendering it a cornerstone of modern evolutionary theory.","
Knowledge: Darwin responded positively to Alfred Russel Wallace's suggestion of using Spencer's new phrase ""survival of the fittest"" as an alternative to ""natural selection"", and adopted the phrase in The Variation of Animals and Plants Under Domestication published in 1868.[2][3] In On the Origin of Species, he introduced the phrase in the fifth edition published in 1869,[4][5] intending it to mean ""better designed for an immediate, local environment"".[6][7]
Long Answer: ""Survival of the fittest"" is a phrase first stated by Herbert Spencer. Spencer used this phrase after reading Darwin's ""On the Origin of Species"", in his ""Principles of Biology"" (1864). Herbert stated ""This survival of the fittest, which I have here sought to express in mechanical terms, is that which Charles Darwin has called 'natural selection', or the preservation of favoured races in the struggle for life."" In 1869, Darwin introduced the phrase in the 5th edition of the ""Origin of Species"" intending it to mean ""better designed for an immediate, local environment"".
Context: Herbert Spencer first used the phrase, after reading Charles Darwin's ""On the Origin of Species"", in his ""Principles of Biology"" (1864), in which he drew parallels between his own economic theories and Darwin's biological ones: ""This survival of the fittest, which I have here sought to express in mechanical terms, is that which Mr. Darwin has called 'natural selection', or the preservation of favoured races in the struggle for life.""",0.1189007014036178,0.0020154249156661,1.0
E12649,649,16,simple,"['Bridal Veil Falls (Chimanimani)', 'Chimanimani', 'Bridal Veil Falls', 'Mutarazi Falls', 'Mutarazi', 'Victoria Falls', 'Mosi-oa-Tunya', '""The Smoke That Thunders""']",What is the name of the waterfall in zimbabwe?,"
There are three waterfalls in Zimbabwe.

1. Bridal Veil Falls 
2. Mutarazi Falls
3. Victoria Falls","
Knowledge: Bridal Veil Falls is located in the mountains above the Zimbabwean town of Chimanimani.[1] They are famed for their beauty and relative remoteness; as such, the site has become a destination for photographers and ecotourists.
Knowledge: Mutarazi Falls is a waterfall in Mutasa District in Manicaland Province, Zimbabwe. it is located in the 2,495 hectare Mutarazi National Park adjacent to the southern border of the Nyanga National Park. At 772 meters (2,533 ft), it is the highest in Zimbabwe, second highest in Africa and 17th highest in the World.
Knowledge: Victoria Falls (Lozi: Mosi-oa-Tunya, ""The Smoke That Thunders""; Tonga: Shungu Namutitima, ""Boiling Water"") is a waterfall on the Zambezi River in southern Africa, which provides habitat for several unique species of plants and animals. It is located on the border between Zambia and Zimbabwe[1] and is considered to be one of the world's largest waterfalls due to its width of 1,708 m (5,604 ft).
Long Answer: Zimbabwe has a few different waterfalls. Bridal Veil Falls, also known as Bridalveil Falls, famed for their beauty and relative remoteness, is a waterfall in Chimanimani, located in the mountains above the Zimbabwean town of Chimanimani. Mutarazi Falls is a waterfall in Mutasa District in Manicaland Province, Zimbabwe, and it is located in the 2,495 hectare Mutarazi National Park. At 2,533 ft., it is the highest in Zimbabwe, second highest in Africa and 17th highest in the World. Considered to be the one of the worlds largest waterfalls due to its width of 5,604 ft. is Victoria Falls, ""The Smoke That Thunders""; a waterfall on the Zambezi River in southern Africa on the border between Zambia and Zimbabwe. ",0.250475525856018,0.0822596469996655,0.5
E13649,649,148,complex,"['Bridal Veil Falls (Chimanimani)', 'Chimanimani', 'Bridal Veil Falls', 'Mutarazi Falls', 'Mutarazi', 'Victoria Falls', 'Mosi-oa-Tunya', '""The Smoke That Thunders""']",What is the name of the waterfall in zimbabwe?,"
The inquiry pertains to a series of waterfalls situated within the territory of Zimbabwe, a country in southern Africa. Bridal Veil Falls, an idyllic and picturesque cascade, is renowned for its aesthetic appeal and relatively sequestered location within the mountains above the town of Chimanimani. Additionally, Mutarazi Falls, a notable and impressive waterfall, is situated in the Mutasa District of Manicaland Province, within the 2,495-hectare Mutarazi National Park. Notably, Mutarazi Falls holds the distinction of being the highest waterfall in Zimbabwe, ranking as the second-highest in Africa and the seventeenth-highest globally, with a height of 2,533 feet. Conversely, Victoria Falls, a paradigmatic example of an extraordinary hydrological phenomenon, is situated on the Zambezi River in southern Africa, straddling the border between Zambia and Zimbabwe. Renowned for its immense scale, Victoria Falls is widely regarded as one of the world's most spectacular waterfalls, measuring approximately 5,604 feet in width.","
Knowledge: Bridal Veil Falls is located in the mountains above the Zimbabwean town of Chimanimani.[1] They are famed for their beauty and relative remoteness; as such, the site has become a destination for photographers and ecotourists.
Knowledge: Mutarazi Falls is a waterfall in Mutasa District in Manicaland Province, Zimbabwe. it is located in the 2,495 hectare Mutarazi National Park adjacent to the southern border of the Nyanga National Park. At 772 meters (2,533 ft), it is the highest in Zimbabwe, second highest in Africa and 17th highest in the World.
Knowledge: Victoria Falls (Lozi: Mosi-oa-Tunya, ""The Smoke That Thunders""; Tonga: Shungu Namutitima, ""Boiling Water"") is a waterfall on the Zambezi River in southern Africa, which provides habitat for several unique species of plants and animals. It is located on the border between Zambia and Zimbabwe[1] and is considered to be one of the world's largest waterfalls due to its width of 1,708 m (5,604 ft).
Long Answer: Zimbabwe has a few different waterfalls. Bridal Veil Falls, also known as Bridalveil Falls, famed for their beauty and relative remoteness, is a waterfall in Chimanimani, located in the mountains above the Zimbabwean town of Chimanimani. Mutarazi Falls is a waterfall in Mutasa District in Manicaland Province, Zimbabwe, and it is located in the 2,495 hectare Mutarazi National Park. At 2,533 ft., it is the highest in Zimbabwe, second highest in Africa and 17th highest in the World. Considered to be the one of the worlds largest waterfalls due to its width of 5,604 ft. is Victoria Falls, ""The Smoke That Thunders""; a waterfall on the Zambezi River in southern Africa on the border between Zambia and Zimbabwe. ",0.3329878449440002,0.0042481303843912,0.625
E12650,650,11,simple,"['Bob May', 'Dick Tufeld', 'Brian Steele']",Who played the robot in lost in space?,"
The robot in Lost in Space was played by Bob May.","
Knowledge: In 1998, New Line Cinema produced a film adaptation. The 1998 film includes a number of homages to the original television series. These include cameos and story details from the original TV-series, including:

Dick Tufeld as the Robot's voice.
Knowledge: Brian Steele is an American actor who has had many roles as monsters and creatures on television and in films. In 2018, he appeared as The Robot in Lost in Space.
Knowledge: Bob May (September 4, 1939 – January 18, 2009)[2][3] was an American actor best remembered for playing The Robot on the television series Lost in Space, which debuted in 1965 and ran until 1968. May appeared in all 83 episodes inside a prop costume built by Bob Stewart; the robot's voice was dubbed by Dick Tufeld, who was also the narrator of the series.[4]
Long Answer: Bob May was an American actor best remembered for playing The Robot on the television series Lost in Space, which debuted in 1965 and ran until 1968. The robot's voice was dubbed by Dick Tufeld, who was also the narrator of the series. In 1998, New Line Cinema produced a film adaptation of Lost in Space in which included the voice of Dick Tufeld for the voice of the robot. In 2018 the television series was remade, using Brian Steele as the robot. 
Context: In 1998, Burns produced a television special about the series hosted by John Larroquette and Robot B-9 (performed by actor Bob May and voice actor Dick Tufeld). The special was hosted within a recreation of the ""Jupiter 2"" upper deck set. The program ends with Laroquette mockingly pressing a button on the Amulet from ""The Galaxy Gift"" episode, disappearing and being replaced by Mumy and Harris as an older Will Robinson and Zachary Smith. They attempt one more time to return to Earth but find that they are ""Lost in Space ... Forever!""",0.3474420309066772,0.0188503190227473,0.3333333333333333
E13650,650,100,complex,"['Bob May', 'Dick Tufeld', 'Brian Steele']",Who played the robot in lost in space?,"
The iconic character of the robot in the seminal television series ""Lost in Space"" was portrayed by the inimitable actor Bob May, whose tenure as the mechanical entity spanned the show's duration from 1965 to 1968. May's physical presence within a bespoke prop costume was augmented by the voice talents of the accomplished actor Dick Tufeld, who also served as the narrative voice of the series. In a delightful nod to the original production, Tufeld's voice was retained in the 1998 film adaptation of ""Lost in Space"" produced by New Line Cinema, further cementing his association with the beloved character.","
Knowledge: In 1998, New Line Cinema produced a film adaptation. The 1998 film includes a number of homages to the original television series. These include cameos and story details from the original TV-series, including:

Dick Tufeld as the Robot's voice.
Knowledge: Brian Steele is an American actor who has had many roles as monsters and creatures on television and in films. In 2018, he appeared as The Robot in Lost in Space.
Knowledge: Bob May (September 4, 1939 – January 18, 2009)[2][3] was an American actor best remembered for playing The Robot on the television series Lost in Space, which debuted in 1965 and ran until 1968. May appeared in all 83 episodes inside a prop costume built by Bob Stewart; the robot's voice was dubbed by Dick Tufeld, who was also the narrator of the series.[4]
Long Answer: Bob May was an American actor best remembered for playing The Robot on the television series Lost in Space, which debuted in 1965 and ran until 1968. The robot's voice was dubbed by Dick Tufeld, who was also the narrator of the series. In 1998, New Line Cinema produced a film adaptation of Lost in Space in which included the voice of Dick Tufeld for the voice of the robot. In 2018 the television series was remade, using Brian Steele as the robot. 
Context: In 1998, Burns produced a television special about the series hosted by John Larroquette and Robot B-9 (performed by actor Bob May and voice actor Dick Tufeld). The special was hosted within a recreation of the ""Jupiter 2"" upper deck set. The program ends with Laroquette mockingly pressing a button on the Amulet from ""The Galaxy Gift"" episode, disappearing and being replaced by Mumy and Harris as an older Will Robinson and Zachary Smith. They attempt one more time to return to Earth but find that they are ""Lost in Space ... Forever!""",0.2325804233551025,0.0021470850489829,0.6666666666666666
